date,channel,ad_spend,impressions,clicks
2025-04-01,検索広告,14848,79888,3372
2025-04-01,SNS広告,17118,77890,2149
2025-04-01,自然検索,0,2440,165
2025-04-01,紹介,0,2062,198
2025-04-02,検索広告,16469,109245,4754
2025-04-02,SNS広告,12511,65239,1868
2025-04-02,自然検索,0,2232,165
2025-04-02,紹介,0,1916,180
2025-04-03,検索広告,27063,122464,5297
2025-04-03,SNS広告,17486,93596,2669
2025-04-03,自然検索,0,2259,135
2025-04-03,紹介,0,2744,290
2025-04-04,検索広告,19073,87003,3778
2025-04-04,SNS広告,16106,82353,2381
2025-04-04,自然検索,0,2640,195
2025-04-04,紹介,0,1547,166
2025-04-05,検索広告,18299,118799,5106
2025-04-05,SNS広告,11527,63610,1757
2025-04-05,自然検索,0,1753,111
2025-04-05,紹介,0,2720,272
2025-04-06,検索広告,21669,103102,4518
2025-04-06,SNS広告,16684,118855,3309
2025-04-06,自然検索,0,1899,135
2025-04-06,紹介,0,2222,216
2025-04-07,検索広告,16329,97580,4286
2025-04-07,SNS広告,13421,69446,1985
2025-04-07,自然検索,0,2364,186
2025-04-07,紹介,0,2368,229
2025-04-08,検索広告,18325,98218,4346
2025-04-08,SNS広告,12808,58664,1706
2025-04-08,自然検索,0,2338,197
2025-04-08,紹介,0,2318,233
2025-04-09,検索広告,19780,147402,6441
2025-04-09,SNS広告,12507,87260,2460
2025-04-09,自然検索,0,1492,95
2025-04-09,紹介,0,1932,170
2025-04-10,検索広告,19186,138683,6052
2025-04-10,SNS広告,14615,102723,2840
2025-04-10,自然検索,0,1976,159
2025-04-10,紹介,0,2223,214
2025-04-11,検索広告,18390,100556,4414
2025-04-11,SNS広告,11874,69131,1923
2025-04-11,自然検索,0,1506,109
2025-04-11,紹介,0,2177,205
2025-04-12,検索広告,16006,104818,4653
2025-04-12,SNS広告,14653,76170,2209
2025-04-12,自然検索,0,2640,201
2025-04-12,紹介,0,2103,204
2025-04-13,検索広告,18861,129198,5765
2025-04-13,SNS広告,16428,81666,2335
2025-04-13,自然検索,0,2196,174
2025-04-13,紹介,0,2375,225
2025-04-14,検索広告,17810,124512,5468
2025-04-14,SNS広告,17412,122066,3532
2025-04-14,自然検索,0,2456,197
2025-04-14,紹介,0,2478,221
2025-04-15,検索広告,15551,101067,4410
2025-04-15,SNS広告,14685,94591,2681
2025-04-15,自然検索,0,2228,168
2025-04-15,紹介,0,2596,264
2025-04-16,検索広告,22427,158237,7171
2025-04-16,SNS広告,15667,113835,3247
2025-04-16,自然検索,0,2357,157
2025-04-16,紹介,0,2113,192
2025-04-17,検索広告,20876,130521,5833
2025-04-17,SNS広告,16199,80981,2311
2025-04-17,自然検索,0,2341,191
2025-04-17,紹介,0,2375,220
2025-04-18,検索広告,21240,129655,5720
2025-04-18,SNS広告,18041,83373,2440
2025-04-18,自然検索,0,1800,152
2025-04-18,紹介,0,2489,235
2025-04-19,検索広告,16834,107380,4811
2025-04-19,SNS広告,12032,55871,1609
2025-04-19,自然検索,0,2100,173
2025-04-19,紹介,0,1817,183
2025-04-20,検索広告,20221,100368,4363
2025-04-20,SNS広告,14548,69725,1997
2025-04-20,自然検索,0,2174,150
2025-04-20,紹介,0,2568,254
2025-04-21,検索広告,15898,118701,5240
2025-04-21,SNS広告,13533,100593,2849
2025-04-21,自然検索,0,2167,187
2025-04-21,紹介,0,2747,285
2025-04-22,検索広告,23718,122530,5418
2025-04-22,SNS広告,10774,70015,2023
2025-04-22,自然検索,0,2509,226
2025-04-22,紹介,0,1706,171
2025-04-23,検索広告,18750,119411,5370
2025-04-23,SNS広告,13070,83739,2441
2025-04-23,自然検索,0,1625,140
2025-04-23,紹介,0,1955,206
2025-04-24,検索広告,23389,117933,5231
2025-04-24,SNS広告,14466,69353,2001
2025-04-24,自然検索,0,2045,171
2025-04-24,紹介,0,2633,280
2025-04-25,検索広告,17837,108961,4961
2025-04-25,SNS広告,13411,81928,2342
2025-04-25,自然検索,0,2387,190
2025-04-25,紹介,0,2132,231
2025-04-26,検索広告,18904,122059,5479
2025-04-26,SNS広告,14674,105640,3256
2025-04-26,自然検索,0,2412,183
2025-04-26,紹介,0,2287,228
2025-04-27,検索広告,18286,105670,4917
2025-04-27,SNS広告,18119,134333,3836
2025-04-27,自然検索,0,2317,181
2025-04-27,紹介,0,2729,246
2025-04-28,検索広告,24433,170661,7658
2025-04-28,SNS広告,15459,110779,3265
2025-04-28,自然検索,0,2089,173
2025-04-28,紹介,0,2296,209
2025-04-29,検索広告,17820,96675,4335
2025-04-29,SNS広告,14366,97170,2832
2025-04-29,自然検索,0,2064,160
2025-04-29,紹介,0,2613,225
2025-04-30,検索広告,15451,113938,5114
2025-04-30,SNS広告,17105,89959,2631
2025-04-30,自然検索,0,2360,172
2025-04-30,紹介,0,2654,257
2025-05-01,検索広告,15091,102513,4622
2025-05-01,SNS広告,18266,91508,2732
2025-05-01,自然検索,0,2288,178
2025-05-01,紹介,0,1857,200
2025-05-02,検索広告,14214,72964,3401
2025-05-02,SNS広告,16840,81239,2400
2025-05-02,自然検索,0,1787,138
2025-05-02,紹介,0,2519,259
2025-05-03,検索広告,21729,158272,7305
2025-05-03,SNS広告,18884,130920,3854
2025-05-03,自然検索,0,2699,214
2025-05-03,紹介,0,2375,229
2025-05-04,検索広告,14218,74427,3463
2025-05-04,SNS広告,13561,86512,2604
2025-05-04,自然検索,0,2196,182
2025-05-04,紹介,0,2207,228
2025-05-05,検索広告,14957,95590,4325
2025-05-05,SNS広告,12714,62273,1822
2025-05-05,自然検索,0,2016,138
2025-05-05,紹介,0,1735,194
2025-05-06,検索広告,14301,69548,3099
2025-05-06,SNS広告,14161,97244,2946
2025-05-06,自然検索,0,2812,224
2025-05-06,紹介,0,2218,253
2025-05-07,検索広告,22183,128687,5987
2025-05-07,SNS広告,17326,129363,3933
2025-05-07,自然検索,0,2486,193
2025-05-07,紹介,0,2198,216
2025-05-08,検索広告,13964,68713,3237
2025-05-08,SNS広告,17620,97510,2966
2025-05-08,自然検索,0,2258,174
2025-05-08,紹介,0,2257,251
2025-05-09,検索広告,17999,115569,5340
2025-05-09,SNS広告,12268,77776,2233
2025-05-09,自然検索,0,2086,169
2025-05-09,紹介,0,2097,231
2025-05-10,検索広告,16477,108872,5213
2025-05-10,SNS広告,16651,111550,3353
2025-05-10,自然検索,0,1921,166
2025-05-10,紹介,0,1965,221
2025-05-11,検索広告,16867,82031,3809
2025-05-11,SNS広告,14190,76207,2272
2025-05-11,自然検索,0,2164,190
2025-05-11,紹介,0,2236,194
2025-05-12,検索広告,15792,81450,3927
2025-05-12,SNS広告,10037,60878,1887
2025-05-12,自然検索,0,1969,184
2025-05-12,紹介,0,1976,203
2025-05-13,検索広告,19862,135094,6297
2025-05-13,SNS広告,14219,78418,2373
2025-05-13,自然検索,0,2425,202
2025-05-13,紹介,0,2269,234
2025-05-14,検索広告,18948,119217,5535
2025-05-14,SNS広告,14742,81867,2486
2025-05-14,自然検索,0,2624,200
2025-05-14,紹介,0,2411,241
2025-05-15,検索広告,20877,112652,5377
2025-05-15,SNS広告,12014,80320,2434
2025-05-15,自然検索,0,2400,198
2025-05-15,紹介,0,2176,233
2025-05-16,検索広告,16217,105072,5014
2025-05-16,SNS広告,14591,79797,2446
2025-05-16,自然検索,0,1881,169
2025-05-16,紹介,0,1536,146
2025-05-17,検索広告,20219,111206,5143
2025-05-17,SNS広告,12579,93031,2864
2025-05-17,自然検索,0,2591,222
2025-05-17,紹介,0,2534,264
2025-05-18,検索広告,22919,125605,5979
2025-05-18,SNS広告,15502,107331,3307
2025-05-18,自然検索,0,2309,180
2025-05-18,紹介,0,2509,256
2025-05-19,検索広告,17477,126548,5999
2025-05-19,SNS広告,15157,71112,2147
2025-05-19,自然検索,0,1278,98
2025-05-19,紹介,0,2092,205
2025-05-20,検索広告,19659,130363,6180
2025-05-20,SNS広告,13527,89002,2772
2025-05-20,自然検索,0,2139,173
2025-05-20,紹介,0,2052,213
2025-05-21,検索広告,18061,128781,6170
2025-05-21,SNS広告,12718,83831,2611
2025-05-21,自然検索,0,2070,167
2025-05-21,紹介,0,2535,267
2025-05-22,検索広告,18773,87816,4210
2025-05-22,SNS広告,13645,66222,2081
2025-05-22,自然検索,0,1786,151
2025-05-22,紹介,0,2522,278
2025-05-23,検索広告,19500,102100,4927
2025-05-23,SNS広告,13557,87824,2722
2025-05-23,自然検索,0,1725,130
2025-05-23,紹介,0,1643,181
2025-05-24,検索広告,16830,87481,4163
2025-05-24,SNS広告,14301,102120,3130
2025-05-24,自然検索,0,2128,178
2025-05-24,紹介,0,2180,256
2025-05-25,検索広告,12400,67502,3282
2025-05-25,SNS広告,12892,76101,2309
2025-05-25,自然検索,0,2449,200
2025-05-25,紹介,0,2649,281
2025-05-26,検索広告,15270,114516,5413
2025-05-26,SNS広告,14447,102375,3260
2025-05-26,自然検索,0,2315,183
2025-05-26,紹介,0,2573,290
2025-05-27,検索広告,22496,102253,4867
2025-05-27,SNS広告,15660,70843,2253
2025-05-27,自然検索,0,2363,178
2025-05-27,紹介,0,2424,259
2025-05-28,検索広告,21842,104984,5015
2025-05-28,SNS広告,11783,53853,1732
2025-05-28,自然検索,0,2318,203
2025-05-28,紹介,0,1774,198
2025-05-29,検索広告,22048,151188,7254
2025-05-29,SNS広告,15972,99708,3092
2025-05-29,自然検索,0,1608,105
2025-05-29,紹介,0,2389,233
2025-05-30,検索広告,20007,125936,6157
2025-05-30,SNS広告,15349,98606,3151
2025-05-30,自然検索,0,2653,223
2025-05-30,紹介,0,1885,199
2025-05-31,検索広告,17845,103302,5045
2025-05-31,SNS広告,13352,69963,2103
2025-05-31,自然検索,0,2829,265
2025-05-31,紹介,0,2350,225
2025-06-01,検索広告,21235,102616,4994
2025-06-01,SNS広告,14455,73350,2334
2025-06-01,自然検索,0,2684,250
2025-06-01,紹介,0,3049,301
2025-06-02,検索広告,16112,91111,4342
2025-06-02,SNS広告,17495,129139,4237
2025-06-02,自然検索,0,2171,189
2025-06-02,紹介,0,2440,241
2025-06-03,検索広告,20788,134410,6507
2025-06-03,SNS広告,17668,122203,3894
2025-06-03,自然検索,0,1994,174
2025-06-03,紹介,0,2905,327
2025-06-04,検索広告,18918,88525,4253
2025-06-04,SNS広告,17663,93652,2905
2025-06-04,自然検索,0,2320,184
2025-06-04,紹介,0,2286,253
2025-06-05,検索広告,20527,109785,5119
2025-06-05,SNS広告,14117,89143,2838
2025-06-05,自然検索,0,2142,199
2025-06-05,紹介,0,2346,239
2025-06-06,検索広告,19341,116285,5813
2025-06-06,SNS広告,19010,99173,3259
2025-06-06,自然検索,0,2269,190
2025-06-06,紹介,0,1955,187
2025-06-07,検索広告,15377,82641,4061
2025-06-07,SNS広告,19775,120091,3803
2025-06-07,自然検索,0,1776,144
2025-06-07,紹介,0,2668,301
2025-06-08,検索広告,17875,118160,5774
2025-06-08,SNS広告,15036,95029,3052
2025-06-08,自然検索,0,2073,156
2025-06-08,紹介,0,2156,230
2025-06-09,検索広告,15988,80767,3985
2025-06-09,SNS広告,9067,51268,1695
2025-06-09,自然検索,0,1812,141
2025-06-09,紹介,0,2115,231
2025-06-10,検索広告,18119,131758,6498
2025-06-10,SNS広告,13106,82978,2627
2025-06-10,自然検索,0,2144,182
2025-06-10,紹介,0,2159,257
2025-06-11,検索広告,16887,123131,6020
2025-06-11,SNS広告,19641,97023,3091
2025-06-11,自然検索,0,2425,239
2025-06-11,紹介,0,2745,325
2025-06-12,検索広告,17632,102828,5036
2025-06-12,SNS広告,17451,96013,3058
2025-06-12,自然検索,0,2120,175
2025-06-12,紹介,0,2056,229
2025-06-13,検索広告,11339,65771,3278
2025-06-13,SNS広告,12356,60590,1938
2025-06-13,自然検索,0,2011,158
2025-06-13,紹介,0,2319,244
2025-06-14,検索広告,25042,162650,8110
2025-06-14,SNS広告,17546,123348,3945
2025-06-14,自然検索,0,2264,202
2025-06-14,紹介,0,2296,246
2025-06-15,検索広告,18894,130013,6490
2025-06-15,SNS広告,15845,86300,2822
2025-06-15,自然検索,0,2545,220
2025-06-15,紹介,0,2251,249
2025-06-16,検索広告,17194,94155,4643
2025-06-16,SNS広告,15199,93632,3215
2025-06-16,自然検索,0,2123,190
2025-06-16,紹介,0,2230,244
2025-06-17,検索広告,21365,107866,5323
2025-06-17,SNS広告,18414,93719,3032
2025-06-17,自然検索,0,2407,212
2025-06-17,紹介,0,2604,317
2025-06-18,検索広告,16490,80398,3993
2025-06-18,SNS広告,19253,89279,2910
2025-06-18,自然検索,0,2667,246
2025-06-18,紹介,0,1577,174
2025-06-19,検索広告,25205,114032,5562
2025-06-19,SNS広告,12372,92302,2821
2025-06-19,自然検索,0,2378,209
2025-06-19,紹介,0,1689,173
2025-06-20,検索広告,23956,168813,8303
2025-06-20,SNS広告,15265,88187,2821
2025-06-20,自然検索,0,2213,173
2025-06-20,紹介,0,2039,248
2025-06-21,検索広告,17246,86592,4350
2025-06-21,SNS広告,13205,67236,2186
2025-06-21,自然検索,0,1892,168
2025-06-21,紹介,0,1967,231
2025-06-22,検索広告,14137,66275,3306
2025-06-22,SNS広告,16531,92941,3007
2025-06-22,自然検索,0,2128,197
2025-06-22,紹介,0,1851,212
2025-06-23,検索広告,15132,106409,5378
2025-06-23,SNS広告,18981,92439,3046
2025-06-23,自然検索,0,2230,194
2025-06-23,紹介,0,2335,280
2025-06-24,検索広告,16761,112476,5614
2025-06-24,SNS広告,14229,81752,2664
2025-06-24,自然検索,0,2150,175
2025-06-24,紹介,0,2443,264
2025-06-25,検索広告,19485,92326,4550
2025-06-25,SNS広告,16766,92005,2926
2025-06-25,自然検索,0,2258,185
2025-06-25,紹介,0,2068,253
2025-06-26,検索広告,15780,108835,5501
2025-06-26,SNS広告,16847,122250,4114
2025-06-26,自然検索,0,2303,183
2025-06-26,紹介,0,2132,252
2025-06-27,検索広告,19515,89749,4529
2025-06-27,SNS広告,14463,102705,3349
2025-06-27,自然検索,0,2704,248
2025-06-27,紹介,0,2123,228
2025-06-28,検索広告,18532,116004,5782
2025-06-28,SNS広告,12518,93857,3188
2025-06-28,自然検索,0,2006,167
2025-06-28,紹介,0,1997,235
2025-06-29,検索広告,20372,107020,5492
2025-06-29,SNS広告,14113,88752,2922
2025-06-29,自然検索,0,1936,202
2025-06-29,紹介,0,2041,225
2025-06-30,検索広告,16878,123224,6232
2025-06-30,SNS広告,13322,89487,3032
2025-06-30,自然検索,0,2323,174
2025-06-30,紹介,0,1881,210
2025-07-01,検索広告,17370,114487,5752
2025-07-01,SNS広告,16090,107433,3532
2025-07-01,自然検索,0,2106,177
2025-07-01,紹介,0,2430,273
2025-07-02,検索広告,18051,97980,5019
2025-07-02,SNS広告,12930,63444,2057
2025-07-02,自然検索,0,1963,157
2025-07-02,紹介,0,2732,326
2025-07-03,検索広告,19892,110366,5749
2025-07-03,SNS広告,11864,88625,2961
2025-07-03,自然検索,0,2147,194
2025-07-03,紹介,0,2147,273
2025-07-04,検索広告,16026,117023,6106
2025-07-04,SNS広告,11524,58051,1977
2025-07-04,自然検索,0,2312,207
2025-07-04,紹介,0,2143,256
2025-07-05,検索広告,14165,87658,4462
2025-07-05,SNS広告,13599,99075,3353
2025-07-05,自然検索,0,2309,196
2025-07-05,紹介,0,1898,220
2025-07-06,検索広告,16424,97477,4937
2025-07-06,SNS広告,18197,119713,3997
2025-07-06,自然検索,0,2338,222
2025-07-06,紹介,0,2087,211
2025-07-07,検索広告,23250,151644,7806
2025-07-07,SNS広告,11576,85627,2815
2025-07-07,自然検索,0,1807,181
2025-07-07,紹介,0,2175,269
2025-07-08,検索広告,16562,82647,4174
2025-07-08,SNS広告,18058,124799,4119
2025-07-08,自然検索,0,2204,194
2025-07-08,紹介,0,2217,254
2025-07-09,検索広告,21618,109827,5605
2025-07-09,SNS広告,14823,78787,2657
2025-07-09,自然検索,0,2186,186
2025-07-09,紹介,0,2293,283
2025-07-10,検索広告,21181,145889,7672
2025-07-10,SNS広告,14542,107945,3608
2025-07-10,自然検索,0,2372,199
2025-07-10,紹介,0,2182,258
2025-07-11,検索広告,19277,117990,6043
2025-07-11,SNS広告,16894,84828,2813
2025-07-11,自然検索,0,2343,231
2025-07-11,紹介,0,2370,272
2025-07-12,検索広告,20349,112677,5714
2025-07-12,SNS広告,14538,72157,2402
2025-07-12,自然検索,0,2348,195
2025-07-12,紹介,0,1883,214
2025-07-13,検索広告,16945,118379,6132
2025-07-13,SNS広告,17732,81818,2810
2025-07-13,自然検索,0,2333,216
2025-07-13,紹介,0,2640,288
2025-07-14,検索広告,21271,101174,5134
2025-07-14,SNS広告,15713,78496,2709
2025-07-14,自然検索,0,1967,194
2025-07-14,紹介,0,2439,281
2025-07-15,検索広告,14107,87311,4578
2025-07-15,SNS広告,17352,122947,4085
2025-07-15,自然検索,0,2106,189
2025-07-15,紹介,0,1884,229
2025-07-16,検索広告,14717,104196,5255
2025-07-16,SNS広告,15159,76112,2582
2025-07-16,自然検索,0,2608,248
2025-07-16,紹介,0,2424,259
2025-07-17,検索広告,17580,84702,4482
2025-07-17,SNS広告,8637,48832,1638
2025-07-17,自然検索,0,2226,210
2025-07-17,紹介,0,2275,269
2025-07-18,検索広告,17180,115759,6014
2025-07-18,SNS広告,12842,92212,3225
2025-07-18,自然検索,0,1639,143
2025-07-18,紹介,0,2320,273
2025-07-19,検索広告,17009,104447,5439
2025-07-19,SNS広告,15477,113288,3777
2025-07-19,自然検索,0,2370,224
2025-07-19,紹介,0,2084,235
2025-07-20,検索広告,20533,125044,6510
2025-07-20,SNS広告,17832,118315,3967
2025-07-20,自然検索,0,2524,246
2025-07-20,紹介,0,2452,299
2025-07-21,検索広告,23454,163013,8603
2025-07-21,SNS広告,15525,108245,3606
2025-07-21,自然検索,0,1940,179
2025-07-21,紹介,0,2023,219
2025-07-22,検索広告,16515,119477,6199
2025-07-22,SNS広告,14876,85545,2945
2025-07-22,自然検索,0,2410,221
2025-07-22,紹介,0,1785,200
2025-07-23,検索広告,18455,108559,5812
2025-07-23,SNS広告,16318,73893,2471
2025-07-23,自然検索,0,1619,151
2025-07-23,紹介,0,2232,243
2025-07-24,検索広告,21583,114990,6035
2025-07-24,SNS広告,12408,76175,2612
2025-07-24,自然検索,0,2160,187
2025-07-24,紹介,0,2169,226
2025-07-25,検索広告,20585,144267,7510
2025-07-25,SNS広告,12098,76010,2564
2025-07-25,自然検索,0,2210,221
2025-07-25,紹介,0,2455,289
2025-07-26,検索広告,15629,77873,4083
2025-07-26,SNS広告,16569,100043,3472
2025-07-26,自然検索,0,2085,198
2025-07-26,紹介,0,2027,242
2025-07-27,検索広告,19800,145380,7779
2025-07-27,SNS広告,15291,98968,3370
2025-07-27,自然検索,0,2047,183
2025-07-27,紹介,0,1876,227
2025-07-28,検索広告,18561,119948,6253
2025-07-28,SNS広告,14369,98060,3459
2025-07-28,自然検索,0,1915,195
2025-07-28,紹介,0,2561,298
2025-07-29,検索広告,19498,142031,7754
2025-07-29,SNS広告,18963,122061,4137
2025-07-29,自然検索,0,2006,185
2025-07-29,紹介,0,1986,234
2025-07-30,検索広告,13444,62662,3445
2025-07-30,SNS広告,16171,98197,3390
2025-07-30,自然検索,0,1970,178
2025-07-30,紹介,0,2031,241
2025-07-31,検索広告,15719,112273,6024
2025-07-31,SNS広告,13369,70750,2520
2025-07-31,自然検索,0,2308,206
2025-07-31,紹介,0,2174,249
2025-08-01,検索広告,22351,121827,6617
2025-08-01,SNS広告,14178,82617,2911
2025-08-01,自然検索,0,2022,194
2025-08-01,紹介,0,2240,258
2025-08-02,検索広告,23680,159868,8667
2025-08-02,SNS広告,13141,84696,2974
2025-08-02,自然検索,0,2316,201
2025-08-02,紹介,0,1701,206
2025-08-03,検索広告,16072,94266,5171
2025-08-03,SNS広告,15413,72742,2616
2025-08-03,自然検索,0,1132,107
2025-08-03,紹介,0,2294,276
2025-08-04,検索広告,15634,72195,3833
2025-08-04,SNS広告,12543,63907,2172
2025-08-04,自然検索,0,2003,187
2025-08-04,紹介,0,2212,282
2025-08-05,検索広告,16518,82732,4483
2025-08-05,SNS広告,14196,84623,2853
2025-08-05,自然検索,0,3081,297
2025-08-05,紹介,0,2268,281
2025-08-06,検索広告,22092,113401,6158
2025-08-06,SNS広告,19337,87892,3110
2025-08-06,自然検索,0,2174,210
2025-08-06,紹介,0,2240,269
2025-08-07,検索広告,20128,131663,7187
2025-08-07,SNS広告,13809,71913,2565
2025-08-07,自然検索,0,1855,168
2025-08-07,紹介,0,1808,228
2025-08-08,検索広告,21856,115695,6136
2025-08-08,SNS広告,14774,84712,3015
2025-08-08,自然検索,0,2456,246
2025-08-08,紹介,0,2648,286
2025-08-09,検索広告,21104,130440,7135
2025-08-09,SNS広告,16032,100563,3467
2025-08-09,自然検索,0,2050,205
2025-08-09,紹介,0,2465,316
2025-08-10,検索広告,17629,85993,4571
2025-08-10,SNS広告,16235,110488,3980
2025-08-10,自然検索,0,1901,188
2025-08-10,紹介,0,2184,265
2025-08-11,検索広告,19901,124449,6993
2025-08-11,SNS広告,13297,63296,2346
2025-08-11,自然検索,0,1889,172
2025-08-11,紹介,0,2280,260
2025-08-12,検索広告,24014,164927,8949
2025-08-12,SNS広告,17693,112438,3966
2025-08-12,自然検索,0,2351,238
2025-08-12,紹介,0,2293,272
2025-08-13,検索広告,17489,122699,6688
2025-08-13,SNS広告,20061,138520,4951
2025-08-13,自然検索,0,2683,290
2025-08-13,紹介,0,2152,263
2025-08-14,検索広告,20918,114601,6282
2025-08-14,SNS広告,16835,87129,3076
2025-08-14,自然検索,0,2343,226
2025-08-14,紹介,0,1968,244
2025-08-15,検索広告,14404,78219,4373
2025-08-15,SNS広告,16934,122199,4310
2025-08-15,自然検索,0,2237,204
2025-08-15,紹介,0,2671,321
2025-08-16,検索広告,22534,146973,8172
2025-08-16,SNS広告,19318,138607,4841
2025-08-16,自然検索,0,1843,175
2025-08-16,紹介,0,2436,275
2025-08-17,検索広告,18847,121684,6786
2025-08-17,SNS広告,16884,85125,3085
2025-08-17,自然検索,0,2506,241
2025-08-17,紹介,0,2361,266
2025-08-18,検索広告,19966,126621,6874
2025-08-18,SNS広告,14293,86951,3068
2025-08-18,自然検索,0,2417,224
2025-08-18,紹介,0,2234,239
2025-08-19,検索広告,19387,114105,6351
2025-08-19,SNS広告,14338,96511,3339
2025-08-19,自然検索,0,2167,178
2025-08-19,紹介,0,2314,258
2025-08-20,検索広告,18228,87279,4722
2025-08-20,SNS広告,14345,100983,3681
2025-08-20,自然検索,0,2091,182
2025-08-20,紹介,0,2008,256
2025-08-21,検索広告,19948,147149,8056
2025-08-21,SNS広告,15476,83294,2951
2025-08-21,自然検索,0,1483,139
2025-08-21,紹介,0,1792,247
2025-08-22,検索広告,15432,110024,5972
2025-08-22,SNS広告,17671,100497,3529
2025-08-22,自然検索,0,2293,221
2025-08-22,紹介,0,1958,248
2025-08-23,検索広告,16865,108581,6022
2025-08-23,SNS広告,18562,106026,3787
2025-08-23,自然検索,0,2083,203
2025-08-23,紹介,0,1709,193
2025-08-24,検索広告,21613,104869,5857
2025-08-24,SNS広告,13653,63350,2254
2025-08-24,自然検索,0,2060,195
2025-08-24,紹介,0,2101,244
2025-08-25,検索広告,20597,109089,6057
2025-08-25,SNS広告,15479,99169,3531
2025-08-25,自然検索,0,2210,170
2025-08-25,紹介,0,2404,318
2025-08-26,検索広告,17873,129959,7153
2025-08-26,SNS広告,15146,103628,3747
2025-08-26,自然検索,0,2093,211
2025-08-26,紹介,0,2614,353
2025-08-27,検索広告,18471,100174,5547
2025-08-27,SNS広告,12951,70303,2462
2025-08-27,自然検索,0,2426,222
2025-08-27,紹介,0,1933,248
2025-08-28,検索広告,22236,138723,7586
2025-08-28,SNS広告,15637,100703,3672
2025-08-28,自然検索,0,2657,255
2025-08-28,紹介,0,2307,270
2025-08-29,検索広告,21019,134326,7476
2025-08-29,SNS広告,15674,84895,3059
2025-08-29,自然検索,0,2222,216
2025-08-29,紹介,0,2627,330
2025-08-30,検索広告,26607,158195,8836
2025-08-30,SNS広告,12270,87893,3262
2025-08-30,自然検索,0,2651,238
2025-08-30,紹介,0,1847,209
2025-08-31,検索広告,20878,103777,5794
2025-08-31,SNS広告,7853,46909,1749
2025-08-31,自然検索,0,2296,252
2025-08-31,紹介,0,1887,237
2025-09-01,検索広告,20723,150617,8357
2025-09-01,SNS広告,17350,91055,3456
2025-09-01,自然検索,0,2093,230
2025-09-01,紹介,0,2343,278
2025-09-02,検索広告,19440,128025,7198
2025-09-02,SNS広告,12573,88430,3266
2025-09-02,自然検索,0,2354,225
2025-09-02,紹介,0,2272,261
2025-09-03,検索広告,15311,85662,4760
2025-09-03,SNS広告,13491,75651,2739
2025-09-03,自然検索,0,2144,228
2025-09-03,紹介,0,2301,286
2025-09-04,検索広告,19187,92397,5323
2025-09-04,SNS広告,20063,90805,3258
2025-09-04,自然検索,0,2246,202
2025-09-04,紹介,0,2248,266
2025-09-05,検索広告,19773,143250,8035
2025-09-05,SNS広告,11787,53901,1975
2025-09-05,自然検索,0,2410,242
2025-09-05,紹介,0,2500,321
2025-09-06,検索広告,14869,75803,4422
2025-09-06,SNS広告,16459,74664,2723
2025-09-06,自然検索,0,2230,220
2025-09-06,紹介,0,2356,304
2025-09-07,検索広告,22926,140303,7880
2025-09-07,SNS広告,16569,75146,2752
2025-09-07,自然検索,0,2330,238
2025-09-07,紹介,0,2020,267
2025-09-08,検索広告,18376,122514,6976
2025-09-08,SNS広告,14850,71632,2641
2025-09-08,自然検索,0,2170,206
2025-09-08,紹介,0,2264,271
2025-09-09,検索広告,18847,104300,5819
2025-09-09,SNS広告,19900,127208,4704
2025-09-09,自然検索,0,2427,203
2025-09-09,紹介,0,2012,273
2025-09-10,検索広告,17548,93693,5310
2025-09-10,SNS広告,15736,86626,3170
2025-09-10,自然検索,0,2437,242
2025-09-10,紹介,0,2798,358
2025-09-11,検索広告,21332,104418,5957
2025-09-11,SNS広告,14873,76037,2872
2025-09-11,自然検索,0,2054,197
2025-09-11,紹介,0,2320,297
2025-09-12,検索広告,20758,126936,7270
2025-09-12,SNS広告,18437,132130,4813
2025-09-12,自然検索,0,2889,267
2025-09-12,紹介,0,2676,338
2025-09-13,検索広告,21231,128698,7333
2025-09-13,SNS広告,16483,97432,3517
2025-09-13,自然検索,0,1885,187
2025-09-13,紹介,0,1604,216
2025-09-14,検索広告,21064,131716,7599
2025-09-14,SNS広告,12904,69950,2684
2025-09-14,自然検索,0,2451,242
2025-09-14,紹介,0,2029,269
2025-09-15,検索広告,22753,145961,8252
2025-09-15,SNS広告,13306,97568,3592
2025-09-15,自然検索,0,1467,139
2025-09-15,紹介,0,2004,256
2025-09-16,検索広告,18844,104649,5905
2025-09-16,SNS広告,18784,134345,5066
2025-09-16,自然検索,0,2086,197
2025-09-16,紹介,0,2065,265
2025-09-17,検索広告,18669,133134,7593
2025-09-17,SNS広告,15551,76510,2877
2025-09-17,自然検索,0,2198,201
2025-09-17,紹介,0,2545,299
2025-09-18,検索広告,20942,131964,7622
2025-09-18,SNS広告,14749,83584,3190
2025-09-18,自然検索,0,2317,230
2025-09-18,紹介,0,2015,256
2025-09-19,検索広告,13686,64160,3711
2025-09-19,SNS広告,13397,74399,2788
2025-09-19,自然検索,0,2238,231
2025-09-19,紹介,0,1784,216
2025-09-20,検索広告,16042,79315,4605
2025-09-20,SNS広告,18789,99530,3728
2025-09-20,自然検索,0,2049,181
2025-09-20,紹介,0,2392,285
2025-09-21,検索広告,23347,126424,7220
2025-09-21,SNS広告,14150,99866,3770
2025-09-21,自然検索,0,1984,206
2025-09-21,紹介,0,2357,304
2025-09-22,検索広告,19039,129017,7540
2025-09-22,SNS広告,15265,72675,2731
2025-09-22,自然検索,0,2448,243
2025-09-22,紹介,0,1892,259
2025-09-23,検索広告,20371,127486,7340
2025-09-23,SNS広告,15442,85607,3294
2025-09-23,自然検索,0,2054,210
2025-09-23,紹介,0,2309,292
2025-09-24,検索広告,15993,76789,4488
2025-09-24,SNS広告,18100,96135,3676
2025-09-24,自然検索,0,2726,275
2025-09-24,紹介,0,2445,314
2025-09-25,検索広告,17425,84116,4947
2025-09-25,SNS広告,16771,120348,4490
2025-09-25,自然検索,0,2100,232
2025-09-25,紹介,0,2072,299
2025-09-26,検索広告,17065,118949,6856
2025-09-26,SNS広告,16964,126513,4832
2025-09-26,自然検索,0,2461,257
2025-09-26,紹介,0,2587,328
2025-09-27,検索広告,18992,141931,8168
2025-09-27,SNS広告,14513,80046,3138
2025-09-27,自然検索,0,2458,241
2025-09-27,紹介,0,2073,267
2025-09-28,検索広告,17767,123657,7304
2025-09-28,SNS広告,16068,101525,3907
2025-09-28,自然検索,0,3029,279
2025-09-28,紹介,0,2403,320
2025-09-29,検索広告,25670,154819,9001
2025-09-29,SNS広告,17451,86189,3257
2025-09-29,自然検索,0,2239,255
2025-09-29,紹介,0,1920,229
2025-09-30,検索広告,16566,115307,6815
2025-09-30,SNS広告,12462,74551,2830
2025-09-30,自然検索,0,2254,221
2025-09-30,紹介,0,2315,286
2025-10-01,検索広告,22431,102796,6038
2025-10-01,SNS広告,17582,117548,4569
2025-10-01,自然検索,0,1841,186
2025-10-01,紹介,0,2465,314
2025-10-02,検索広告,17325,128603,7502
2025-10-02,SNS広告,13831,96615,3629
2025-10-02,自然検索,0,2088,226
2025-10-02,紹介,0,1869,220
2025-10-03,検索広告,23819,163031,9653
2025-10-03,SNS広告,16222,100976,3815
2025-10-03,自然検索,0,2058,236
2025-10-03,紹介,0,2054,301
2025-10-04,検索広告,17961,85870,4910
2025-10-04,SNS広告,13548,100319,3879
2025-10-04,自然検索,0,2420,245
2025-10-04,紹介,0,1955,272
2025-10-05,検索広告,17904,85481,5088
2025-10-05,SNS広告,14677,91949,3573
2025-10-05,自然検索,0,2110,203
2025-10-05,紹介,0,2579,344
2025-10-06,検索広告,19917,131019,7733
2025-10-06,SNS広告,14822,88824,3486
2025-10-06,自然検索,0,2599,262
2025-10-06,紹介,0,2106,295
2025-10-07,検索広告,21427,108050,6362
2025-10-07,SNS広告,15220,90081,3526
2025-10-07,自然検索,0,2382,232
2025-10-07,紹介,0,2371,313
2025-10-08,検索広告,23826,149074,8827
2025-10-08,SNS広告,15060,107338,4153
2025-10-08,自然検索,0,1855,177
2025-10-08,紹介,0,2024,268
2025-10-09,検索広告,20625,104452,6101
2025-10-09,SNS広告,17786,122666,4637
2025-10-09,自然検索,0,2107,206
2025-10-09,紹介,0,2666,346
2025-10-10,検索広告,19108,97352,5787
2025-10-10,SNS広告,13679,62005,2422
2025-10-10,自然検索,0,2321,224
2025-10-10,紹介,0,2731,383
2025-10-11,検索広告,16058,85948,5102
2025-10-11,SNS広告,11132,76819,3042
2025-10-11,自然検索,0,2392,258
2025-10-11,紹介,0,1962,253
2025-10-12,検索広告,23529,156536,9411
2025-10-12,SNS広告,11480,85756,3351
2025-10-12,自然検索,0,2309,244
2025-10-12,紹介,0,2265,298
2025-10-13,検索広告,24882,132676,7853
2025-10-13,SNS広告,15570,84707,3263
2025-10-13,自然検索,0,2284,210
2025-10-13,紹介,0,2243,312
2025-10-14,検索広告,22856,137278,8261
2025-10-14,SNS広告,16045,80203,3081
2025-10-14,自然検索,0,2482,267
2025-10-14,紹介,0,1660,228
2025-10-15,検索広告,15961,87229,5257
2025-10-15,SNS広告,12971,63794,2540
2025-10-15,自然検索,0,2300,257
2025-10-15,紹介,0,2315,300
2025-10-16,検索広告,16302,111151,6787
2025-10-16,SNS広告,12956,85331,3285
2025-10-16,自然検索,0,1974,194
2025-10-16,紹介,0,1775,240
2025-10-17,検索広告,19113,139867,8342
2025-10-17,SNS広告,15742,102394,4001
2025-10-17,自然検索,0,2490,272
2025-10-17,紹介,0,2641,377
2025-10-18,検索広告,22880,108026,6447
2025-10-18,SNS広告,17015,104062,4094
2025-10-18,自然検索,0,1670,168
2025-10-18,紹介,0,1952,276
2025-10-19,検索広告,21383,96302,5725
2025-10-19,SNS広告,15927,81488,3195
2025-10-19,自然検索,0,2484,272
2025-10-19,紹介,0,2017,260
2025-10-20,検索広告,18861,93559,5706
2025-10-20,SNS広告,16766,105069,4161
2025-10-20,自然検索,0,1959,194
2025-10-20,紹介,0,1787,239
2025-10-21,検索広告,23400,107308,6487
2025-10-21,SNS広告,10111,72508,2808
2025-10-21,自然検索,0,2311,240
2025-10-21,紹介,0,2070,272
2025-10-22,検索広告,18434,96375,5782
2025-10-22,SNS広告,14309,96492,3759
2025-10-22,自然検索,0,2051,217
2025-10-22,紹介,0,2430,346
2025-10-23,検索広告,18815,97435,5968
2025-10-23,SNS広告,15340,73442,2929
2025-10-23,自然検索,0,1936,186
2025-10-23,紹介,0,2082,282
2025-10-24,検索広告,21180,115909,7028
2025-10-24,SNS広告,16908,100715,3930
2025-10-24,自然検索,0,1889,195
2025-10-24,紹介,0,2112,298
2025-10-25,検索広告,22819,141981,8569
2025-10-25,SNS広告,21062,110935,4325
2025-10-25,自然検索,0,2037,233
2025-10-25,紹介,0,2211,289
2025-10-26,検索広告,23215,158228,9501
2025-10-26,SNS広告,12655,91745,3714
2025-10-26,自然検索,0,2718,277
2025-10-26,紹介,0,2045,259
2025-10-27,検索広告,19255,111895,6687
2025-10-27,SNS広告,17877,83874,3359
2025-10-27,自然検索,0,1810,183
2025-10-27,紹介,0,1989,265
2025-10-28,検索広告,18427,116181,7129
2025-10-28,SNS広告,17900,96442,3875
2025-10-28,自然検索,0,1929,193
2025-10-28,紹介,0,2611,369
2025-10-29,検索広告,18067,91859,5697
2025-10-29,SNS広告,13924,66301,2644
2025-10-29,自然検索,0,2497,253
2025-10-29,紹介,0,1782,254
2025-10-30,検索広告,22399,137637,8448
2025-10-30,SNS広告,12860,86381,3429
2025-10-30,自然検索,0,2023,233
2025-10-30,紹介,0,2593,394
2025-10-31,検索広告,11778,57515,3563
2025-10-31,SNS広告,13542,83962,3240
2025-10-31,自然検索,0,2631,256
2025-10-31,紹介,0,2421,302
2025-11-01,検索広告,14875,72666,4540
2025-11-01,SNS広告,19426,97610,3797
2025-11-01,自然検索,0,1538,145
2025-11-01,紹介,0,2646,389
2025-11-02,検索広告,14275,86264,5320
2025-11-02,SNS広告,19050,134209,5380
2025-11-02,自然検索,0,2388,255
2025-11-02,紹介,0,2523,360
2025-11-03,検索広告,22721,130099,8079
2025-11-03,SNS広告,17125,126861,5068
2025-11-03,自然検索,0,2164,233
2025-11-03,紹介,0,2693,351
2025-11-04,検索広告,18874,97164,5980
2025-11-04,SNS広告,9640,69758,2802
2025-11-04,自然検索,0,2026,237
2025-11-04,紹介,0,2072,299
2025-11-05,検索広告,19900,148803,9166
2025-11-05,SNS広告,16734,76554,3136
2025-11-05,自然検索,0,1973,199
2025-11-05,紹介,0,1717,222
2025-11-06,検索広告,21401,134840,8336
2025-11-06,SNS広告,15541,82503,3257
2025-11-06,自然検索,0,1903,200
2025-11-06,紹介,0,2230,292
2025-11-07,検索広告,18261,101958,6304
2025-11-07,SNS広告,12428,77012,3217
2025-11-07,自然検索,0,2425,269
2025-11-07,紹介,0,2303,286
2025-11-08,検索広告,15772,74110,4706
2025-11-08,SNS広告,19656,131289,5164
2025-11-08,自然検索,0,2235,257
2025-11-08,紹介,0,1584,211
2025-11-09,検索広告,19815,146503,9270
2025-11-09,SNS広告,16009,91683,3712
2025-11-09,自然検索,0,1791,160
2025-11-09,紹介,0,1937,257
2025-11-10,検索広告,19376,140670,8739
2025-11-10,SNS広告,15103,69003,2729
2025-11-10,自然検索,0,2206,237
2025-11-10,紹介,0,2195,283
2025-11-11,検索広告,16682,75472,4673
2025-11-11,SNS広告,11159,70448,2817
2025-11-11,自然検索,0,2004,210
2025-11-11,紹介,0,2210,280
2025-11-12,検索広告,15015,69666,4360
2025-11-12,SNS広告,12817,74757,3016
2025-11-12,自然検索,0,2389,257
2025-11-12,紹介,0,2157,324
2025-11-13,検索広告,15954,105917,6793
2025-11-13,SNS広告,19211,103001,4196
2025-11-13,自然検索,0,2346,255
2025-11-13,紹介,0,2379,319
2025-11-14,検索広告,21812,161626,10054
2025-11-14,SNS広告,16490,114283,4599
2025-11-14,自然検索,0,2537,277
2025-11-14,紹介,0,2130,306
2025-11-15,検索広告,16605,85224,5365
2025-11-15,SNS広告,10180,61338,2475
2025-11-15,自然検索,0,2844,309
2025-11-15,紹介,0,1694,250
2025-11-16,検索広告,19972,106908,6667
2025-11-16,SNS広告,16737,110260,4494
2025-11-16,自然検索,0,1983,231
2025-11-16,紹介,0,1653,228
2025-11-17,検索広告,20629,95881,5993
2025-11-17,SNS広告,15333,82711,3363
2025-11-17,自然検索,0,2336,256
2025-11-17,紹介,0,2345,323
2025-11-18,検索広告,16925,102932,6397
2025-11-18,SNS広告,12338,64151,2611
2025-11-18,自然検索,0,2422,266
2025-11-18,紹介,0,2438,334
2025-11-19,検索広告,15009,69434,4308
2025-11-19,SNS広告,14792,79153,3237
2025-11-19,自然検索,0,2051,229
2025-11-19,紹介,0,1814,225
2025-11-20,検索広告,23379,158293,10116
2025-11-20,SNS広告,9179,45377,1749
2025-11-20,自然検索,0,2410,247
2025-11-20,紹介,0,1946,270
2025-11-21,検索広告,17401,114456,7193
2025-11-21,SNS広告,14792,102415,4232
2025-11-21,自然検索,0,1917,190
2025-11-21,紹介,0,2484,334
2025-11-22,検索広告,15660,96155,5996
2025-11-22,SNS広告,18368,125951,5322
2025-11-22,自然検索,0,2054,235
2025-11-22,紹介,0,2262,325
2025-11-23,検索広告,20854,153442,9735
2025-11-23,SNS広告,10891,68813,2834
2025-11-23,自然検索,0,1869,209
2025-11-23,紹介,0,2020,294
2025-11-24,検索広告,18472,132252,8370
2025-11-24,SNS広告,16696,114980,4734
2025-11-24,自然検索,0,2249,236
2025-11-24,紹介,0,2158,293
2025-11-25,検索広告,18922,89933,5778
2025-11-25,SNS広告,16390,84183,3485
2025-11-25,自然検索,0,2086,247
2025-11-25,紹介,0,1764,263
2025-11-26,検索広告,15539,105738,6723
2025-11-26,SNS広告,19997,120549,4857
2025-11-26,自然検索,0,2056,252
2025-11-26,紹介,0,2456,356
2025-11-27,検索広告,18027,99384,6478
2025-11-27,SNS広告,15482,87044,3696
2025-11-27,自然検索,0,2428,247
2025-11-27,紹介,0,1936,239
2025-11-28,検索広告,17521,96150,6148
2025-11-28,SNS広告,18254,94517,3939
2025-11-28,自然検索,0,2145,265
2025-11-28,紹介,0,1950,284
2025-11-29,検索広告,19915,136158,8693
2025-11-29,SNS広告,13932,102500,4228
2025-11-29,自然検索,0,2270,232
2025-11-29,紹介,0,1895,271
2025-11-30,検索広告,18030,123109,7814
2025-11-30,SNS広告,17634,93855,3909
2025-11-30,自然検索,0,2198,263
2025-11-30,紹介,0,2116,310
2025-12-01,検索広告,18015,115653,7354
2025-12-01,SNS広告,14130,85102,3463
2025-12-01,自然検索,0,1780,189
2025-12-01,紹介,0,2227,333
2025-12-02,検索広告,22560,112969,7194
2025-12-02,SNS広告,13776,100772,4203
2025-12-02,自然検索,0,1858,179
2025-12-02,紹介,0,1939,259
2025-12-03,検索広告,21380,117155,7598
2025-12-03,SNS広告,13449,86608,3586
2025-12-03,自然検索,0,1649,171
2025-12-03,紹介,0,2310,306
2025-12-04,検索広告,20519,146806,9361
2025-12-04,SNS広告,14462,75473,3113
2025-12-04,自然検索,0,2420,281
2025-12-04,紹介,0,2138,280
2025-12-05,検索広告,19782,98329,6403
2025-12-05,SNS広告,16354,111273,4586
2025-12-05,自然検索,0,2504,288
2025-12-05,紹介,0,1979,309
2025-12-06,検索広告,18506,102895,6629
2025-12-06,SNS広告,14043,88666,3811
2025-12-06,自然検索,0,2382,279
2025-12-06,紹介,0,2025,309
2025-12-07,検索広告,20503,132055,8520
2025-12-07,SNS広告,21012,133542,5565
2025-12-07,自然検索,0,2123,255
2025-12-07,紹介,0,2479,364
2025-12-08,検索広告,14626,95137,6073
2025-12-08,SNS広告,12218,66933,2709
2025-12-08,自然検索,0,1948,196
2025-12-08,紹介,0,2275,304
2025-12-09,検索広告,18020,104633,6899
2025-12-09,SNS広告,13531,77552,3276
2025-12-09,自然検索,0,2603,291
2025-12-09,紹介,0,2545,352
2025-12-10,検索広告,13290,86730,5700
2025-12-10,SNS広告,17217,98922,4108
2025-12-10,自然検索,0,2476,276
2025-12-10,紹介,0,2074,299
2025-12-11,検索広告,22672,121967,7982
2025-12-11,SNS広告,13826,80107,3353
2025-12-11,自然検索,0,2105,217
2025-12-11,紹介,0,2090,299
2025-12-12,検索広告,19341,97288,6361
2025-12-12,SNS広告,19244,114289,4808
2025-12-12,自然検索,0,2438,289
2025-12-12,紹介,0,2371,335
2025-12-13,検索広告,19374,98038,6508
2025-12-13,SNS広告,12833,82637,3502
2025-12-13,自然検索,0,2346,271
2025-12-13,紹介,0,2764,376
2025-12-14,検索広告,15645,104927,6834
2025-12-14,SNS広告,17022,103411,4257
2025-12-14,自然検索,0,2213,256
2025-12-14,紹介,0,2446,373
2025-12-15,検索広告,15999,81144,5335
2025-12-15,SNS広告,15718,88061,3707
2025-12-15,自然検索,0,2340,265
2025-12-15,紹介,0,1994,306
2025-12-16,検索広告,14051,69487,4605
2025-12-16,SNS広告,13292,90619,3795
2025-12-16,自然検索,0,2302,265
2025-12-16,紹介,0,2829,405
2025-12-17,検索広告,13609,71119,4679
2025-12-17,SNS広告,14445,104868,4475
2025-12-17,自然検索,0,2230,237
2025-12-17,紹介,0,1788,264
2025-12-18,検索広告,17428,107978,7021
2025-12-18,SNS広告,17767,116918,4956
2025-12-18,自然検索,0,2396,233
2025-12-18,紹介,0,1908,265
2025-12-19,検索広告,21789,108207,6898
2025-12-19,SNS広告,17730,111204,4739
2025-12-19,自然検索,0,2155,253
2025-12-19,紹介,0,2307,328
2025-12-20,検索広告,19104,105006,6930
2025-12-20,SNS広告,14835,80098,3506
2025-12-20,自然検索,0,2245,256
2025-12-20,紹介,0,1718,274
2025-12-21,検索広告,20725,110886,7179
2025-12-21,SNS広告,12674,92301,3962
2025-12-21,自然検索,0,2215,242
2025-12-21,紹介,0,2027,285
2025-12-22,検索広告,20021,117717,7778
2025-12-22,SNS広告,14371,72474,2931
2025-12-22,自然検索,0,1912,209
2025-12-22,紹介,0,1773,251
2025-12-23,検索広告,20095,113126,7465
2025-12-23,SNS広告,16084,85252,3683
2025-12-23,自然検索,0,1814,196
2025-12-23,紹介,0,2064,284
2025-12-24,検索広告,21039,140798,9343
2025-12-24,SNS広告,14898,68346,2941
2025-12-24,自然検索,0,2749,279
2025-12-24,紹介,0,2456,402
2025-12-25,検索広告,25662,170048,11199
2025-12-25,SNS広告,19582,131430,5552
2025-12-25,自然検索,0,1891,212
2025-12-25,紹介,0,1617,249
2025-12-26,検索広告,21052,151994,10067
2025-12-26,SNS広告,18131,111717,4917
2025-12-26,自然検索,0,2004,218
2025-12-26,紹介,0,1637,218
2025-12-27,検索広告,16023,86490,5704
2025-12-27,SNS広告,17171,124202,5237
2025-12-27,自然検索,0,2478,267
2025-12-27,紹介,0,2376,336
2025-12-28,検索広告,14529,85228,5632
2025-12-28,SNS広告,13516,91569,3934
2025-12-28,自然検索,0,1901,222
2025-12-28,紹介,0,2400,333
2025-12-29,検索広告,18243,82880,5474
2025-12-29,SNS広告,8444,38047,1651
2025-12-29,自然検索,0,2020,247
2025-12-29,紹介,0,2256,354
2025-12-30,検索広告,22651,103409,6906
2025-12-30,SNS広告,16216,101200,4366
2025-12-30,自然検索,0,1762,205
2025-12-30,紹介,0,2637,393
2025-12-31,検索広告,21122,150177,9911
2025-12-31,SNS広告,11951,54991,2452
2025-12-31,自然検索,0,2263,276
2025-12-31,紹介,0,1951,288
2026-01-01,検索広告,21605,147463,9997
2026-01-01,SNS広告,17575,111462,4847
2026-01-01,自然検索,0,2059,236
2026-01-01,紹介,0,2005,291
2026-01-02,検索広告,15642,107214,7122
2026-01-02,SNS広告,11691,62011,2659
2026-01-02,自然検索,0,1800,208
2026-01-02,紹介,0,2308,339
2026-01-03,検索広告,16548,117986,7827
2026-01-03,SNS広告,20251,113460,5065
2026-01-03,自然検索,0,2546,273
2026-01-03,紹介,0,2098,301
2026-01-04,検索広告,22881,167686,11121
2026-01-04,SNS広告,9994,62003,2612
2026-01-04,自然検索,0,2102,261
2026-01-04,紹介,0,2172,327
2026-01-05,検索広告,15518,115467,7789
2026-01-05,SNS広告,18431,124891,5439
2026-01-05,自然検索,0,2230,258
2026-01-05,紹介,0,2116,312
2026-01-06,検索広告,18571,128504,8663
2026-01-06,SNS広告,13553,69279,2980
2026-01-06,自然検索,0,2051,225
2026-01-06,紹介,0,1721,244
2026-01-07,検索広告,22153,134755,9021
2026-01-07,SNS広告,8729,49628,2234
2026-01-07,自然検索,0,2153,256
2026-01-07,紹介,0,2423,384
2026-01-08,検索広告,18155,94626,6415
2026-01-08,SNS広告,16879,111840,4923
2026-01-08,自然検索,0,2583,295
2026-01-08,紹介,0,2130,306
2026-01-09,検索広告,21509,160199,10843
2026-01-09,SNS広告,15880,74782,3361
2026-01-09,自然検索,0,2457,295
2026-01-09,紹介,0,2625,403
2026-01-10,検索広告,23505,169076,11237
2026-01-10,SNS広告,17212,93375,4037
2026-01-10,自然検索,0,2356,263
2026-01-10,紹介,0,2617,415
2026-01-11,検索広告,22211,108104,7284
2026-01-11,SNS広告,14306,84378,3614
2026-01-11,自然検索,0,2329,276
2026-01-11,紹介,0,2383,337
2026-01-12,検索広告,19504,131126,8709
2026-01-12,SNS広告,14140,90364,3955
2026-01-12,自然検索,0,2370,294
2026-01-12,紹介,0,2601,369
2026-01-13,検索広告,19668,112151,7620
2026-01-13,SNS広告,12231,91619,4040
2026-01-13,自然検索,0,2048,218
2026-01-13,紹介,0,2058,322
2026-01-14,検索広告,22665,123257,8378
2026-01-14,SNS広告,14081,84484,3693
2026-01-14,自然検索,0,2229,267
2026-01-14,紹介,0,2660,394
2026-01-15,検索広告,17449,91350,6291
2026-01-15,SNS広告,17559,102262,4406
2026-01-15,自然検索,0,2064,253
2026-01-15,紹介,0,2100,316
2026-01-16,検索広告,17724,116517,7894
2026-01-16,SNS広告,11389,57925,2583
2026-01-16,自然検索,0,2009,244
2026-01-16,紹介,0,2344,351
2026-01-17,検索広告,20158,106337,7395
2026-01-17,SNS広告,15363,112702,4893
2026-01-17,自然検索,0,2428,296
2026-01-17,紹介,0,2035,315
2026-01-18,検索広告,17660,107049,7308
2026-01-18,SNS広告,13526,65722,3020
2026-01-18,自然検索,0,2322,277
2026-01-18,紹介,0,2256,389
2026-01-19,検索広告,18568,108920,7589
2026-01-19,SNS広告,13662,86773,3851
2026-01-19,自然検索,0,1962,235
2026-01-19,紹介,0,2308,372
2026-01-20,検索広告,16781,76420,5199
2026-01-20,SNS広告,13613,98825,4323
2026-01-20,自然検索,0,2127,231
2026-01-20,紹介,0,2080,337
2026-01-21,検索広告,23417,167463,11452
2026-01-21,SNS広告,16431,96709,4308
2026-01-21,自然検索,0,2343,273
2026-01-21,紹介,0,2046,307
2026-01-22,検索広告,21073,145036,9947
2026-01-22,SNS広告,16151,105032,4607
2026-01-22,自然検索,0,2113,271
2026-01-22,紹介,0,2014,297
2026-01-23,検索広告,20421,126573,8608
2026-01-23,SNS広告,15277,98160,4267
2026-01-23,自然検索,0,2161,295
2026-01-23,紹介,0,1812,251
2026-01-24,検索広告,17553,116381,8110
2026-01-24,SNS広告,16339,114201,5034
2026-01-24,自然検索,0,1947,258
2026-01-24,紹介,0,1951,299
2026-01-25,検索広告,19050,98932,6771
2026-01-25,SNS広告,13193,75609,3321
2026-01-25,自然検索,0,2366,276
2026-01-25,紹介,0,1919,289
2026-01-26,検索広告,17775,91703,6404
2026-01-26,SNS広告,13736,63329,2844
2026-01-26,自然検索,0,1946,221
2026-01-26,紹介,0,2055,299
2026-01-27,検索広告,18303,108970,7419
2026-01-27,SNS広告,15101,97926,4294
2026-01-27,自然検索,0,3265,371
2026-01-27,紹介,0,2038,272
2026-01-28,検索広告,18845,86140,5877
2026-01-28,SNS広告,14114,105471,4674
2026-01-28,自然検索,0,2004,233
2026-01-28,紹介,0,2091,323
2026-01-29,検索広告,18701,125657,8638
2026-01-29,SNS広告,11897,81283,3713
2026-01-29,自然検索,0,2091,240
2026-01-29,紹介,0,2471,387
2026-01-30,検索広告,18527,123757,8500
2026-01-30,SNS広告,11665,81221,3611
2026-01-30,自然検索,0,2079,257
2026-01-30,紹介,0,2052,311
2026-01-31,検索広告,26647,132172,8979
2026-01-31,SNS広告,14219,83018,3829
2026-01-31,自然検索,0,1738,215
2026-01-31,紹介,0,2603,366
2026-02-01,検索広告,21936,150158,10236
2026-02-01,SNS広告,15706,90288,4171
2026-02-01,自然検索,0,2045,216
2026-02-01,紹介,0,1860,289
2026-02-02,検索広告,20520,152962,10723
2026-02-02,SNS広告,11662,80684,3614
2026-02-02,自然検索,0,2113,251
2026-02-02,紹介,0,2870,437
2026-02-03,検索広告,17125,93032,6412
2026-02-03,SNS広告,18376,126924,5834
2026-02-03,自然検索,0,2227,288
2026-02-03,紹介,0,2582,372
2026-02-04,検索広告,22895,118057,8031
2026-02-04,SNS広告,18506,136533,6318
2026-02-04,自然検索,0,1840,218
2026-02-04,紹介,0,2068,308
2026-02-05,検索広告,18813,121125,8350
2026-02-05,SNS広告,11149,80539,3689
2026-02-05,自然検索,0,2754,313
2026-02-05,紹介,0,2688,417
2026-02-06,検索広告,18879,137150,9554
2026-02-06,SNS広告,11444,60552,2799
2026-02-06,自然検索,0,2317,296
2026-02-06,紹介,0,2689,402
2026-02-07,検索広告,20934,134192,9386
2026-02-07,SNS広告,19351,117711,5495
2026-02-07,自然検索,0,2278,297
2026-02-07,紹介,0,2677,378
2026-02-08,検索広告,14202,69916,4812
2026-02-08,SNS広告,18991,129403,5936
2026-02-08,自然検索,0,2042,243
2026-02-08,紹介,0,1910,277
2026-02-09,検索広告,22429,110396,7710
2026-02-09,SNS広告,11697,82684,3765
2026-02-09,自然検索,0,2756,330
2026-02-09,紹介,0,1707,260
2026-02-10,検索広告,21120,114543,8046
2026-02-10,SNS広告,17642,115987,5284
2026-02-10,自然検索,0,2626,337
2026-02-10,紹介,0,1801,257
2026-02-11,検索広告,19933,123403,8448
2026-02-11,SNS広告,13295,69601,3162
2026-02-11,自然検索,0,2389,295
2026-02-11,紹介,0,2863,441
2026-02-12,検索広告,25880,147537,10568
2026-02-12,SNS広告,13320,79750,3680
2026-02-12,自然検索,0,2519,341
2026-02-12,紹介,0,2347,347
2026-02-13,検索広告,16191,81195,5711
2026-02-13,SNS広告,17609,105033,4853
2026-02-13,自然検索,0,2232,294
2026-02-13,紹介,0,2050,292
2026-02-14,検索広告,19374,112496,7898
2026-02-14,SNS広告,16096,74837,3363
2026-02-14,自然検索,0,2181,247
2026-02-14,紹介,0,2021,309
2026-02-15,検索広告,19599,119958,8538
2026-02-15,SNS広告,14003,79369,3582
2026-02-15,自然検索,0,1974,259
2026-02-15,紹介,0,2274,321
2026-02-16,検索広告,19657,117380,8296
2026-02-16,SNS広告,16993,95451,4404
2026-02-16,自然検索,0,2353,279
2026-02-16,紹介,0,2540,380
2026-02-17,検索広告,17542,104190,7287
2026-02-17,SNS広告,15470,105917,5000
2026-02-17,自然検索,0,2297,283
2026-02-17,紹介,0,1823,281
2026-02-18,検索広告,17661,119175,8496
2026-02-18,SNS広告,15772,103474,4783
2026-02-18,自然検索,0,2644,318
2026-02-18,紹介,0,1948,296
2026-02-19,検索広告,16377,109032,7741
2026-02-19,SNS広告,14711,80988,3611
2026-02-19,自然検索,0,2843,332
2026-02-19,紹介,0,2228,323
2026-02-20,検索広告,24006,177946,12646
2026-02-20,SNS広告,15423,93604,4325
2026-02-20,自然検索,0,2647,340
2026-02-20,紹介,0,2500,369
2026-02-21,検索広告,20092,135333,9547
2026-02-21,SNS広告,16181,100436,4648
2026-02-21,自然検索,0,1852,247
2026-02-21,紹介,0,2099,311
2026-02-22,検索広告,15072,88214,6400
2026-02-22,SNS広告,13569,68271,3093
2026-02-22,自然検索,0,2177,292
2026-02-22,紹介,0,2275,339
2026-02-23,検索広告,16621,79573,5649
2026-02-23,SNS広告,15749,100680,4742
2026-02-23,自然検索,0,2401,289
2026-02-23,紹介,0,2033,307
2026-02-24,検索広告,17440,109325,7911
2026-02-24,SNS広告,10987,58057,2625
2026-02-24,自然検索,0,1999,244
2026-02-24,紹介,0,2284,348
2026-02-25,検索広告,16634,114190,8181
2026-02-25,SNS広告,16947,113217,5207
2026-02-25,自然検索,0,2344,276
2026-02-25,紹介,0,2270,320
2026-02-26,検索広告,21988,119753,8556
2026-02-26,SNS広告,14894,91645,4211
2026-02-26,自然検索,0,2239,290
2026-02-26,紹介,0,1999,306
2026-02-27,検索広告,15577,74834,5297
2026-02-27,SNS広告,14468,90120,4216
2026-02-27,自然検索,0,2030,256
2026-02-27,紹介,0,2414,364
2026-02-28,検索広告,20036,104104,7457
2026-02-28,SNS広告,14878,92607,4331
2026-02-28,自然検索,0,2290,274
2026-02-28,紹介,0,2238,360
2026-03-01,検索広告,18260,134486,9664
2026-03-01,SNS広告,15170,69293,3233
2026-03-01,自然検索,0,2686,348
2026-03-01,紹介,0,2513,348
2026-03-02,検索広告,23758,146308,10459
2026-03-02,SNS広告,12812,82521,3948
2026-03-02,自然検索,0,2636,329
2026-03-02,紹介,0,2172,311
2026-03-03,検索広告,14467,105458,7637
2026-03-03,SNS広告,12137,87768,4111
2026-03-03,自然検索,0,2009,247
2026-03-03,紹介,0,2044,319
2026-03-04,検索広告,21796,160486,11429
2026-03-04,SNS広告,10706,64617,3048
2026-03-04,自然検索,0,2750,354
2026-03-04,紹介,0,2243,319
2026-03-05,検索広告,16173,102886,7451
2026-03-05,SNS広告,15492,78311,3650
2026-03-05,自然検索,0,1817,250
2026-03-05,紹介,0,2048,299
2026-03-06,検索広告,17314,89607,6536
2026-03-06,SNS広告,11196,60027,2768
2026-03-06,自然検索,0,1924,236
2026-03-06,紹介,0,1678,259
2026-03-07,検索広告,15092,102222,7354
2026-03-07,SNS広告,16412,80592,3743
2026-03-07,自然検索,0,2026,244
2026-03-07,紹介,0,1869,275
2026-03-08,検索広告,18064,88545,6340
2026-03-08,SNS広告,19251,132590,6282
2026-03-08,自然検索,0,2670,338
2026-03-08,紹介,0,2776,415
2026-03-09,検索広告,18900,111552,7768
2026-03-09,SNS広告,13280,63605,3096
2026-03-09,自然検索,0,2248,280
2026-03-09,紹介,0,2111,300
2026-03-10,検索広告,21051,104281,7514
2026-03-10,SNS広告,16742,91504,4248
2026-03-10,自然検索,0,2632,303
2026-03-10,紹介,0,2611,383
2026-03-11,検索広告,25231,117143,8584
2026-03-11,SNS広告,19323,115351,5252
2026-03-11,自然検索,0,2089,273
2026-03-11,紹介,0,2087,305
2026-03-12,検索広告,13616,73683,5337
2026-03-12,SNS広告,17039,95309,4475
2026-03-12,自然検索,0,1923,235
2026-03-12,紹介,0,2755,414
2026-03-13,検索広告,19580,129033,9528
2026-03-13,SNS広告,14943,83843,4025
2026-03-13,自然検索,0,2013,249
2026-03-13,紹介,0,2364,363
2026-03-14,検索広告,19923,139140,10185
2026-03-14,SNS広告,12247,90090,4320
2026-03-14,自然検索,0,1837,225
2026-03-14,紹介,0,1887,253
2026-03-15,検索広告,21380,104794,7522
2026-03-15,SNS広告,14106,98591,4686
2026-03-15,自然検索,0,1595,176
2026-03-15,紹介,0,2279,322
2026-03-16,検索広告,20846,143444,10585
2026-03-16,SNS広告,15996,117395,5550
2026-03-16,自然検索,0,2258,299
2026-03-16,紹介,0,2547,397
2026-03-17,検索広告,16791,98960,7288
2026-03-17,SNS広告,14461,81781,3900
2026-03-17,自然検索,0,1893,242
2026-03-17,紹介,0,2357,365
2026-03-18,検索広告,17164,108421,7859
2026-03-18,SNS広告,13775,66319,3155
2026-03-18,自然検索,0,1969,228
2026-03-18,紹介,0,2584,426
2026-03-19,検索広告,16822,93510,7007
2026-03-19,SNS広告,20375,122380,5900
2026-03-19,自然検索,0,2498,328
2026-03-19,紹介,0,1854,282
2026-03-20,検索広告,18135,97892,6987
2026-03-20,SNS広告,9817,70475,3332
2026-03-20,自然検索,0,1795,214
2026-03-20,紹介,0,2297,336
2026-03-21,検索広告,17695,117881,8723
2026-03-21,SNS広告,16295,80569,3854
2026-03-21,自然検索,0,2040,271
2026-03-21,紹介,0,3020,440
2026-03-22,検索広告,19199,115135,8596
2026-03-22,SNS広告,14390,83144,3937
2026-03-22,自然検索,0,1966,240
2026-03-22,紹介,0,2472,361
2026-03-23,検索広告,22683,137140,10065
2026-03-23,SNS広告,14194,85208,4068
2026-03-23,自然検索,0,1901,247
2026-03-23,紹介,0,2250,353
2026-03-24,検索広告,18013,130921,9641
2026-03-24,SNS広告,13710,83801,4019
2026-03-24,自然検索,0,2084,298
2026-03-24,紹介,0,1883,270
2026-03-25,検索広告,15586,87255,6419
2026-03-25,SNS広告,12829,58138,2830
2026-03-25,自然検索,0,2281,260
2026-03-25,紹介,0,2718,424
2026-03-26,検索広告,21124,129738,9540
2026-03-26,SNS広告,12960,83088,3962
2026-03-26,自然検索,0,2217,277
2026-03-26,紹介,0,1884,274
2026-03-27,検索広告,19272,140413,10316
2026-03-27,SNS広告,16320,110629,5335
2026-03-27,自然検索,0,2213,297
2026-03-27,紹介,0,2474,391
2026-03-28,検索広告,22717,109547,8185
2026-03-28,SNS広告,15025,99006,4640
2026-03-28,自然検索,0,2612,359
2026-03-28,紹介,0,2549,380
2026-03-29,検索広告,21312,117017,8864
2026-03-29,SNS広告,18174,136231,6737
2026-03-29,自然検索,0,2057,265
2026-03-29,紹介,0,2430,380
2026-03-30,検索広告,18895,134536,10053
2026-03-30,SNS広告,16172,81327,3872
2026-03-30,自然検索,0,1951,238
2026-03-30,紹介,0,2204,360
2026-03-31,検索広告,15882,73793,5464
2026-03-31,SNS広告,13873,63048,3066
2026-03-31,自然検索,0,1754,242
2026-03-31,紹介,0,2260,340
