date,channel,ad_spend,impressions,clicks,line_registrations,consultations,applications,contracts
2025-04-01,検索広告,14848,79888,3372,400,134,77,23
2025-04-01,SNS広告,17118,77890,2149,182,45,23,5
2025-04-01,自然検索,0,2440,165,33,15,7,2
2025-04-01,紹介,0,2062,198,39,19,10,4
2025-04-02,検索広告,16469,109245,4754,596,182,109,33
2025-04-02,SNS広告,12511,65239,1868,179,35,17,7
2025-04-02,自然検索,0,2232,165,32,6,3,1
2025-04-02,紹介,0,1916,180,50,19,14,4
2025-04-03,検索広告,27063,122464,5297,651,187,111,40
2025-04-03,SNS広告,17486,93596,2669,234,50,29,9
2025-04-03,自然検索,0,2259,135,25,7,3,2
2025-04-03,紹介,0,2744,290,57,29,15,6
2025-04-04,検索広告,19073,87003,3778,474,147,92,31
2025-04-04,SNS広告,16106,82353,2381,216,53,29,5
2025-04-04,自然検索,0,2640,195,29,11,7,3
2025-04-04,紹介,0,1547,166,43,21,11,9
2025-04-05,検索広告,18299,118799,5106,629,189,95,38
2025-04-05,SNS広告,11527,63610,1757,154,34,22,6
2025-04-05,自然検索,0,1753,111,18,8,3,2
2025-04-05,紹介,0,2720,272,56,22,12,5
2025-04-06,検索広告,21669,103102,4518,540,167,97,29
2025-04-06,SNS広告,16684,118855,3309,308,68,42,17
2025-04-06,自然検索,0,1899,135,21,6,4,1
2025-04-06,紹介,0,2222,216,53,22,11,6
2025-04-07,検索広告,16329,97580,4286,516,164,93,29
2025-04-07,SNS広告,13421,69446,1985,182,40,22,2
2025-04-07,自然検索,0,2364,186,32,5,1,1
2025-04-07,紹介,0,2368,229,51,24,16,4
2025-04-08,検索広告,18325,98218,4346,527,171,103,33
2025-04-08,SNS広告,12808,58664,1706,153,32,14,3
2025-04-08,自然検索,0,2338,197,29,17,11,3
2025-04-08,紹介,0,2318,233,60,24,16,6
2025-04-09,検索広告,19780,147402,6441,773,236,152,45
2025-04-09,SNS広告,12507,87260,2460,212,46,34,11
2025-04-09,自然検索,0,1492,95,12,5,2,1
2025-04-09,紹介,0,1932,170,40,17,8,3
2025-04-10,検索広告,19186,138683,6052,694,196,112,24
2025-04-10,SNS広告,14615,102723,2840,277,64,34,8
2025-04-10,自然検索,0,1976,159,22,7,6,3
2025-04-10,紹介,0,2223,214,46,20,12,4
2025-04-11,検索広告,18390,100556,4414,503,144,90,26
2025-04-11,SNS広告,11874,69131,1923,186,54,25,10
2025-04-11,自然検索,0,1506,109,12,3,1,1
2025-04-11,紹介,0,2177,205,47,24,17,8
2025-04-12,検索広告,16006,104818,4653,545,158,90,24
2025-04-12,SNS広告,14653,76170,2209,200,36,19,6
2025-04-12,自然検索,0,2640,201,30,11,8,4
2025-04-12,紹介,0,2103,204,55,27,15,5
2025-04-13,検索広告,18861,129198,5765,669,198,114,53
2025-04-13,SNS広告,16428,81666,2335,237,45,23,6
2025-04-13,自然検索,0,2196,174,25,10,5,2
2025-04-13,紹介,0,2375,225,51,24,13,7
2025-04-14,検索広告,17810,124512,5468,693,183,119,45
2025-04-14,SNS広告,17412,122066,3532,311,62,37,11
2025-04-14,自然検索,0,2456,197,25,6,5,1
2025-04-14,紹介,0,2478,221,61,30,16,6
2025-04-15,検索広告,15551,101067,4410,538,166,97,38
2025-04-15,SNS広告,14685,94591,2681,244,63,44,11
2025-04-15,自然検索,0,2228,168,39,14,7,2
2025-04-15,紹介,0,2596,264,48,17,10,4
2025-04-16,検索広告,22427,158237,7171,847,225,115,46
2025-04-16,SNS広告,15667,113835,3247,257,62,29,4
2025-04-16,自然検索,0,2357,157,19,7,6,4
2025-04-16,紹介,0,2113,192,48,19,10,3
2025-04-17,検索広告,20876,130521,5833,731,223,130,50
2025-04-17,SNS広告,16199,80981,2311,219,58,38,14
2025-04-17,自然検索,0,2341,191,29,9,7,3
2025-04-17,紹介,0,2375,220,43,19,12,6
2025-04-18,検索広告,21240,129655,5720,684,219,124,46
2025-04-18,SNS広告,18041,83373,2440,219,48,29,8
2025-04-18,自然検索,0,1800,152,30,14,6,3
2025-04-18,紹介,0,2489,235,49,14,8,4
2025-04-19,検索広告,16834,107380,4811,574,184,88,38
2025-04-19,SNS広告,12032,55871,1609,133,28,19,3
2025-04-19,自然検索,0,2100,173,28,10,3,2
2025-04-19,紹介,0,1817,183,43,13,8,4
2025-04-20,検索広告,20221,100368,4363,514,168,89,30
2025-04-20,SNS広告,14548,69725,1997,193,43,26,9
2025-04-20,自然検索,0,2174,150,24,8,6,1
2025-04-20,紹介,0,2568,254,54,20,11,8
2025-04-21,検索広告,15898,118701,5240,646,206,116,42
2025-04-21,SNS広告,13533,100593,2849,241,55,32,12
2025-04-21,自然検索,0,2167,187,32,13,7,4
2025-04-21,紹介,0,2747,285,72,30,20,11
2025-04-22,検索広告,23718,122530,5418,653,188,100,39
2025-04-22,SNS広告,10774,70015,2023,177,48,31,6
2025-04-22,自然検索,0,2509,226,33,5,1,0
2025-04-22,紹介,0,1706,171,38,11,8,6
2025-04-23,検索広告,18750,119411,5370,649,196,111,33
2025-04-23,SNS広告,13070,83739,2441,206,50,31,6
2025-04-23,自然検索,0,1625,140,30,9,2,2
2025-04-23,紹介,0,1955,206,46,21,11,6
2025-04-24,検索広告,23389,117933,5231,630,201,113,54
2025-04-24,SNS広告,14466,69353,2001,177,41,26,7
2025-04-24,自然検索,0,2045,171,25,8,3,1
2025-04-24,紹介,0,2633,280,62,27,18,6
2025-04-25,検索広告,17837,108961,4961,618,207,119,50
2025-04-25,SNS広告,13411,81928,2342,240,55,35,11
2025-04-25,自然検索,0,2387,190,33,13,9,4
2025-04-25,紹介,0,2132,231,58,22,14,6
2025-04-26,検索広告,18904,122059,5479,708,215,132,51
2025-04-26,SNS広告,14674,105640,3256,289,66,33,9
2025-04-26,自然検索,0,2412,183,30,7,2,0
2025-04-26,紹介,0,2287,228,58,28,16,11
2025-04-27,検索広告,18286,105670,4917,567,164,89,38
2025-04-27,SNS広告,18119,134333,3836,377,78,42,12
2025-04-27,自然検索,0,2317,181,31,11,6,3
2025-04-27,紹介,0,2729,246,56,22,14,6
2025-04-28,検索広告,24433,170661,7658,898,259,157,59
2025-04-28,SNS広告,15459,110779,3265,306,64,34,9
2025-04-28,自然検索,0,2089,173,21,7,3,0
2025-04-28,紹介,0,2296,209,50,20,11,3
2025-04-29,検索広告,17820,96675,4335,465,140,76,30
2025-04-29,SNS広告,14366,97170,2832,286,60,42,11
2025-04-29,自然検索,0,2064,160,24,4,2,2
2025-04-29,紹介,0,2613,225,50,16,7,0
2025-04-30,検索広告,15451,113938,5114,631,196,109,38
2025-04-30,SNS広告,17105,89959,2631,208,47,28,12
2025-04-30,自然検索,0,2360,172,24,7,2,1
2025-04-30,紹介,0,2654,257,64,27,16,10
2025-05-01,検索広告,15091,102513,4622,554,171,97,44
2025-05-01,SNS広告,18266,91508,2732,247,63,32,11
2025-05-01,自然検索,0,2288,178,32,9,3,0
2025-05-01,紹介,0,1857,200,46,21,13,5
2025-05-02,検索広告,14214,72964,3401,417,126,75,33
2025-05-02,SNS広告,16840,81239,2400,207,48,26,12
2025-05-02,自然検索,0,1787,138,23,8,2,0
2025-05-02,紹介,0,2519,259,63,18,8,3
2025-05-03,検索広告,21729,158272,7305,889,277,160,56
2025-05-03,SNS広告,18884,130920,3854,348,89,45,13
2025-05-03,自然検索,0,2699,214,33,15,4,2
2025-05-03,紹介,0,2375,229,49,15,5,2
2025-05-04,検索広告,14218,74427,3463,421,139,89,33
2025-05-04,SNS広告,13561,86512,2604,241,56,34,11
2025-05-04,自然検索,0,2196,182,29,10,5,2
2025-05-04,紹介,0,2207,228,54,27,16,12
2025-05-05,検索広告,14957,95590,4325,489,150,89,30
2025-05-05,SNS広告,12714,62273,1822,156,28,19,5
2025-05-05,自然検索,0,2016,138,27,11,5,2
2025-05-05,紹介,0,1735,194,46,20,13,5
2025-05-06,検索広告,14301,69548,3099,385,99,50,18
2025-05-06,SNS広告,14161,97244,2946,268,60,37,9
2025-05-06,自然検索,0,2812,224,28,11,10,4
2025-05-06,紹介,0,2218,253,54,19,12,9
2025-05-07,検索広告,22183,128687,5987,698,230,131,56
2025-05-07,SNS広告,17326,129363,3933,369,87,53,13
2025-05-07,自然検索,0,2486,193,24,5,4,3
2025-05-07,紹介,0,2198,216,42,17,10,7
2025-05-08,検索広告,13964,68713,3237,399,111,66,22
2025-05-08,SNS広告,17620,97510,2966,230,50,28,6
2025-05-08,自然検索,0,2258,174,26,11,6,2
2025-05-08,紹介,0,2257,251,48,17,9,6
2025-05-09,検索広告,17999,115569,5340,629,174,94,30
2025-05-09,SNS広告,12268,77776,2233,183,40,32,7
2025-05-09,自然検索,0,2086,169,22,3,2,0
2025-05-09,紹介,0,2097,231,52,22,11,8
2025-05-10,検索広告,16477,108872,5213,644,206,126,44
2025-05-10,SNS広告,16651,111550,3353,335,70,42,16
2025-05-10,自然検索,0,1921,166,23,5,3,1
2025-05-10,紹介,0,1965,221,56,24,15,11
2025-05-11,検索広告,16867,82031,3809,460,158,83,31
2025-05-11,SNS広告,14190,76207,2272,195,39,20,8
2025-05-11,自然検索,0,2164,190,19,5,3,0
2025-05-11,紹介,0,2236,194,47,24,18,11
2025-05-12,検索広告,15792,81450,3927,475,152,89,32
2025-05-12,SNS広告,10037,60878,1887,188,37,20,3
2025-05-12,自然検索,0,1969,184,35,10,7,0
2025-05-12,紹介,0,1976,203,49,19,9,7
2025-05-13,検索広告,19862,135094,6297,787,227,120,46
2025-05-13,SNS広告,14219,78418,2373,221,54,30,7
2025-05-13,自然検索,0,2425,202,33,14,4,3
2025-05-13,紹介,0,2269,234,44,23,18,10
2025-05-14,検索広告,18948,119217,5535,597,183,107,46
2025-05-14,SNS広告,14742,81867,2486,201,42,22,7
2025-05-14,自然検索,0,2624,200,30,13,8,3
2025-05-14,紹介,0,2411,241,52,29,19,8
2025-05-15,検索広告,20877,112652,5377,640,181,98,36
2025-05-15,SNS広告,12014,80320,2434,221,55,26,9
2025-05-15,自然検索,0,2400,198,46,14,9,1
2025-05-15,紹介,0,2176,233,49,22,12,6
2025-05-16,検索広告,16217,105072,5014,636,177,98,34
2025-05-16,SNS広告,14591,79797,2446,216,54,28,9
2025-05-16,自然検索,0,1881,169,23,10,5,3
2025-05-16,紹介,0,1536,146,31,14,8,3
2025-05-17,検索広告,20219,111206,5143,616,196,103,42
2025-05-17,SNS広告,12579,93031,2864,259,67,47,12
2025-05-17,自然検索,0,2591,222,30,12,6,2
2025-05-17,紹介,0,2534,264,66,31,17,6
2025-05-18,検索広告,22919,125605,5979,691,205,128,48
2025-05-18,SNS広告,15502,107331,3307,293,75,40,10
2025-05-18,自然検索,0,2309,180,28,13,8,2
2025-05-18,紹介,0,2509,256,64,24,15,5
2025-05-19,検索広告,17477,126548,5999,726,195,128,50
2025-05-19,SNS広告,15157,71112,2147,210,41,22,9
2025-05-19,自然検索,0,1278,98,20,11,6,4
2025-05-19,紹介,0,2092,205,53,19,13,10
2025-05-20,検索広告,19659,130363,6180,746,232,135,43
2025-05-20,SNS広告,13527,89002,2772,301,72,41,10
2025-05-20,自然検索,0,2139,173,26,12,7,1
2025-05-20,紹介,0,2052,213,40,18,14,5
2025-05-21,検索広告,18061,128781,6170,750,227,122,47
2025-05-21,SNS広告,12718,83831,2611,207,47,27,11
2025-05-21,自然検索,0,2070,167,34,10,7,2
2025-05-21,紹介,0,2535,267,59,23,13,7
2025-05-22,検索広告,18773,87816,4210,519,160,88,39
2025-05-22,SNS広告,13645,66222,2081,193,45,27,6
2025-05-22,自然検索,0,1786,151,22,8,3,0
2025-05-22,紹介,0,2522,278,59,27,15,8
2025-05-23,検索広告,19500,102100,4927,575,157,89,36
2025-05-23,SNS広告,13557,87824,2722,240,64,38,10
2025-05-23,自然検索,0,1725,130,22,9,8,4
2025-05-23,紹介,0,1643,181,34,14,8,3
2025-05-24,検索広告,16830,87481,4163,513,152,82,25
2025-05-24,SNS広告,14301,102120,3130,300,69,40,16
2025-05-24,自然検索,0,2128,178,23,12,5,2
2025-05-24,紹介,0,2180,256,58,29,15,6
2025-05-25,検索広告,12400,67502,3282,402,124,72,26
2025-05-25,SNS広告,12892,76101,2309,194,41,19,5
2025-05-25,自然検索,0,2449,200,20,7,5,2
2025-05-25,紹介,0,2649,281,69,28,17,4
2025-05-26,検索広告,15270,114516,5413,686,199,108,34
2025-05-26,SNS広告,14447,102375,3260,283,79,48,13
2025-05-26,自然検索,0,2315,183,29,9,4,2
2025-05-26,紹介,0,2573,290,65,24,13,9
2025-05-27,検索広告,22496,102253,4867,614,186,91,34
2025-05-27,SNS広告,15660,70843,2253,193,40,21,1
2025-05-27,自然検索,0,2363,178,25,5,3,1
2025-05-27,紹介,0,2424,259,56,27,15,7
2025-05-28,検索広告,21842,104984,5015,628,184,98,28
2025-05-28,SNS広告,11783,53853,1732,139,28,15,2
2025-05-28,自然検索,0,2318,203,30,14,9,5
2025-05-28,紹介,0,1774,198,29,16,9,1
2025-05-29,検索広告,22048,151188,7254,862,255,147,56
2025-05-29,SNS広告,15972,99708,3092,274,60,32,13
2025-05-29,自然検索,0,1608,105,21,7,3,0
2025-05-29,紹介,0,2389,233,48,23,13,4
2025-05-30,検索広告,20007,125936,6157,744,224,120,47
2025-05-30,SNS広告,15349,98606,3151,316,75,37,11
2025-05-30,自然検索,0,2653,223,35,14,12,6
2025-05-30,紹介,0,1885,199,42,21,11,4
2025-05-31,検索広告,17845,103302,5045,602,145,82,22
2025-05-31,SNS広告,13352,69963,2103,185,39,27,7
2025-05-31,自然検索,0,2829,265,43,16,6,1
2025-05-31,紹介,0,2350,225,51,24,14,7
2025-06-01,検索広告,21235,102616,4994,608,185,106,41
2025-06-01,SNS広告,14455,73350,2334,197,49,30,9
2025-06-01,自然検索,0,2684,250,37,16,7,3
2025-06-01,紹介,0,3049,301,78,37,20,11
2025-06-02,検索広告,16112,91111,4342,512,163,102,33
2025-06-02,SNS広告,17495,129139,4237,386,85,49,16
2025-06-02,自然検索,0,2171,189,26,10,4,1
2025-06-02,紹介,0,2440,241,62,24,15,5
2025-06-03,検索広告,20788,134410,6507,774,242,141,56
2025-06-03,SNS広告,17668,122203,3894,329,69,46,13
2025-06-03,自然検索,0,1994,174,24,12,8,3
2025-06-03,紹介,0,2905,327,67,32,19,10
2025-06-04,検索広告,18918,88525,4253,511,156,83,30
2025-06-04,SNS広告,17663,93652,2905,242,63,37,9
2025-06-04,自然検索,0,2320,184,31,8,4,2
2025-06-04,紹介,0,2286,253,54,22,12,7
2025-06-05,検索広告,20527,109785,5119,624,181,100,29
2025-06-05,SNS広告,14117,89143,2838,234,52,28,9
2025-06-05,自然検索,0,2142,199,37,20,14,8
2025-06-05,紹介,0,2346,239,65,27,17,11
2025-06-06,検索広告,19341,116285,5813,700,205,129,46
2025-06-06,SNS広告,19010,99173,3259,280,64,33,9
2025-06-06,自然検索,0,2269,190,26,8,3,0
2025-06-06,紹介,0,1955,187,33,20,13,6
2025-06-07,検索広告,15377,82641,4061,445,122,67,25
2025-06-07,SNS広告,19775,120091,3803,329,84,52,13
2025-06-07,自然検索,0,1776,144,14,3,2,1
2025-06-07,紹介,0,2668,301,79,33,22,10
2025-06-08,検索広告,17875,118160,5774,691,202,115,41
2025-06-08,SNS広告,15036,95029,3052,248,50,32,11
2025-06-08,自然検索,0,2073,156,26,13,5,2
2025-06-08,紹介,0,2156,230,43,14,6,2
2025-06-09,検索広告,15988,80767,3985,466,130,74,31
2025-06-09,SNS広告,9067,51268,1695,160,38,20,4
2025-06-09,自然検索,0,1812,141,21,8,4,1
2025-06-09,紹介,0,2115,231,52,26,12,4
2025-06-10,検索広告,18119,131758,6498,800,240,145,54
2025-06-10,SNS広告,13106,82978,2627,233,57,35,14
2025-06-10,自然検索,0,2144,182,28,8,5,2
2025-06-10,紹介,0,2159,257,69,27,13,6
2025-06-11,検索広告,16887,123131,6020,711,204,124,50
2025-06-11,SNS広告,19641,97023,3091,279,68,43,11
2025-06-11,自然検索,0,2425,239,32,13,10,2
2025-06-11,紹介,0,2745,325,72,32,22,5
2025-06-12,検索広告,17632,102828,5036,565,175,95,33
2025-06-12,SNS広告,17451,96013,3058,262,56,34,8
2025-06-12,自然検索,0,2120,175,27,8,3,2
2025-06-12,紹介,0,2056,229,66,26,14,8
2025-06-13,検索広告,11339,65771,3278,419,124,78,34
2025-06-13,SNS広告,12356,60590,1938,183,53,23,5
2025-06-13,自然検索,0,2011,158,22,7,1,0
2025-06-13,紹介,0,2319,244,56,17,13,5
2025-06-14,検索広告,25042,162650,8110,1017,326,187,75
2025-06-14,SNS広告,17546,123348,3945,346,75,44,20
2025-06-14,自然検索,0,2264,202,33,11,7,4
2025-06-14,紹介,0,2296,246,54,26,15,4
2025-06-15,検索広告,18894,130013,6490,784,227,123,43
2025-06-15,SNS広告,15845,86300,2822,246,61,36,12
2025-06-15,自然検索,0,2545,220,29,9,4,3
2025-06-15,紹介,0,2251,249,51,20,11,6
2025-06-16,検索広告,17194,94155,4643,565,167,89,27
2025-06-16,SNS広告,15199,93632,3215,269,60,40,16
2025-06-16,自然検索,0,2123,190,33,11,4,3
2025-06-16,紹介,0,2230,244,51,22,11,7
2025-06-17,検索広告,21365,107866,5323,655,203,119,44
2025-06-17,SNS広告,18414,93719,3032,265,73,40,12
2025-06-17,自然検索,0,2407,212,34,8,3,1
2025-06-17,紹介,0,2604,317,74,30,17,3
2025-06-18,検索広告,16490,80398,3993,466,132,80,22
2025-06-18,SNS広告,19253,89279,2910,287,78,47,16
2025-06-18,自然検索,0,2667,246,41,17,7,3
2025-06-18,紹介,0,1577,174,28,10,5,4
2025-06-19,検索広告,25205,114032,5562,691,223,126,43
2025-06-19,SNS広告,12372,92302,2821,262,53,34,9
2025-06-19,自然検索,0,2378,209,35,11,7,1
2025-06-19,紹介,0,1689,173,41,19,13,7
2025-06-20,検索広告,23956,168813,8303,982,278,173,61
2025-06-20,SNS広告,15265,88187,2821,280,63,36,14
2025-06-20,自然検索,0,2213,173,13,3,1,0
2025-06-20,紹介,0,2039,248,60,24,12,6
2025-06-21,検索広告,17246,86592,4350,546,171,98,39
2025-06-21,SNS広告,13205,67236,2186,188,36,24,8
2025-06-21,自然検索,0,1892,168,27,9,6,5
2025-06-21,紹介,0,1967,231,54,29,15,8
2025-06-22,検索広告,14137,66275,3306,398,112,59,23
2025-06-22,SNS広告,16531,92941,3007,262,71,38,12
2025-06-22,自然検索,0,2128,197,36,12,6,1
2025-06-22,紹介,0,1851,212,60,24,9,3
2025-06-23,検索広告,15132,106409,5378,648,191,101,34
2025-06-23,SNS広告,18981,92439,3046,240,49,26,8
2025-06-23,自然検索,0,2230,194,36,11,6,2
2025-06-23,紹介,0,2335,280,62,30,16,10
2025-06-24,検索広告,16761,112476,5614,681,218,125,46
2025-06-24,SNS広告,14229,81752,2664,220,53,29,13
2025-06-24,自然検索,0,2150,175,37,12,5,1
2025-06-24,紹介,0,2443,264,53,20,14,7
2025-06-25,検索広告,19485,92326,4550,523,152,76,24
2025-06-25,SNS広告,16766,92005,2926,291,66,32,10
2025-06-25,自然検索,0,2258,185,27,7,2,1
2025-06-25,紹介,0,2068,253,56,25,17,8
2025-06-26,検索広告,15780,108835,5501,700,213,119,42
2025-06-26,SNS広告,16847,122250,4114,384,88,53,17
2025-06-26,自然検索,0,2303,183,29,6,3,2
2025-06-26,紹介,0,2132,252,63,25,14,8
2025-06-27,検索広告,19515,89749,4529,510,152,90,30
2025-06-27,SNS広告,14463,102705,3349,294,61,34,10
2025-06-27,自然検索,0,2704,248,44,7,2,0
2025-06-27,紹介,0,2123,228,49,23,11,4
2025-06-28,検索広告,18532,116004,5782,705,188,104,41
2025-06-28,SNS広告,12518,93857,3188,312,65,32,11
2025-06-28,自然検索,0,2006,167,39,14,6,3
2025-06-28,紹介,0,1997,235,53,16,10,6
2025-06-29,検索広告,20372,107020,5492,631,199,119,38
2025-06-29,SNS広告,14113,88752,2922,276,66,41,12
2025-06-29,自然検索,0,1936,202,38,17,8,1
2025-06-29,紹介,0,2041,225,54,25,15,7
2025-06-30,検索広告,16878,123224,6232,732,217,127,44
2025-06-30,SNS広告,13322,89487,3032,267,59,36,13
2025-06-30,自然検索,0,2323,174,27,8,3,1
2025-06-30,紹介,0,1881,210,53,20,16,6
2025-07-01,検索広告,17370,114487,5752,660,186,106,40
2025-07-01,SNS広告,16090,107433,3532,317,65,41,8
2025-07-01,自然検索,0,2106,177,26,8,6,2
2025-07-01,紹介,0,2430,273,55,25,12,9
2025-07-02,検索広告,18051,97980,5019,559,175,92,41
2025-07-02,SNS広告,12930,63444,2057,197,46,30,8
2025-07-02,自然検索,0,1963,157,24,6,2,0
2025-07-02,紹介,0,2732,326,79,33,20,9
2025-07-03,検索広告,19892,110366,5749,707,202,107,34
2025-07-03,SNS広告,11864,88625,2961,256,56,29,7
2025-07-03,自然検索,0,2147,194,33,10,4,1
2025-07-03,紹介,0,2147,273,56,23,11,7
2025-07-04,検索広告,16026,117023,6106,750,240,141,39
2025-07-04,SNS広告,11524,58051,1977,164,39,23,7
2025-07-04,自然検索,0,2312,207,33,12,6,2
2025-07-04,紹介,0,2143,256,56,19,9,5
2025-07-05,検索広告,14165,87658,4462,518,169,96,38
2025-07-05,SNS広告,13599,99075,3353,319,65,41,10
2025-07-05,自然検索,0,2309,196,30,9,4,2
2025-07-05,紹介,0,1898,220,47,18,9,6
2025-07-06,検索広告,16424,97477,4937,617,208,117,33
2025-07-06,SNS広告,18197,119713,3997,383,74,37,13
2025-07-06,自然検索,0,2338,222,33,14,9,3
2025-07-06,紹介,0,2087,211,61,23,17,10
2025-07-07,検索広告,23250,151644,7806,916,253,142,45
2025-07-07,SNS広告,11576,85627,2815,234,60,27,8
2025-07-07,自然検索,0,1807,181,31,19,13,3
2025-07-07,紹介,0,2175,269,55,21,12,4
2025-07-08,検索広告,16562,82647,4174,483,137,84,30
2025-07-08,SNS広告,18058,124799,4119,377,85,56,15
2025-07-08,自然検索,0,2204,194,27,5,4,2
2025-07-08,紹介,0,2217,254,49,21,16,10
2025-07-09,検索広告,21618,109827,5605,695,202,104,43
2025-07-09,SNS広告,14823,78787,2657,236,51,29,6
2025-07-09,自然検索,0,2186,186,20,8,2,0
2025-07-09,紹介,0,2293,283,77,32,15,11
2025-07-10,検索広告,21181,145889,7672,915,278,162,59
2025-07-10,SNS広告,14542,107945,3608,332,91,55,12
2025-07-10,自然検索,0,2372,199,40,12,6,1
2025-07-10,紹介,0,2182,258,63,24,12,6
2025-07-11,検索広告,19277,117990,6043,750,204,112,44
2025-07-11,SNS広告,16894,84828,2813,241,58,32,12
2025-07-11,自然検索,0,2343,231,42,14,7,5
2025-07-11,紹介,0,2370,272,57,26,14,7
2025-07-12,検索広告,20349,112677,5714,725,233,125,48
2025-07-12,SNS広告,14538,72157,2402,198,55,28,7
2025-07-12,自然検索,0,2348,195,24,9,6,4
2025-07-12,紹介,0,1883,214,52,18,12,6
2025-07-13,検索広告,16945,118379,6132,727,237,139,48
2025-07-13,SNS広告,17732,81818,2810,282,58,34,6
2025-07-13,自然検索,0,2333,216,36,11,6,2
2025-07-13,紹介,0,2640,288,67,24,12,6
2025-07-14,検索広告,21271,101174,5134,594,180,99,30
2025-07-14,SNS広告,15713,78496,2709,243,45,21,10
2025-07-14,自然検索,0,1967,194,34,16,13,8
2025-07-14,紹介,0,2439,281,56,22,17,8
2025-07-15,検索広告,14107,87311,4578,523,127,74,24
2025-07-15,SNS広告,17352,122947,4085,416,90,52,18
2025-07-15,自然検索,0,2106,189,30,5,0,0
2025-07-15,紹介,0,1884,229,58,26,18,10
2025-07-16,検索広告,14717,104196,5255,594,184,99,38
2025-07-16,SNS広告,15159,76112,2582,222,51,32,9
2025-07-16,自然検索,0,2608,248,45,9,7,1
2025-07-16,紹介,0,2424,259,66,22,9,4
2025-07-17,検索広告,17580,84702,4482,511,154,89,24
2025-07-17,SNS広告,8637,48832,1638,134,35,17,6
2025-07-17,自然検索,0,2226,210,35,7,1,0
2025-07-17,紹介,0,2275,269,58,21,15,8
2025-07-18,検索広告,17180,115759,6014,723,217,127,38
2025-07-18,SNS広告,12842,92212,3225,311,75,43,14
2025-07-18,自然検索,0,1639,143,29,8,3,0
2025-07-18,紹介,0,2320,273,71,32,17,6
2025-07-19,検索広告,17009,104447,5439,679,207,119,45
2025-07-19,SNS広告,15477,113288,3777,367,78,38,11
2025-07-19,自然検索,0,2370,224,44,17,9,2
2025-07-19,紹介,0,2084,235,54,22,11,4
2025-07-20,検索広告,20533,125044,6510,766,222,132,44
2025-07-20,SNS広告,17832,118315,3967,388,85,46,20
2025-07-20,自然検索,0,2524,246,42,19,11,5
2025-07-20,紹介,0,2452,299,67,18,11,3
2025-07-21,検索広告,23454,163013,8603,1051,329,194,70
2025-07-21,SNS広告,15525,108245,3606,308,72,42,10
2025-07-21,自然検索,0,1940,179,37,13,5,4
2025-07-21,紹介,0,2023,219,48,17,14,4
2025-07-22,検索広告,16515,119477,6199,758,230,117,44
2025-07-22,SNS広告,14876,85545,2945,260,68,35,4
2025-07-22,自然検索,0,2410,221,30,12,6,2
2025-07-22,紹介,0,1785,200,49,24,14,5
2025-07-23,検索広告,18455,108559,5812,693,221,130,49
2025-07-23,SNS広告,16318,73893,2471,213,68,41,13
2025-07-23,自然検索,0,1619,151,29,14,8,3
2025-07-23,紹介,0,2232,243,62,27,16,8
2025-07-24,検索広告,21583,114990,6035,726,197,113,40
2025-07-24,SNS広告,12408,76175,2612,245,52,31,9
2025-07-24,自然検索,0,2160,187,31,12,5,1
2025-07-24,紹介,0,2169,226,50,25,12,4
2025-07-25,検索広告,20585,144267,7510,923,265,153,43
2025-07-25,SNS広告,12098,76010,2564,225,53,28,7
2025-07-25,自然検索,0,2210,221,38,12,8,4
2025-07-25,紹介,0,2455,289,77,29,18,10
2025-07-26,検索広告,15629,77873,4083,524,153,79,20
2025-07-26,SNS広告,16569,100043,3472,320,70,37,9
2025-07-26,自然検索,0,2085,198,33,11,8,3
2025-07-26,紹介,0,2027,242,60,23,14,6
2025-07-27,検索広告,19800,145380,7779,949,276,154,58
2025-07-27,SNS広告,15291,98968,3370,313,76,38,15
2025-07-27,自然検索,0,2047,183,22,8,3,1
2025-07-27,紹介,0,1876,227,51,26,11,3
2025-07-28,検索広告,18561,119948,6253,756,213,139,47
2025-07-28,SNS広告,14369,98060,3459,293,63,33,11
2025-07-28,自然検索,0,1915,195,26,5,1,1
2025-07-28,紹介,0,2561,298,78,23,16,8
2025-07-29,検索広告,19498,142031,7754,908,271,168,47
2025-07-29,SNS広告,18963,122061,4137,359,81,46,12
2025-07-29,自然検索,0,2006,185,30,8,5,0
2025-07-29,紹介,0,1986,234,60,24,15,11
2025-07-30,検索広告,13444,62662,3445,464,156,97,35
2025-07-30,SNS広告,16171,98197,3390,317,80,47,8
2025-07-30,自然検索,0,1970,178,25,8,4,1
2025-07-30,紹介,0,2031,241,51,22,13,6
2025-07-31,検索広告,15719,112273,6024,683,206,107,38
2025-07-31,SNS広告,13369,70750,2520,232,44,20,6
2025-07-31,自然検索,0,2308,206,29,12,4,3
2025-07-31,紹介,0,2174,249,62,24,14,10
2025-08-01,検索広告,22351,121827,6617,865,256,147,54
2025-08-01,SNS広告,14178,82617,2911,270,51,30,12
2025-08-01,自然検索,0,2022,194,31,11,7,3
2025-08-01,紹介,0,2240,258,61,21,13,7
2025-08-02,検索広告,23680,159868,8667,1081,344,201,88
2025-08-02,SNS広告,13141,84696,2974,244,56,32,13
2025-08-02,自然検索,0,2316,201,24,9,7,3
2025-08-02,紹介,0,1701,206,51,23,13,11
2025-08-03,検索広告,16072,94266,5171,638,209,120,43
2025-08-03,SNS広告,15413,72742,2616,211,42,25,10
2025-08-03,自然検索,0,1132,107,11,2,2,1
2025-08-03,紹介,0,2294,276,58,17,8,6
2025-08-04,検索広告,15634,72195,3833,453,129,64,21
2025-08-04,SNS広告,12543,63907,2172,202,41,22,7
2025-08-04,自然検索,0,2003,187,33,8,6,0
2025-08-04,紹介,0,2212,282,61,25,15,9
2025-08-05,検索広告,16518,82732,4483,542,169,94,38
2025-08-05,SNS広告,14196,84623,2853,238,48,22,9
2025-08-05,自然検索,0,3081,297,48,20,13,7
2025-08-05,紹介,0,2268,281,65,26,13,6
2025-08-06,検索広告,22092,113401,6158,736,219,134,48
2025-08-06,SNS広告,19337,87892,3110,264,57,36,15
2025-08-06,自然検索,0,2174,210,36,13,10,5
2025-08-06,紹介,0,2240,269,67,26,13,7
2025-08-07,検索広告,20128,131663,7187,873,277,164,63
2025-08-07,SNS広告,13809,71913,2565,234,61,38,12
2025-08-07,自然検索,0,1855,168,13,3,2,1
2025-08-07,紹介,0,1808,228,40,17,6,3
2025-08-08,検索広告,21856,115695,6136,750,221,129,41
2025-08-08,SNS広告,14774,84712,3015,265,67,39,19
2025-08-08,自然検索,0,2456,246,36,13,10,2
2025-08-08,紹介,0,2648,286,61,28,11,6
2025-08-09,検索広告,21104,130440,7135,872,265,150,50
2025-08-09,SNS広告,16032,100563,3467,324,61,37,11
2025-08-09,自然検索,0,2050,205,40,8,4,2
2025-08-09,紹介,0,2465,316,70,33,20,9
2025-08-10,検索広告,17629,85993,4571,544,149,82,19
2025-08-10,SNS広告,16235,110488,3980,344,85,53,15
2025-08-10,自然検索,0,1901,188,35,12,8,2
2025-08-10,紹介,0,2184,265,63,17,9,4
2025-08-11,検索広告,19901,124449,6993,853,275,140,49
2025-08-11,SNS広告,13297,63296,2346,216,43,23,8
2025-08-11,自然検索,0,1889,172,29,11,5,3
2025-08-11,紹介,0,2280,260,63,20,8,5
2025-08-12,検索広告,24014,164927,8949,1145,339,208,74
2025-08-12,SNS広告,17693,112438,3966,343,79,41,14
2025-08-12,自然検索,0,2351,238,33,10,2,1
2025-08-12,紹介,0,2293,272,65,33,19,11
2025-08-13,検索広告,17489,122699,6688,796,245,154,52
2025-08-13,SNS広告,20061,138520,4951,434,96,62,20
2025-08-13,自然検索,0,2683,290,49,13,8,4
2025-08-13,紹介,0,2152,263,63,31,18,13
2025-08-14,検索広告,20918,114601,6282,746,218,135,47
2025-08-14,SNS広告,16835,87129,3076,274,62,36,7
2025-08-14,自然検索,0,2343,226,41,13,6,5
2025-08-14,紹介,0,1968,244,60,20,9,4
2025-08-15,検索広告,14404,78219,4373,533,170,105,41
2025-08-15,SNS広告,16934,122199,4310,414,93,49,12
2025-08-15,自然検索,0,2237,204,37,13,4,1
2025-08-15,紹介,0,2671,321,67,23,16,7
2025-08-16,検索広告,22534,146973,8172,972,302,171,67
2025-08-16,SNS広告,19318,138607,4841,459,102,49,14
2025-08-16,自然検索,0,1843,175,31,10,6,0
2025-08-16,紹介,0,2436,275,50,16,8,5
2025-08-17,検索広告,18847,121684,6786,790,238,123,38
2025-08-17,SNS広告,16884,85125,3085,275,50,31,11
2025-08-17,自然検索,0,2506,241,37,17,8,2
2025-08-17,紹介,0,2361,266,61,25,17,10
2025-08-18,検索広告,19966,126621,6874,816,225,129,43
2025-08-18,SNS広告,14293,86951,3068,264,62,32,7
2025-08-18,自然検索,0,2417,224,30,13,8,2
2025-08-18,紹介,0,2234,239,60,19,15,6
2025-08-19,検索広告,19387,114105,6351,804,241,133,49
2025-08-19,SNS広告,14338,96511,3339,303,65,27,7
2025-08-19,自然検索,0,2167,178,22,7,3,2
2025-08-19,紹介,0,2314,258,62,24,14,12
2025-08-20,検索広告,18228,87279,4722,589,163,101,40
2025-08-20,SNS広告,14345,100983,3681,354,79,51,18
2025-08-20,自然検索,0,2091,182,40,14,8,4
2025-08-20,紹介,0,2008,256,48,19,10,4
2025-08-21,検索広告,19948,147149,8056,988,277,145,56
2025-08-21,SNS広告,15476,83294,2951,290,59,33,8
2025-08-21,自然検索,0,1483,139,19,6,1,1
2025-08-21,紹介,0,1792,247,70,26,19,9
2025-08-22,検索広告,15432,110024,5972,692,209,121,44
2025-08-22,SNS広告,17671,100497,3529,325,70,41,13
2025-08-22,自然検索,0,2293,221,30,9,3,1
2025-08-22,紹介,0,1958,248,61,21,15,5
2025-08-23,検索広告,16865,108581,6022,693,220,121,37
2025-08-23,SNS広告,18562,106026,3787,330,74,41,15
2025-08-23,自然検索,0,2083,203,34,7,3,1
2025-08-23,紹介,0,1709,193,43,19,10,4
2025-08-24,検索広告,21613,104869,5857,634,184,114,46
2025-08-24,SNS広告,13653,63350,2254,213,53,28,8
2025-08-24,自然検索,0,2060,195,31,13,9,2
2025-08-24,紹介,0,2101,244,59,18,5,3
2025-08-25,検索広告,20597,109089,6057,742,203,118,40
2025-08-25,SNS広告,15479,99169,3531,317,75,49,16
2025-08-25,自然検索,0,2210,170,25,7,5,1
2025-08-25,紹介,0,2404,318,69,31,16,9
2025-08-26,検索広告,17873,129959,7153,817,248,156,65
2025-08-26,SNS広告,15146,103628,3747,354,84,53,13
2025-08-26,自然検索,0,2093,211,34,10,7,4
2025-08-26,紹介,0,2614,353,82,28,14,3
2025-08-27,検索広告,18471,100174,5547,648,213,120,35
2025-08-27,SNS広告,12951,70303,2462,203,60,31,10
2025-08-27,自然検索,0,2426,222,29,12,7,2
2025-08-27,紹介,0,1933,248,53,25,13,7
2025-08-28,検索広告,22236,138723,7586,925,290,172,65
2025-08-28,SNS広告,15637,100703,3672,344,83,41,13
2025-08-28,自然検索,0,2657,255,39,10,6,2
2025-08-28,紹介,0,2307,270,62,23,10,5
2025-08-29,検索広告,21019,134326,7476,933,270,157,60
2025-08-29,SNS広告,15674,84895,3059,273,59,36,12
2025-08-29,自然検索,0,2222,216,30,5,1,0
2025-08-29,紹介,0,2627,330,79,30,17,7
2025-08-30,検索広告,26607,158195,8836,1084,305,174,61
2025-08-30,SNS広告,12270,87893,3262,305,75,43,16
2025-08-30,自然検索,0,2651,238,44,20,12,5
2025-08-30,紹介,0,1847,209,50,22,17,6
2025-08-31,検索広告,20878,103777,5794,675,190,114,30
2025-08-31,SNS広告,7853,46909,1749,164,34,19,6
2025-08-31,自然検索,0,2296,252,34,16,11,7
2025-08-31,紹介,0,1887,237,52,21,10,5
2025-09-01,検索広告,20723,150617,8357,998,314,172,72
2025-09-01,SNS広告,17350,91055,3456,319,86,48,14
2025-09-01,自然検索,0,2093,230,36,12,9,6
2025-09-01,紹介,0,2343,278,59,21,12,6
2025-09-02,検索広告,19440,128025,7198,892,267,145,59
2025-09-02,SNS広告,12573,88430,3266,296,63,29,8
2025-09-02,自然検索,0,2354,225,36,10,7,1
2025-09-02,紹介,0,2272,261,66,25,13,9
2025-09-03,検索広告,15311,85662,4760,564,162,92,38
2025-09-03,SNS広告,13491,75651,2739,249,58,35,15
2025-09-03,自然検索,0,2144,228,37,16,6,5
2025-09-03,紹介,0,2301,286,56,23,16,7
2025-09-04,検索広告,19187,92397,5323,611,168,98,39
2025-09-04,SNS広告,20063,90805,3258,287,67,43,13
2025-09-04,自然検索,0,2246,202,33,13,10,4
2025-09-04,紹介,0,2248,266,70,30,17,9
2025-09-05,検索広告,19773,143250,8035,919,269,148,55
2025-09-05,SNS広告,11787,53901,1975,182,44,25,6
2025-09-05,自然検索,0,2410,242,38,16,8,2
2025-09-05,紹介,0,2500,321,90,33,13,9
2025-09-06,検索広告,14869,75803,4422,557,151,82,28
2025-09-06,SNS広告,16459,74664,2723,222,64,43,14
2025-09-06,自然検索,0,2230,220,40,18,9,4
2025-09-06,紹介,0,2356,304,77,33,14,5
2025-09-07,検索広告,22926,140303,7880,945,275,145,48
2025-09-07,SNS広告,16569,75146,2752,232,65,32,13
2025-09-07,自然検索,0,2330,238,33,9,2,1
2025-09-07,紹介,0,2020,267,64,22,13,6
2025-09-08,検索広告,18376,122514,6976,829,247,141,51
2025-09-08,SNS広告,14850,71632,2641,256,62,41,7
2025-09-08,自然検索,0,2170,206,33,9,7,3
2025-09-08,紹介,0,2264,271,64,35,14,10
2025-09-09,検索広告,18847,104300,5819,701,209,118,41
2025-09-09,SNS広告,19900,127208,4704,427,81,42,13
2025-09-09,自然検索,0,2427,203,39,15,8,1
2025-09-09,紹介,0,2012,273,71,25,9,3
2025-09-10,検索広告,17548,93693,5310,646,188,107,46
2025-09-10,SNS広告,15736,86626,3170,316,70,39,14
2025-09-10,自然検索,0,2437,242,31,14,7,2
2025-09-10,紹介,0,2798,358,75,33,16,7
2025-09-11,検索広告,21332,104418,5957,713,213,121,44
2025-09-11,SNS広告,14873,76037,2872,256,61,30,13
2025-09-11,自然検索,0,2054,197,39,15,10,2
2025-09-11,紹介,0,2320,297,59,29,16,4
2025-09-12,検索広告,20758,126936,7270,891,282,147,57
2025-09-12,SNS広告,18437,132130,4813,405,99,54,19
2025-09-12,自然検索,0,2889,267,46,15,7,2
2025-09-12,紹介,0,2676,338,70,24,16,7
2025-09-13,検索広告,21231,128698,7333,855,250,125,51
2025-09-13,SNS広告,16483,97432,3517,326,62,36,10
2025-09-13,自然検索,0,1885,187,23,6,1,0
2025-09-13,紹介,0,1604,216,67,29,13,4
2025-09-14,検索広告,21064,131716,7599,903,291,166,60
2025-09-14,SNS広告,12904,69950,2684,236,49,18,6
2025-09-14,自然検索,0,2451,242,45,20,10,4
2025-09-14,紹介,0,2029,269,69,34,19,8
2025-09-15,検索広告,22753,145961,8252,976,294,168,66
2025-09-15,SNS広告,13306,97568,3592,358,78,41,11
2025-09-15,自然検索,0,1467,139,17,0,0,0
2025-09-15,紹介,0,2004,256,56,25,14,6
2025-09-16,検索広告,18844,104649,5905,719,234,124,45
2025-09-16,SNS広告,18784,134345,5066,483,111,63,22
2025-09-16,自然検索,0,2086,197,26,13,9,3
2025-09-16,紹介,0,2065,265,68,29,19,9
2025-09-17,検索広告,18669,133134,7593,886,253,149,50
2025-09-17,SNS広告,15551,76510,2877,272,62,33,11
2025-09-17,自然検索,0,2198,201,27,9,4,1
2025-09-17,紹介,0,2545,299,74,30,9,4
2025-09-18,検索広告,20942,131964,7622,931,259,155,53
2025-09-18,SNS広告,14749,83584,3190,280,74,47,13
2025-09-18,自然検索,0,2317,230,42,11,7,4
2025-09-18,紹介,0,2015,256,67,30,22,11
2025-09-19,検索広告,13686,64160,3711,447,116,73,22
2025-09-19,SNS広告,13397,74399,2788,253,63,35,10
2025-09-19,自然検索,0,2238,231,31,15,8,4
2025-09-19,紹介,0,1784,216,53,20,12,9
2025-09-20,検索広告,16042,79315,4605,563,158,76,23
2025-09-20,SNS広告,18789,99530,3728,339,96,53,18
2025-09-20,自然検索,0,2049,181,36,11,2,0
2025-09-20,紹介,0,2392,285,51,21,10,3
2025-09-21,検索広告,23347,126424,7220,851,260,143,48
2025-09-21,SNS広告,14150,99866,3770,331,79,38,7
2025-09-21,自然検索,0,1984,206,26,10,8,5
2025-09-21,紹介,0,2357,304,76,34,15,9
2025-09-22,検索広告,19039,129017,7540,885,280,156,60
2025-09-22,SNS広告,15265,72675,2731,227,57,41,13
2025-09-22,自然検索,0,2448,243,44,12,5,3
2025-09-22,紹介,0,1892,259,52,23,14,8
2025-09-23,検索広告,20371,127486,7340,921,265,143,61
2025-09-23,SNS広告,15442,85607,3294,285,80,46,19
2025-09-23,自然検索,0,2054,210,33,12,7,3
2025-09-23,紹介,0,2309,292,62,22,15,8
2025-09-24,検索広告,15993,76789,4488,556,190,105,32
2025-09-24,SNS広告,18100,96135,3676,342,57,29,16
2025-09-24,自然検索,0,2726,275,47,19,7,3
2025-09-24,紹介,0,2445,314,78,36,20,11
2025-09-25,検索広告,17425,84116,4947,592,189,108,25
2025-09-25,SNS広告,16771,120348,4490,373,87,55,16
2025-09-25,自然検索,0,2100,232,38,12,5,4
2025-09-25,紹介,0,2072,299,78,27,13,5
2025-09-26,検索広告,17065,118949,6856,816,219,122,39
2025-09-26,SNS広告,16964,126513,4832,437,99,59,24
2025-09-26,自然検索,0,2461,257,30,12,6,3
2025-09-26,紹介,0,2587,328,76,32,15,9
2025-09-27,検索広告,18992,141931,8168,968,279,177,60
2025-09-27,SNS広告,14513,80046,3138,293,61,39,13
2025-09-27,自然検索,0,2458,241,38,14,7,1
2025-09-27,紹介,0,2073,267,52,23,20,15
2025-09-28,検索広告,17767,123657,7304,901,260,133,48
2025-09-28,SNS広告,16068,101525,3907,362,86,45,19
2025-09-28,自然検索,0,3029,279,50,20,11,2
2025-09-28,紹介,0,2403,320,66,27,13,8
2025-09-29,検索広告,25670,154819,9001,1106,349,190,58
2025-09-29,SNS広告,17451,86189,3257,291,68,42,11
2025-09-29,自然検索,0,2239,255,52,13,7,1
2025-09-29,紹介,0,1920,229,45,14,6,5
2025-09-30,検索広告,16566,115307,6815,807,244,134,42
2025-09-30,SNS広告,12462,74551,2830,242,62,37,14
2025-09-30,自然検索,0,2254,221,38,10,4,1
2025-09-30,紹介,0,2315,286,73,29,13,7
2025-10-01,検索広告,22431,102796,6038,716,219,133,59
2025-10-01,SNS広告,17582,117548,4569,392,78,48,12
2025-10-01,自然検索,0,1841,186,38,10,7,4
2025-10-01,紹介,0,2465,314,72,38,22,8
2025-10-02,検索広告,17325,128603,7502,931,259,152,43
2025-10-02,SNS広告,13831,96615,3629,318,80,44,11
2025-10-02,自然検索,0,2088,226,43,13,8,2
2025-10-02,紹介,0,1869,220,45,18,10,7
2025-10-03,検索広告,23819,163031,9653,1139,349,208,65
2025-10-03,SNS広告,16222,100976,3815,320,76,49,15
2025-10-03,自然検索,0,2058,236,33,12,6,3
2025-10-03,紹介,0,2054,301,67,29,14,9
2025-10-04,検索広告,17961,85870,4910,600,161,94,30
2025-10-04,SNS広告,13548,100319,3879,315,83,45,7
2025-10-04,自然検索,0,2420,245,47,21,11,5
2025-10-04,紹介,0,1955,272,68,22,12,5
2025-10-05,検索広告,17904,85481,5088,626,213,139,50
2025-10-05,SNS広告,14677,91949,3573,353,84,42,15
2025-10-05,自然検索,0,2110,203,39,12,5,1
2025-10-05,紹介,0,2579,344,92,42,22,12
2025-10-06,検索広告,19917,131019,7733,967,301,159,56
2025-10-06,SNS広告,14822,88824,3486,293,62,38,7
2025-10-06,自然検索,0,2599,262,42,7,6,2
2025-10-06,紹介,0,2106,295,71,29,15,7
2025-10-07,検索広告,21427,108050,6362,794,237,131,55
2025-10-07,SNS広告,15220,90081,3526,332,68,45,16
2025-10-07,自然検索,0,2382,232,39,15,7,3
2025-10-07,紹介,0,2371,313,72,31,16,9
2025-10-08,検索広告,23826,149074,8827,1086,315,168,66
2025-10-08,SNS広告,15060,107338,4153,364,71,31,8
2025-10-08,自然検索,0,1855,177,22,6,3,2
2025-10-08,紹介,0,2024,268,52,20,9,4
2025-10-09,検索広告,20625,104452,6101,754,240,131,51
2025-10-09,SNS広告,17786,122666,4637,414,101,48,14
2025-10-09,自然検索,0,2107,206,33,12,6,0
2025-10-09,紹介,0,2666,346,79,28,16,4
2025-10-10,検索広告,19108,97352,5787,710,198,123,44
2025-10-10,SNS広告,13679,62005,2422,204,42,26,8
2025-10-10,自然検索,0,2321,224,28,16,9,4
2025-10-10,紹介,0,2731,383,88,39,25,9
2025-10-11,検索広告,16058,85948,5102,653,180,101,42
2025-10-11,SNS広告,11132,76819,3042,283,66,36,7
2025-10-11,自然検索,0,2392,258,50,14,9,5
2025-10-11,紹介,0,1962,253,66,23,14,3
2025-10-12,検索広告,23529,156536,9411,1100,342,196,67
2025-10-12,SNS広告,11480,85756,3351,298,72,44,16
2025-10-12,自然検索,0,2309,244,40,16,7,2
2025-10-12,紹介,0,2265,298,67,29,18,7
2025-10-13,検索広告,24882,132676,7853,903,275,150,54
2025-10-13,SNS広告,15570,84707,3263,326,78,43,12
2025-10-13,自然検索,0,2284,210,40,21,10,3
2025-10-13,紹介,0,2243,312,71,28,13,7
2025-10-14,検索広告,22856,137278,8261,985,298,160,74
2025-10-14,SNS広告,16045,80203,3081,265,70,40,4
2025-10-14,自然検索,0,2482,267,48,16,11,4
2025-10-14,紹介,0,1660,228,51,21,13,7
2025-10-15,検索広告,15961,87229,5257,672,210,114,42
2025-10-15,SNS広告,12971,63794,2540,214,50,36,14
2025-10-15,自然検索,0,2300,257,39,13,8,3
2025-10-15,紹介,0,2315,300,78,37,24,11
2025-10-16,検索広告,16302,111151,6787,823,234,130,40
2025-10-16,SNS広告,12956,85331,3285,270,59,33,9
2025-10-16,自然検索,0,1974,194,28,8,3,2
2025-10-16,紹介,0,1775,240,54,18,12,9
2025-10-17,検索広告,19113,139867,8342,994,286,163,52
2025-10-17,SNS広告,15742,102394,4001,356,81,43,16
2025-10-17,自然検索,0,2490,272,47,16,7,6
2025-10-17,紹介,0,2641,377,80,36,21,11
2025-10-18,検索広告,22880,108026,6447,797,247,149,51
2025-10-18,SNS広告,17015,104062,4094,344,84,42,7
2025-10-18,自然検索,0,1670,168,21,8,4,2
2025-10-18,紹介,0,1952,276,62,21,12,9
2025-10-19,検索広告,21383,96302,5725,707,217,118,42
2025-10-19,SNS広告,15927,81488,3195,306,68,43,17
2025-10-19,自然検索,0,2484,272,46,18,10,3
2025-10-19,紹介,0,2017,260,64,28,16,10
2025-10-20,検索広告,18861,93559,5706,695,213,125,37
2025-10-20,SNS広告,16766,105069,4161,347,78,40,11
2025-10-20,自然検索,0,1959,194,44,17,13,1
2025-10-20,紹介,0,1787,239,52,20,12,8
2025-10-21,検索広告,23400,107308,6487,797,229,130,60
2025-10-21,SNS広告,10111,72508,2808,250,59,26,10
2025-10-21,自然検索,0,2311,240,34,9,8,6
2025-10-21,紹介,0,2070,272,81,26,13,8
2025-10-22,検索広告,18434,96375,5782,690,208,122,40
2025-10-22,SNS広告,14309,96492,3759,312,71,40,10
2025-10-22,自然検索,0,2051,217,28,8,4,1
2025-10-22,紹介,0,2430,346,75,32,14,5
2025-10-23,検索広告,18815,97435,5968,729,208,126,47
2025-10-23,SNS広告,15340,73442,2929,268,71,38,8
2025-10-23,自然検索,0,1936,186,23,7,4,3
2025-10-23,紹介,0,2082,282,68,24,11,7
2025-10-24,検索広告,21180,115909,7028,875,288,159,50
2025-10-24,SNS広告,16908,100715,3930,350,83,44,3
2025-10-24,自然検索,0,1889,195,30,10,6,1
2025-10-24,紹介,0,2112,298,58,25,17,11
2025-10-25,検索広告,22819,141981,8569,1016,316,176,68
2025-10-25,SNS広告,21062,110935,4325,403,85,41,14
2025-10-25,自然検索,0,2037,233,42,16,6,4
2025-10-25,紹介,0,2211,289,63,29,21,11
2025-10-26,検索広告,23215,158228,9501,1147,346,187,58
2025-10-26,SNS広告,12655,91745,3714,324,69,35,11
2025-10-26,自然検索,0,2718,277,42,14,9,5
2025-10-26,紹介,0,2045,259,53,21,13,9
2025-10-27,検索広告,19255,111895,6687,842,224,119,46
2025-10-27,SNS広告,17877,83874,3359,280,62,31,12
2025-10-27,自然検索,0,1810,183,21,11,4,2
2025-10-27,紹介,0,1989,265,62,19,13,4
2025-10-28,検索広告,18427,116181,7129,848,248,149,59
2025-10-28,SNS広告,17900,96442,3875,350,89,43,11
2025-10-28,自然検索,0,1929,193,32,11,4,2
2025-10-28,紹介,0,2611,369,80,30,21,7
2025-10-29,検索広告,18067,91859,5697,691,219,121,40
2025-10-29,SNS広告,13924,66301,2644,207,55,26,8
2025-10-29,自然検索,0,2497,253,43,12,6,5
2025-10-29,紹介,0,1782,254,63,24,18,16
2025-10-30,検索広告,22399,137637,8448,997,292,154,54
2025-10-30,SNS広告,12860,86381,3429,324,64,45,10
2025-10-30,自然検索,0,2023,233,32,8,4,3
2025-10-30,紹介,0,2593,394,73,29,16,6
2025-10-31,検索広告,11778,57515,3563,392,126,75,34
2025-10-31,SNS広告,13542,83962,3240,300,70,39,10
2025-10-31,自然検索,0,2631,256,35,11,4,3
2025-10-31,紹介,0,2421,302,67,32,14,8
2025-11-01,検索広告,14875,72666,4540,543,164,92,34
2025-11-01,SNS広告,19426,97610,3797,343,85,47,15
2025-11-01,自然検索,0,1538,145,19,2,1,0
2025-11-01,紹介,0,2646,389,92,40,22,14
2025-11-02,検索広告,14275,86264,5320,621,186,111,37
2025-11-02,SNS広告,19050,134209,5380,474,119,79,21
2025-11-02,自然検索,0,2388,255,44,14,11,4
2025-11-02,紹介,0,2523,360,77,25,9,3
2025-11-03,検索広告,22721,130099,8079,969,312,180,57
2025-11-03,SNS広告,17125,126861,5068,476,109,58,17
2025-11-03,自然検索,0,2164,233,41,16,8,4
2025-11-03,紹介,0,2693,351,85,39,20,11
2025-11-04,検索広告,18874,97164,5980,677,214,119,47
2025-11-04,SNS広告,9640,69758,2802,250,56,35,11
2025-11-04,自然検索,0,2026,237,43,15,8,2
2025-11-04,紹介,0,2072,299,63,30,14,9
2025-11-05,検索広告,19900,148803,9166,1125,307,169,54
2025-11-05,SNS広告,16734,76554,3136,268,63,39,7
2025-11-05,自然検索,0,1973,199,24,14,8,1
2025-11-05,紹介,0,1717,222,52,22,13,8
2025-11-06,検索広告,21401,134840,8336,1029,314,169,46
2025-11-06,SNS広告,15541,82503,3257,312,89,46,9
2025-11-06,自然検索,0,1903,200,36,11,5,4
2025-11-06,紹介,0,2230,292,57,24,12,6
2025-11-07,検索広告,18261,101958,6304,743,222,136,56
2025-11-07,SNS広告,12428,77012,3217,294,64,38,16
2025-11-07,自然検索,0,2425,269,35,12,8,4
2025-11-07,紹介,0,2303,286,78,31,17,9
2025-11-08,検索広告,15772,74110,4706,572,162,97,34
2025-11-08,SNS広告,19656,131289,5164,476,106,53,10
2025-11-08,自然検索,0,2235,257,40,15,11,7
2025-11-08,紹介,0,1584,211,47,29,18,9
2025-11-09,検索広告,19815,146503,9270,1092,345,196,69
2025-11-09,SNS広告,16009,91683,3712,315,73,46,17
2025-11-09,自然検索,0,1791,160,21,8,6,3
2025-11-09,紹介,0,1937,257,45,16,11,3
2025-11-10,検索広告,19376,140670,8739,1003,292,170,51
2025-11-10,SNS広告,15103,69003,2729,261,61,41,15
2025-11-10,自然検索,0,2206,237,39,14,6,3
2025-11-10,紹介,0,2195,283,72,32,16,7
2025-11-11,検索広告,16682,75472,4673,543,168,89,26
2025-11-11,SNS広告,11159,70448,2817,252,58,33,9
2025-11-11,自然検索,0,2004,210,39,16,9,2
2025-11-11,紹介,0,2210,280,58,19,10,4
2025-11-12,検索広告,15015,69666,4360,485,152,92,40
2025-11-12,SNS広告,12817,74757,3016,272,67,41,14
2025-11-12,自然検索,0,2389,257,55,18,12,5
2025-11-12,紹介,0,2157,324,67,25,11,5
2025-11-13,検索広告,15954,105917,6793,804,224,111,40
2025-11-13,SNS広告,19211,103001,4196,387,90,53,12
2025-11-13,自然検索,0,2346,255,53,16,10,4
2025-11-13,紹介,0,2379,319,83,41,17,5
2025-11-14,検索広告,21812,161626,10054,1220,376,209,73
2025-11-14,SNS広告,16490,114283,4599,437,89,46,14
2025-11-14,自然検索,0,2537,277,50,17,9,4
2025-11-14,紹介,0,2130,306,62,24,13,5
2025-11-15,検索広告,16605,85224,5365,658,171,87,27
2025-11-15,SNS広告,10180,61338,2475,223,60,37,9
2025-11-15,自然検索,0,2844,309,46,17,7,3
2025-11-15,紹介,0,1694,250,60,29,14,8
2025-11-16,検索広告,19972,106908,6667,789,244,141,45
2025-11-16,SNS広告,16737,110260,4494,425,106,63,19
2025-11-16,自然検索,0,1983,231,40,14,6,4
2025-11-16,紹介,0,1653,228,50,24,14,4
2025-11-17,検索広告,20629,95881,5993,757,255,142,50
2025-11-17,SNS広告,15333,82711,3363,311,71,37,9
2025-11-17,自然検索,0,2336,256,37,10,7,3
2025-11-17,紹介,0,2345,323,73,34,18,11
2025-11-18,検索広告,16925,102932,6397,775,225,137,40
2025-11-18,SNS広告,12338,64151,2611,227,46,29,10
2025-11-18,自然検索,0,2422,266,40,13,3,0
2025-11-18,紹介,0,2438,334,86,28,19,10
2025-11-19,検索広告,15009,69434,4308,520,166,86,29
2025-11-19,SNS広告,14792,79153,3237,306,78,45,9
2025-11-19,自然検索,0,2051,229,39,13,11,4
2025-11-19,紹介,0,1814,225,63,24,18,7
2025-11-20,検索広告,23379,158293,10116,1224,379,219,79
2025-11-20,SNS広告,9179,45377,1749,133,34,20,8
2025-11-20,自然検索,0,2410,247,32,13,8,4
2025-11-20,紹介,0,1946,270,65,27,11,5
2025-11-21,検索広告,17401,114456,7193,845,244,126,46
2025-11-21,SNS広告,14792,102415,4232,382,91,53,17
2025-11-21,自然検索,0,1917,190,29,6,4,0
2025-11-21,紹介,0,2484,334,87,44,27,14
2025-11-22,検索広告,15660,96155,5996,699,229,122,49
2025-11-22,SNS広告,18368,125951,5322,459,99,58,16
2025-11-22,自然検索,0,2054,235,43,11,3,0
2025-11-22,紹介,0,2262,325,76,29,18,8
2025-11-23,検索広告,20854,153442,9735,1157,341,200,77
2025-11-23,SNS広告,10891,68813,2834,241,61,38,14
2025-11-23,自然検索,0,1869,209,37,13,7,2
2025-11-23,紹介,0,2020,294,68,29,17,11
2025-11-24,検索広告,18472,132252,8370,1077,327,186,62
2025-11-24,SNS広告,16696,114980,4734,433,103,54,17
2025-11-24,自然検索,0,2249,236,27,7,4,3
2025-11-24,紹介,0,2158,293,62,26,14,6
2025-11-25,検索広告,18922,89933,5778,609,175,102,43
2025-11-25,SNS広告,16390,84183,3485,352,101,65,23
2025-11-25,自然検索,0,2086,247,36,10,5,1
2025-11-25,紹介,0,1764,263,60,28,20,12
2025-11-26,検索広告,15539,105738,6723,817,240,138,53
2025-11-26,SNS広告,19997,120549,4857,451,95,48,19
2025-11-26,自然検索,0,2056,252,46,14,7,3
2025-11-26,紹介,0,2456,356,74,29,15,7
2025-11-27,検索広告,18027,99384,6478,780,230,135,44
2025-11-27,SNS広告,15482,87044,3696,350,83,49,16
2025-11-27,自然検索,0,2428,247,34,14,11,5
2025-11-27,紹介,0,1936,239,62,28,16,10
2025-11-28,検索広告,17521,96150,6148,726,220,126,47
2025-11-28,SNS広告,18254,94517,3939,388,96,49,9
2025-11-28,自然検索,0,2145,265,53,19,6,4
2025-11-28,紹介,0,1950,284,77,29,19,6
2025-11-29,検索広告,19915,136158,8693,1053,326,178,60
2025-11-29,SNS広告,13932,102500,4228,364,74,45,15
2025-11-29,自然検索,0,2270,232,46,18,11,4
2025-11-29,紹介,0,1895,271,65,28,15,10
2025-11-30,検索広告,18030,123109,7814,940,290,170,57
2025-11-30,SNS広告,17634,93855,3909,356,71,43,12
2025-11-30,自然検索,0,2198,263,45,14,10,6
2025-11-30,紹介,0,2116,310,65,25,18,11
2025-12-01,検索広告,18015,115653,7354,919,278,146,51
2025-12-01,SNS広告,14130,85102,3463,294,61,42,14
2025-12-01,自然検索,0,1780,189,34,9,3,2
2025-12-01,紹介,0,2227,333,77,27,10,2
2025-12-02,検索広告,22560,112969,7194,899,279,168,64
2025-12-02,SNS広告,13776,100772,4203,375,78,44,18
2025-12-02,自然検索,0,1858,179,27,9,6,2
2025-12-02,紹介,0,1939,259,65,24,13,7
2025-12-03,検索広告,21380,117155,7598,861,241,142,49
2025-12-03,SNS広告,13449,86608,3586,345,65,38,19
2025-12-03,自然検索,0,1649,171,28,6,1,0
2025-12-03,紹介,0,2310,306,75,33,14,8
2025-12-04,検索広告,20519,146806,9361,1122,354,186,66
2025-12-04,SNS広告,14462,75473,3113,272,52,25,3
2025-12-04,自然検索,0,2420,281,43,14,9,3
2025-12-04,紹介,0,2138,280,58,14,7,3
2025-12-05,検索広告,19782,98329,6403,792,243,135,47
2025-12-05,SNS広告,16354,111273,4586,384,101,58,18
2025-12-05,自然検索,0,2504,288,52,20,12,2
2025-12-05,紹介,0,1979,309,70,27,18,6
2025-12-06,検索広告,18506,102895,6629,862,260,149,57
2025-12-06,SNS広告,14043,88666,3811,315,65,27,7
2025-12-06,自然検索,0,2382,279,45,14,10,5
2025-12-06,紹介,0,2025,309,82,29,16,7
2025-12-07,検索広告,20503,132055,8520,990,317,170,59
2025-12-07,SNS広告,21012,133542,5565,480,119,72,21
2025-12-07,自然検索,0,2123,255,32,12,5,3
2025-12-07,紹介,0,2479,364,86,28,17,11
2025-12-08,検索広告,14626,95137,6073,759,238,144,57
2025-12-08,SNS広告,12218,66933,2709,228,63,40,13
2025-12-08,自然検索,0,1948,196,33,12,9,5
2025-12-08,紹介,0,2275,304,72,34,19,8
2025-12-09,検索広告,18020,104633,6899,822,257,150,67
2025-12-09,SNS広告,13531,77552,3276,288,70,37,6
2025-12-09,自然検索,0,2603,291,42,12,5,3
2025-12-09,紹介,0,2545,352,85,26,15,4
2025-12-10,検索広告,13290,86730,5700,708,215,113,42
2025-12-10,SNS広告,17217,98922,4108,360,93,49,14
2025-12-10,自然検索,0,2476,276,45,15,10,2
2025-12-10,紹介,0,2074,299,65,25,15,5
2025-12-11,検索広告,22672,121967,7982,1002,314,166,65
2025-12-11,SNS広告,13826,80107,3353,317,57,34,14
2025-12-11,自然検索,0,2105,217,36,20,12,5
2025-12-11,紹介,0,2090,299,51,23,17,9
2025-12-12,検索広告,19341,97288,6361,783,245,144,50
2025-12-12,SNS広告,19244,114289,4808,431,110,57,15
2025-12-12,自然検索,0,2438,289,32,7,5,0
2025-12-12,紹介,0,2371,335,74,32,19,8
2025-12-13,検索広告,19374,98038,6508,785,259,146,52
2025-12-13,SNS広告,12833,82637,3502,321,86,49,18
2025-12-13,自然検索,0,2346,271,43,15,10,2
2025-12-13,紹介,0,2764,376,101,47,32,18
2025-12-14,検索広告,15645,104927,6834,734,219,121,44
2025-12-14,SNS広告,17022,103411,4257,383,98,53,18
2025-12-14,自然検索,0,2213,256,43,16,9,3
2025-12-14,紹介,0,2446,373,89,37,20,10
2025-12-15,検索広告,15999,81144,5335,605,166,84,30
2025-12-15,SNS広告,15718,88061,3707,332,86,38,10
2025-12-15,自然検索,0,2340,265,33,14,8,1
2025-12-15,紹介,0,1994,306,76,29,18,8
2025-12-16,検索広告,14051,69487,4605,564,171,94,27
2025-12-16,SNS広告,13292,90619,3795,337,71,38,11
2025-12-16,自然検索,0,2302,265,48,19,7,2
2025-12-16,紹介,0,2829,405,93,40,18,7
2025-12-17,検索広告,13609,71119,4679,607,171,87,26
2025-12-17,SNS広告,14445,104868,4475,407,103,69,31
2025-12-17,自然検索,0,2230,237,47,13,7,3
2025-12-17,紹介,0,1788,264,61,24,15,11
2025-12-18,検索広告,17428,107978,7021,855,250,146,60
2025-12-18,SNS広告,17767,116918,4956,447,99,60,21
2025-12-18,自然検索,0,2396,233,50,10,4,2
2025-12-18,紹介,0,1908,265,58,21,12,7
2025-12-19,検索広告,21789,108207,6898,826,278,147,48
2025-12-19,SNS広告,17730,111204,4739,416,92,47,12
2025-12-19,自然検索,0,2155,253,37,21,14,3
2025-12-19,紹介,0,2307,328,85,33,20,6
2025-12-20,検索広告,19104,105006,6930,822,239,138,54
2025-12-20,SNS広告,14835,80098,3506,316,79,42,11
2025-12-20,自然検索,0,2245,256,51,17,10,2
2025-12-20,紹介,0,1718,274,66,30,20,8
2025-12-21,検索広告,20725,110886,7179,916,270,155,54
2025-12-21,SNS広告,12674,92301,3962,335,73,35,10
2025-12-21,自然検索,0,2215,242,39,12,10,3
2025-12-21,紹介,0,2027,285,64,28,19,10
2025-12-22,検索広告,20021,117717,7778,970,324,198,73
2025-12-22,SNS広告,14371,72474,2931,249,50,27,9
2025-12-22,自然検索,0,1912,209,41,17,9,5
2025-12-22,紹介,0,1773,251,50,26,15,6
2025-12-23,検索広告,20095,113126,7465,903,275,155,52
2025-12-23,SNS広告,16084,85252,3683,300,61,36,7
2025-12-23,自然検索,0,1814,196,33,10,6,2
2025-12-23,紹介,0,2064,284,61,24,15,8
2025-12-24,検索広告,21039,140798,9343,1150,354,203,68
2025-12-24,SNS広告,14898,68346,2941,272,60,26,7
2025-12-24,自然検索,0,2749,279,42,12,8,2
2025-12-24,紹介,0,2456,402,80,29,13,4
2025-12-25,検索広告,25662,170048,11199,1352,409,223,99
2025-12-25,SNS広告,19582,131430,5552,502,109,66,23
2025-12-25,自然検索,0,1891,212,38,14,9,3
2025-12-25,紹介,0,1617,249,68,27,15,6
2025-12-26,検索広告,21052,151994,10067,1258,386,243,86
2025-12-26,SNS広告,18131,111717,4917,434,98,60,16
2025-12-26,自然検索,0,2004,218,41,16,12,6
2025-12-26,紹介,0,1637,218,56,25,16,10
2025-12-27,検索広告,16023,86490,5704,686,217,116,38
2025-12-27,SNS広告,17171,124202,5237,476,108,58,14
2025-12-27,自然検索,0,2478,267,35,17,12,5
2025-12-27,紹介,0,2376,336,73,36,24,15
2025-12-28,検索広告,14529,85228,5632,639,188,107,39
2025-12-28,SNS広告,13516,91569,3934,347,82,43,13
2025-12-28,自然検索,0,1901,222,35,10,6,1
2025-12-28,紹介,0,2400,333,70,36,22,12
2025-12-29,検索広告,18243,82880,5474,656,210,115,38
2025-12-29,SNS広告,8444,38047,1651,161,34,20,3
2025-12-29,自然検索,0,2020,247,40,19,9,4
2025-12-29,紹介,0,2256,354,76,32,14,7
2025-12-30,検索広告,22651,103409,6906,844,263,149,48
2025-12-30,SNS広告,16216,101200,4366,380,85,52,16
2025-12-30,自然検索,0,1762,205,27,13,8,4
2025-12-30,紹介,0,2637,393,92,37,20,14
2025-12-31,検索広告,21122,150177,9911,1131,308,169,70
2025-12-31,SNS広告,11951,54991,2452,224,50,27,7
2025-12-31,自然検索,0,2263,276,38,15,6,1
2025-12-31,紹介,0,1951,288,65,29,18,10
2026-01-01,検索広告,21605,147463,9997,1261,366,204,76
2026-01-01,SNS広告,17575,111462,4847,463,103,58,19
2026-01-01,自然検索,0,2059,236,38,16,11,5
2026-01-01,紹介,0,2005,291,66,25,13,4
2026-01-02,検索広告,15642,107214,7122,852,256,155,45
2026-01-02,SNS広告,11691,62011,2659,230,58,35,9
2026-01-02,自然検索,0,1800,208,34,9,5,3
2026-01-02,紹介,0,2308,339,73,32,17,9
2026-01-03,検索広告,16548,117986,7827,947,269,142,48
2026-01-03,SNS広告,20251,113460,5065,468,107,60,16
2026-01-03,自然検索,0,2546,273,42,12,6,2
2026-01-03,紹介,0,2098,301,75,32,22,9
2026-01-04,検索広告,22881,167686,11121,1309,408,231,82
2026-01-04,SNS広告,9994,62003,2612,229,54,31,7
2026-01-04,自然検索,0,2102,261,42,12,6,2
2026-01-04,紹介,0,2172,327,80,27,17,11
2026-01-05,検索広告,15518,115467,7789,972,300,158,63
2026-01-05,SNS広告,18431,124891,5439,498,116,60,15
2026-01-05,自然検索,0,2230,258,44,15,10,4
2026-01-05,紹介,0,2116,312,77,32,18,8
2026-01-06,検索広告,18571,128504,8663,1047,307,190,85
2026-01-06,SNS広告,13553,69279,2980,278,72,51,15
2026-01-06,自然検索,0,2051,225,42,15,9,5
2026-01-06,紹介,0,1721,244,55,30,16,7
2026-01-07,検索広告,22153,134755,9021,1040,336,189,74
2026-01-07,SNS広告,8729,49628,2234,193,48,25,11
2026-01-07,自然検索,0,2153,256,43,15,10,2
2026-01-07,紹介,0,2423,384,85,34,19,8
2026-01-08,検索広告,18155,94626,6415,749,240,120,44
2026-01-08,SNS広告,16879,111840,4923,465,107,66,16
2026-01-08,自然検索,0,2583,295,38,18,13,6
2026-01-08,紹介,0,2130,306,65,30,17,5
2026-01-09,検索広告,21509,160199,10843,1292,384,217,79
2026-01-09,SNS広告,15880,74782,3361,333,80,47,14
2026-01-09,自然検索,0,2457,295,59,20,5,2
2026-01-09,紹介,0,2625,403,103,51,28,16
2026-01-10,検索広告,23505,169076,11237,1288,363,204,71
2026-01-10,SNS広告,17212,93375,4037,336,62,34,10
2026-01-10,自然検索,0,2356,263,45,14,5,3
2026-01-10,紹介,0,2617,415,96,45,24,10
2026-01-11,検索広告,22211,108104,7284,863,258,135,42
2026-01-11,SNS広告,14306,84378,3614,337,76,43,11
2026-01-11,自然検索,0,2329,276,49,21,12,2
2026-01-11,紹介,0,2383,337,76,41,25,15
2026-01-12,検索広告,19504,131126,8709,1018,309,175,67
2026-01-12,SNS広告,14140,90364,3955,341,84,45,14
2026-01-12,自然検索,0,2370,294,40,9,6,2
2026-01-12,紹介,0,2601,369,90,35,19,10
2026-01-13,検索広告,19668,112151,7620,938,293,172,62
2026-01-13,SNS広告,12231,91619,4040,367,84,50,10
2026-01-13,自然検索,0,2048,218,41,18,13,3
2026-01-13,紹介,0,2058,322,70,27,13,5
2026-01-14,検索広告,22665,123257,8378,1084,331,185,74
2026-01-14,SNS広告,14081,84484,3693,342,92,44,12
2026-01-14,自然検索,0,2229,267,43,11,8,3
2026-01-14,紹介,0,2660,394,88,39,26,10
2026-01-15,検索広告,17449,91350,6291,797,215,131,47
2026-01-15,SNS広告,17559,102262,4406,383,93,45,15
2026-01-15,自然検索,0,2064,253,43,14,7,4
2026-01-15,紹介,0,2100,316,72,27,18,9
2026-01-16,検索広告,17724,116517,7894,918,254,151,62
2026-01-16,SNS広告,11389,57925,2583,263,53,30,11
2026-01-16,自然検索,0,2009,244,41,11,4,3
2026-01-16,紹介,0,2344,351,72,35,21,13
2026-01-17,検索広告,20158,106337,7395,821,241,129,48
2026-01-17,SNS広告,15363,112702,4893,444,88,50,13
2026-01-17,自然検索,0,2428,296,39,14,8,3
2026-01-17,紹介,0,2035,315,87,40,28,15
2026-01-18,検索広告,17660,107049,7308,846,240,144,59
2026-01-18,SNS広告,13526,65722,3020,288,69,33,12
2026-01-18,自然検索,0,2322,277,38,11,9,3
2026-01-18,紹介,0,2256,389,94,41,21,7
2026-01-19,検索広告,18568,108920,7589,888,289,161,61
2026-01-19,SNS広告,13662,86773,3851,339,79,46,11
2026-01-19,自然検索,0,1962,235,44,10,5,3
2026-01-19,紹介,0,2308,372,84,35,23,14
2026-01-20,検索広告,16781,76420,5199,636,165,97,33
2026-01-20,SNS広告,13613,98825,4323,384,78,46,14
2026-01-20,自然検索,0,2127,231,38,11,8,1
2026-01-20,紹介,0,2080,337,84,39,22,8
2026-01-21,検索広告,23417,167463,11452,1461,463,261,82
2026-01-21,SNS広告,16431,96709,4308,402,88,48,15
2026-01-21,自然検索,0,2343,273,41,9,4,1
2026-01-21,紹介,0,2046,307,79,35,18,9
2026-01-22,検索広告,21073,145036,9947,1165,347,179,55
2026-01-22,SNS広告,16151,105032,4607,431,115,69,18
2026-01-22,自然検索,0,2113,271,47,20,12,5
2026-01-22,紹介,0,2014,297,64,20,12,4
2026-01-23,検索広告,20421,126573,8608,1048,321,176,74
2026-01-23,SNS広告,15277,98160,4267,378,71,32,10
2026-01-23,自然検索,0,2161,295,42,13,6,2
2026-01-23,紹介,0,1812,251,58,24,10,4
2026-01-24,検索広告,17553,116381,8110,926,284,158,62
2026-01-24,SNS広告,16339,114201,5034,459,105,51,21
2026-01-24,自然検索,0,1947,258,40,11,5,3
2026-01-24,紹介,0,1951,299,63,31,17,10
2026-01-25,検索広告,19050,98932,6771,824,257,159,53
2026-01-25,SNS広告,13193,75609,3321,286,80,50,17
2026-01-25,自然検索,0,2366,276,38,10,5,3
2026-01-25,紹介,0,1919,289,48,18,11,5
2026-01-26,検索広告,17775,91703,6404,761,230,143,53
2026-01-26,SNS広告,13736,63329,2844,268,66,39,9
2026-01-26,自然検索,0,1946,221,32,14,7,6
2026-01-26,紹介,0,2055,299,78,38,27,17
2026-01-27,検索広告,18303,108970,7419,877,258,146,54
2026-01-27,SNS広告,15101,97926,4294,386,91,50,18
2026-01-27,自然検索,0,3265,371,61,31,21,9
2026-01-27,紹介,0,2038,272,72,38,22,9
2026-01-28,検索広告,18845,86140,5877,716,213,121,41
2026-01-28,SNS広告,14114,105471,4674,422,102,69,18
2026-01-28,自然検索,0,2004,233,48,11,6,3
2026-01-28,紹介,0,2091,323,71,30,15,5
2026-01-29,検索広告,18701,125657,8638,1050,313,173,58
2026-01-29,SNS広告,11897,81283,3713,362,74,40,9
2026-01-29,自然検索,0,2091,240,34,16,8,1
2026-01-29,紹介,0,2471,387,89,36,20,10
2026-01-30,検索広告,18527,123757,8500,1070,327,190,61
2026-01-30,SNS広告,11665,81221,3611,344,82,51,14
2026-01-30,自然検索,0,2079,257,34,14,9,4
2026-01-30,紹介,0,2052,311,77,44,28,14
2026-01-31,検索広告,26647,132172,8979,1101,324,174,62
2026-01-31,SNS広告,14219,83018,3829,309,66,48,17
2026-01-31,自然検索,0,1738,215,38,16,6,3
2026-01-31,紹介,0,2603,366,74,32,21,12
2026-02-01,検索広告,21936,150158,10236,1218,377,215,75
2026-02-01,SNS広告,15706,90288,4171,351,68,35,10
2026-02-01,自然検索,0,2045,216,43,23,15,7
2026-02-01,紹介,0,1860,289,58,26,16,12
2026-02-02,検索広告,20520,152962,10723,1278,380,204,73
2026-02-02,SNS広告,11662,80684,3614,327,77,47,10
2026-02-02,自然検索,0,2113,251,41,13,6,2
2026-02-02,紹介,0,2870,437,97,45,25,15
2026-02-03,検索広告,17125,93032,6412,827,241,130,45
2026-02-03,SNS広告,18376,126924,5834,501,124,65,21
2026-02-03,自然検索,0,2227,288,34,13,9,6
2026-02-03,紹介,0,2582,372,88,33,19,10
2026-02-04,検索広告,22895,118057,8031,948,273,163,50
2026-02-04,SNS広告,18506,136533,6318,520,130,68,16
2026-02-04,自然検索,0,1840,218,36,15,8,4
2026-02-04,紹介,0,2068,308,65,31,18,12
2026-02-05,検索広告,18813,121125,8350,1014,286,175,64
2026-02-05,SNS広告,11149,80539,3689,323,77,50,12
2026-02-05,自然検索,0,2754,313,46,14,10,3
2026-02-05,紹介,0,2688,417,82,41,20,9
2026-02-06,検索広告,18879,137150,9554,1161,362,228,76
2026-02-06,SNS広告,11444,60552,2799,246,46,24,5
2026-02-06,自然検索,0,2317,296,57,19,13,4
2026-02-06,紹介,0,2689,402,83,39,21,10
2026-02-07,検索広告,20934,134192,9386,1141,352,196,85
2026-02-07,SNS広告,19351,117711,5495,509,123,61,17
2026-02-07,自然検索,0,2278,297,61,20,9,3
2026-02-07,紹介,0,2677,378,90,36,26,11
2026-02-08,検索広告,14202,69916,4812,519,160,90,36
2026-02-08,SNS広告,18991,129403,5936,555,126,60,17
2026-02-08,自然検索,0,2042,243,35,13,9,2
2026-02-08,紹介,0,1910,277,63,28,10,6
2026-02-09,検索広告,22429,110396,7710,907,288,168,66
2026-02-09,SNS広告,11697,82684,3765,384,88,50,13
2026-02-09,自然検索,0,2756,330,46,13,9,4
2026-02-09,紹介,0,1707,260,46,19,13,11
2026-02-10,検索広告,21120,114543,8046,965,298,178,68
2026-02-10,SNS広告,17642,115987,5284,473,106,56,18
2026-02-10,自然検索,0,2626,337,71,26,10,4
2026-02-10,紹介,0,1801,257,60,34,25,12
2026-02-11,検索広告,19933,123403,8448,974,310,187,77
2026-02-11,SNS広告,13295,69601,3162,258,60,34,12
2026-02-11,自然検索,0,2389,295,43,13,9,3
2026-02-11,紹介,0,2863,441,96,45,20,8
2026-02-12,検索広告,25880,147537,10568,1245,338,181,66
2026-02-12,SNS広告,13320,79750,3680,314,68,36,14
2026-02-12,自然検索,0,2519,341,67,21,11,5
2026-02-12,紹介,0,2347,347,81,34,21,10
2026-02-13,検索広告,16191,81195,5711,653,205,116,37
2026-02-13,SNS広告,17609,105033,4853,474,111,65,19
2026-02-13,自然検索,0,2232,294,48,20,11,5
2026-02-13,紹介,0,2050,292,63,30,14,9
2026-02-14,検索広告,19374,112496,7898,964,289,166,62
2026-02-14,SNS広告,16096,74837,3363,291,68,38,11
2026-02-14,自然検索,0,2181,247,40,14,10,2
2026-02-14,紹介,0,2021,309,68,24,16,5
2026-02-15,検索広告,19599,119958,8538,1006,295,174,65
2026-02-15,SNS広告,14003,79369,3582,311,71,45,17
2026-02-15,自然検索,0,1974,259,34,13,5,3
2026-02-15,紹介,0,2274,321,82,39,23,12
2026-02-16,検索広告,19657,117380,8296,1014,300,172,69
2026-02-16,SNS広告,16993,95451,4404,373,86,45,12
2026-02-16,自然検索,0,2353,279,42,16,10,5
2026-02-16,紹介,0,2540,380,86,49,24,14
2026-02-17,検索広告,17542,104190,7287,882,258,137,47
2026-02-17,SNS広告,15470,105917,5000,432,91,55,22
2026-02-17,自然検索,0,2297,283,49,16,10,5
2026-02-17,紹介,0,1823,281,69,28,19,7
2026-02-18,検索広告,17661,119175,8496,1029,321,182,55
2026-02-18,SNS広告,15772,103474,4783,464,118,61,12
2026-02-18,自然検索,0,2644,318,48,11,7,3
2026-02-18,紹介,0,1948,296,66,29,17,6
2026-02-19,検索広告,16377,109032,7741,976,293,179,66
2026-02-19,SNS広告,14711,80988,3611,311,67,42,16
2026-02-19,自然検索,0,2843,332,58,25,18,10
2026-02-19,紹介,0,2228,323,79,36,19,9
2026-02-20,検索広告,24006,177946,12646,1510,444,239,87
2026-02-20,SNS広告,15423,93604,4325,405,87,48,10
2026-02-20,自然検索,0,2647,340,66,20,10,4
2026-02-20,紹介,0,2500,369,86,32,17,13
2026-02-21,検索広告,20092,135333,9547,1180,367,196,65
2026-02-21,SNS広告,16181,100436,4648,441,123,71,23
2026-02-21,自然検索,0,1852,247,42,16,7,1
2026-02-21,紹介,0,2099,311,74,30,17,8
2026-02-22,検索広告,15072,88214,6400,744,235,131,48
2026-02-22,SNS広告,13569,68271,3093,291,72,38,6
2026-02-22,自然検索,0,2177,292,45,11,5,3
2026-02-22,紹介,0,2275,339,83,36,16,10
2026-02-23,検索広告,16621,79573,5649,604,156,80,32
2026-02-23,SNS広告,15749,100680,4742,445,107,50,16
2026-02-23,自然検索,0,2401,289,43,17,12,3
2026-02-23,紹介,0,2033,307,67,30,13,7
2026-02-24,検索広告,17440,109325,7911,937,255,137,46
2026-02-24,SNS広告,10987,58057,2625,238,52,32,11
2026-02-24,自然検索,0,1999,244,47,12,8,5
2026-02-24,紹介,0,2284,348,64,25,18,7
2026-02-25,検索広告,16634,114190,8181,987,302,172,61
2026-02-25,SNS広告,16947,113217,5207,464,110,63,22
2026-02-25,自然検索,0,2344,276,42,22,14,8
2026-02-25,紹介,0,2270,320,78,35,16,9
2026-02-26,検索広告,21988,119753,8556,990,280,171,59
2026-02-26,SNS広告,14894,91645,4211,399,97,49,14
2026-02-26,自然検索,0,2239,290,54,16,13,5
2026-02-26,紹介,0,1999,306,73,31,13,4
2026-02-27,検索広告,15577,74834,5297,620,183,99,45
2026-02-27,SNS広告,14468,90120,4216,369,73,51,7
2026-02-27,自然検索,0,2030,256,41,16,11,2
2026-02-27,紹介,0,2414,364,87,38,22,12
2026-02-28,検索広告,20036,104104,7457,902,261,158,65
2026-02-28,SNS広告,14878,92607,4331,392,77,45,17
2026-02-28,自然検索,0,2290,274,47,18,8,4
2026-02-28,紹介,0,2238,360,84,31,19,9
2026-03-01,検索広告,18260,134486,9664,1083,320,180,57
2026-03-01,SNS広告,15170,69293,3233,304,75,47,11
2026-03-01,自然検索,0,2686,348,54,13,10,5
2026-03-01,紹介,0,2513,348,84,30,16,10
2026-03-02,検索広告,23758,146308,10459,1192,358,203,73
2026-03-02,SNS広告,12812,82521,3948,358,75,38,12
2026-03-02,自然検索,0,2636,329,44,12,8,3
2026-03-02,紹介,0,2172,311,63,31,16,4
2026-03-03,検索広告,14467,105458,7637,906,312,173,70
2026-03-03,SNS広告,12137,87768,4111,333,59,37,9
2026-03-03,自然検索,0,2009,247,39,13,6,2
2026-03-03,紹介,0,2044,319,77,35,15,10
2026-03-04,検索広告,21796,160486,11429,1333,405,221,84
2026-03-04,SNS広告,10706,64617,3048,267,67,37,13
2026-03-04,自然検索,0,2750,354,69,20,13,8
2026-03-04,紹介,0,2243,319,64,25,17,4
2026-03-05,検索広告,16173,102886,7451,888,249,151,63
2026-03-05,SNS広告,15492,78311,3650,321,62,32,9
2026-03-05,自然検索,0,1817,250,32,11,6,3
2026-03-05,紹介,0,2048,299,78,45,24,10
2026-03-06,検索広告,17314,89607,6536,761,221,120,45
2026-03-06,SNS広告,11196,60027,2768,258,60,31,9
2026-03-06,自然検索,0,1924,236,48,13,4,1
2026-03-06,紹介,0,1678,259,71,31,16,6
2026-03-07,検索広告,15092,102222,7354,910,257,134,47
2026-03-07,SNS広告,16412,80592,3743,373,89,46,9
2026-03-07,自然検索,0,2026,244,33,9,7,3
2026-03-07,紹介,0,1869,275,62,23,16,4
2026-03-08,検索広告,18064,88545,6340,764,232,127,48
2026-03-08,SNS広告,19251,132590,6282,546,127,69,17
2026-03-08,自然検索,0,2670,338,51,21,15,7
2026-03-08,紹介,0,2776,415,93,47,28,17
2026-03-09,検索広告,18900,111552,7768,977,287,170,62
2026-03-09,SNS広告,13280,63605,3096,303,76,42,7
2026-03-09,自然検索,0,2248,280,45,21,9,3
2026-03-09,紹介,0,2111,300,76,31,16,8
2026-03-10,検索広告,21051,104281,7514,885,278,154,59
2026-03-10,SNS広告,16742,91504,4248,362,80,50,15
2026-03-10,自然検索,0,2632,303,46,17,10,5
2026-03-10,紹介,0,2611,383,92,43,25,8
2026-03-11,検索広告,25231,117143,8584,1046,290,170,52
2026-03-11,SNS広告,19323,115351,5252,489,119,66,23
2026-03-11,自然検索,0,2089,273,46,17,10,4
2026-03-11,紹介,0,2087,305,73,34,20,10
2026-03-12,検索広告,13616,73683,5337,665,193,107,46
2026-03-12,SNS広告,17039,95309,4475,401,100,57,13
2026-03-12,自然検索,0,1923,235,34,12,8,3
2026-03-12,紹介,0,2755,414,102,47,28,19
2026-03-13,検索広告,19580,129033,9528,1162,339,179,60
2026-03-13,SNS広告,14943,83843,4025,369,86,46,13
2026-03-13,自然検索,0,2013,249,46,21,11,2
2026-03-13,紹介,0,2364,363,73,39,21,11
2026-03-14,検索広告,19923,139140,10185,1176,370,207,68
2026-03-14,SNS広告,12247,90090,4320,371,86,55,21
2026-03-14,自然検索,0,1837,225,39,14,10,5
2026-03-14,紹介,0,1887,253,61,24,17,6
2026-03-15,検索広告,21380,104794,7522,909,267,174,61
2026-03-15,SNS広告,14106,98591,4686,410,100,53,16
2026-03-15,自然検索,0,1595,176,27,7,2,0
2026-03-15,紹介,0,2279,322,83,36,16,6
2026-03-16,検索広告,20846,143444,10585,1241,393,230,82
2026-03-16,SNS広告,15996,117395,5550,502,118,71,27
2026-03-16,自然検索,0,2258,299,62,19,10,4
2026-03-16,紹介,0,2547,397,107,39,21,11
2026-03-17,検索広告,16791,98960,7288,875,246,146,47
2026-03-17,SNS広告,14461,81781,3900,383,94,61,18
2026-03-17,自然検索,0,1893,242,42,17,6,2
2026-03-17,紹介,0,2357,365,85,40,21,8
2026-03-18,検索広告,17164,108421,7859,960,280,176,58
2026-03-18,SNS広告,13775,66319,3155,261,65,38,12
2026-03-18,自然検索,0,1969,228,31,9,5,1
2026-03-18,紹介,0,2584,426,113,40,28,16
2026-03-19,検索広告,16822,93510,7007,833,257,147,51
2026-03-19,SNS広告,20375,122380,5900,534,118,75,21
2026-03-19,自然検索,0,2498,328,49,19,8,4
2026-03-19,紹介,0,1854,282,61,28,18,9
2026-03-20,検索広告,18135,97892,6987,820,240,138,49
2026-03-20,SNS広告,9817,70475,3332,298,67,42,17
2026-03-20,自然検索,0,1795,214,38,10,3,2
2026-03-20,紹介,0,2297,336,80,35,20,9
2026-03-21,検索広告,17695,117881,8723,1035,307,174,71
2026-03-21,SNS広告,16295,80569,3854,309,73,41,8
2026-03-21,自然検索,0,2040,271,42,9,9,3
2026-03-21,紹介,0,3020,440,103,32,22,12
2026-03-22,検索広告,19199,115135,8596,1022,307,167,61
2026-03-22,SNS広告,14390,83144,3937,345,83,50,21
2026-03-22,自然検索,0,1966,240,48,14,9,3
2026-03-22,紹介,0,2472,361,83,34,23,11
2026-03-23,検索広告,22683,137140,10065,1167,345,187,57
2026-03-23,SNS広告,14194,85208,4068,370,86,54,12
2026-03-23,自然検索,0,1901,247,44,14,10,0
2026-03-23,紹介,0,2250,353,87,36,23,14
2026-03-24,検索広告,18013,130921,9641,1195,344,199,78
2026-03-24,SNS広告,13710,83801,4019,337,67,37,7
2026-03-24,自然検索,0,2084,298,45,14,9,1
2026-03-24,紹介,0,1883,270,65,31,18,5
2026-03-25,検索広告,15586,87255,6419,798,220,123,47
2026-03-25,SNS広告,12829,58138,2830,282,68,36,10
2026-03-25,自然検索,0,2281,260,43,13,9,3
2026-03-25,紹介,0,2718,424,92,42,17,8
2026-03-26,検索広告,21124,129738,9540,1153,318,193,71
2026-03-26,SNS広告,12960,83088,3962,341,78,44,14
2026-03-26,自然検索,0,2217,277,43,16,9,5
2026-03-26,紹介,0,1884,274,73,38,23,10
2026-03-27,検索広告,19272,140413,10316,1249,371,201,98
2026-03-27,SNS広告,16320,110629,5335,479,107,57,22
2026-03-27,自然検索,0,2213,297,45,14,12,9
2026-03-27,紹介,0,2474,391,100,51,23,9
2026-03-28,検索広告,22717,109547,8185,949,276,167,62
2026-03-28,SNS広告,15025,99006,4640,418,108,60,14
2026-03-28,自然検索,0,2612,359,57,20,10,5
2026-03-28,紹介,0,2549,380,92,33,18,8
2026-03-29,検索広告,21312,117017,8864,1041,322,173,51
2026-03-29,SNS広告,18174,136231,6737,617,153,82,27
2026-03-29,自然検索,0,2057,265,42,16,8,4
2026-03-29,紹介,0,2430,380,89,38,18,10
2026-03-30,検索広告,18895,134536,10053,1204,377,212,74
2026-03-30,SNS広告,16172,81327,3872,337,82,50,15
2026-03-30,自然検索,0,1951,238,50,12,6,4
2026-03-30,紹介,0,2204,360,86,40,24,12
2026-03-31,検索広告,15882,73793,5464,652,192,115,43
2026-03-31,SNS広告,13873,63048,3066,283,76,36,8
2026-03-31,自然検索,0,1754,242,50,14,4,1
2026-03-31,紹介,0,2260,340,76,39,20,7
