date,channel,line_registrations
2025-04-01,検索広告,400
2025-04-01,SNS広告,182
2025-04-01,自然検索,33
2025-04-01,紹介,39
2025-04-02,検索広告,596
2025-04-02,SNS広告,179
2025-04-02,自然検索,32
2025-04-02,紹介,50
2025-04-03,検索広告,651
2025-04-03,SNS広告,234
2025-04-03,自然検索,25
2025-04-03,紹介,57
2025-04-04,検索広告,474
2025-04-04,SNS広告,216
2025-04-04,自然検索,29
2025-04-04,紹介,43
2025-04-05,検索広告,629
2025-04-05,SNS広告,154
2025-04-05,自然検索,18
2025-04-05,紹介,56
2025-04-06,検索広告,540
2025-04-06,SNS広告,308
2025-04-06,自然検索,21
2025-04-06,紹介,53
2025-04-07,検索広告,516
2025-04-07,SNS広告,182
2025-04-07,自然検索,32
2025-04-07,紹介,51
2025-04-08,検索広告,527
2025-04-08,SNS広告,153
2025-04-08,自然検索,29
2025-04-08,紹介,60
2025-04-09,検索広告,773
2025-04-09,SNS広告,212
2025-04-09,自然検索,12
2025-04-09,紹介,40
2025-04-10,検索広告,694
2025-04-10,SNS広告,277
2025-04-10,自然検索,22
2025-04-10,紹介,46
2025-04-11,検索広告,503
2025-04-11,SNS広告,186
2025-04-11,自然検索,12
2025-04-11,紹介,47
2025-04-12,検索広告,545
2025-04-12,SNS広告,200
2025-04-12,自然検索,30
2025-04-12,紹介,55
2025-04-13,検索広告,669
2025-04-13,SNS広告,237
2025-04-13,自然検索,25
2025-04-13,紹介,51
2025-04-14,検索広告,693
2025-04-14,SNS広告,311
2025-04-14,自然検索,25
2025-04-14,紹介,61
2025-04-15,検索広告,538
2025-04-15,SNS広告,244
2025-04-15,自然検索,39
2025-04-15,紹介,48
2025-04-16,検索広告,847
2025-04-16,SNS広告,257
2025-04-16,自然検索,19
2025-04-16,紹介,48
2025-04-17,検索広告,731
2025-04-17,SNS広告,219
2025-04-17,自然検索,29
2025-04-17,紹介,43
2025-04-18,検索広告,684
2025-04-18,SNS広告,219
2025-04-18,自然検索,30
2025-04-18,紹介,49
2025-04-19,検索広告,574
2025-04-19,SNS広告,133
2025-04-19,自然検索,28
2025-04-19,紹介,43
2025-04-20,検索広告,514
2025-04-20,SNS広告,193
2025-04-20,自然検索,24
2025-04-20,紹介,54
2025-04-21,検索広告,646
2025-04-21,SNS広告,241
2025-04-21,自然検索,32
2025-04-21,紹介,72
2025-04-22,検索広告,653
2025-04-22,SNS広告,177
2025-04-22,自然検索,33
2025-04-22,紹介,38
2025-04-23,検索広告,649
2025-04-23,SNS広告,206
2025-04-23,自然検索,30
2025-04-23,紹介,46
2025-04-24,検索広告,630
2025-04-24,SNS広告,177
2025-04-24,自然検索,25
2025-04-24,紹介,62
2025-04-25,検索広告,618
2025-04-25,SNS広告,240
2025-04-25,自然検索,33
2025-04-25,紹介,58
2025-04-26,検索広告,708
2025-04-26,SNS広告,289
2025-04-26,自然検索,30
2025-04-26,紹介,58
2025-04-27,検索広告,567
2025-04-27,SNS広告,377
2025-04-27,自然検索,31
2025-04-27,紹介,56
2025-04-28,検索広告,898
2025-04-28,SNS広告,306
2025-04-28,自然検索,21
2025-04-28,紹介,50
2025-04-29,検索広告,465
2025-04-29,SNS広告,286
2025-04-29,自然検索,24
2025-04-29,紹介,50
2025-04-30,検索広告,631
2025-04-30,SNS広告,208
2025-04-30,自然検索,24
2025-04-30,紹介,64
2025-05-01,検索広告,554
2025-05-01,SNS広告,247
2025-05-01,自然検索,32
2025-05-01,紹介,46
2025-05-02,検索広告,417
2025-05-02,SNS広告,207
2025-05-02,自然検索,23
2025-05-02,紹介,63
2025-05-03,検索広告,889
2025-05-03,SNS広告,348
2025-05-03,自然検索,33
2025-05-03,紹介,49
2025-05-04,検索広告,421
2025-05-04,SNS広告,241
2025-05-04,自然検索,29
2025-05-04,紹介,54
2025-05-05,検索広告,489
2025-05-05,SNS広告,156
2025-05-05,自然検索,27
2025-05-05,紹介,46
2025-05-06,検索広告,385
2025-05-06,SNS広告,268
2025-05-06,自然検索,28
2025-05-06,紹介,54
2025-05-07,検索広告,698
2025-05-07,SNS広告,369
2025-05-07,自然検索,24
2025-05-07,紹介,42
2025-05-08,検索広告,399
2025-05-08,SNS広告,230
2025-05-08,自然検索,26
2025-05-08,紹介,48
2025-05-09,検索広告,629
2025-05-09,SNS広告,183
2025-05-09,自然検索,22
2025-05-09,紹介,52
2025-05-10,検索広告,644
2025-05-10,SNS広告,335
2025-05-10,自然検索,23
2025-05-10,紹介,56
2025-05-11,検索広告,460
2025-05-11,SNS広告,195
2025-05-11,自然検索,19
2025-05-11,紹介,47
2025-05-12,検索広告,475
2025-05-12,SNS広告,188
2025-05-12,自然検索,35
2025-05-12,紹介,49
2025-05-13,検索広告,787
2025-05-13,SNS広告,221
2025-05-13,自然検索,33
2025-05-13,紹介,44
2025-05-14,検索広告,597
2025-05-14,SNS広告,201
2025-05-14,自然検索,30
2025-05-14,紹介,52
2025-05-15,検索広告,640
2025-05-15,SNS広告,221
2025-05-15,自然検索,46
2025-05-15,紹介,49
2025-05-16,検索広告,636
2025-05-16,SNS広告,216
2025-05-16,自然検索,23
2025-05-16,紹介,31
2025-05-17,検索広告,616
2025-05-17,SNS広告,259
2025-05-17,自然検索,30
2025-05-17,紹介,66
2025-05-18,検索広告,691
2025-05-18,SNS広告,293
2025-05-18,自然検索,28
2025-05-18,紹介,64
2025-05-19,検索広告,726
2025-05-19,SNS広告,210
2025-05-19,自然検索,20
2025-05-19,紹介,53
2025-05-20,検索広告,746
2025-05-20,SNS広告,301
2025-05-20,自然検索,26
2025-05-20,紹介,40
2025-05-21,検索広告,750
2025-05-21,SNS広告,207
2025-05-21,自然検索,34
2025-05-21,紹介,59
2025-05-22,検索広告,519
2025-05-22,SNS広告,193
2025-05-22,自然検索,22
2025-05-22,紹介,59
2025-05-23,検索広告,575
2025-05-23,SNS広告,240
2025-05-23,自然検索,22
2025-05-23,紹介,34
2025-05-24,検索広告,513
2025-05-24,SNS広告,300
2025-05-24,自然検索,23
2025-05-24,紹介,58
2025-05-25,検索広告,402
2025-05-25,SNS広告,194
2025-05-25,自然検索,20
2025-05-25,紹介,69
2025-05-26,検索広告,686
2025-05-26,SNS広告,283
2025-05-26,自然検索,29
2025-05-26,紹介,65
2025-05-27,検索広告,614
2025-05-27,SNS広告,193
2025-05-27,自然検索,25
2025-05-27,紹介,56
2025-05-28,検索広告,628
2025-05-28,SNS広告,139
2025-05-28,自然検索,30
2025-05-28,紹介,29
2025-05-29,検索広告,862
2025-05-29,SNS広告,274
2025-05-29,自然検索,21
2025-05-29,紹介,48
2025-05-30,検索広告,744
2025-05-30,SNS広告,316
2025-05-30,自然検索,35
2025-05-30,紹介,42
2025-05-31,検索広告,602
2025-05-31,SNS広告,185
2025-05-31,自然検索,43
2025-05-31,紹介,51
2025-06-01,検索広告,608
2025-06-01,SNS広告,197
2025-06-01,自然検索,37
2025-06-01,紹介,78
2025-06-02,検索広告,512
2025-06-02,SNS広告,386
2025-06-02,自然検索,26
2025-06-02,紹介,62
2025-06-03,検索広告,774
2025-06-03,SNS広告,329
2025-06-03,自然検索,24
2025-06-03,紹介,67
2025-06-04,検索広告,511
2025-06-04,SNS広告,242
2025-06-04,自然検索,31
2025-06-04,紹介,54
2025-06-05,検索広告,624
2025-06-05,SNS広告,234
2025-06-05,自然検索,37
2025-06-05,紹介,65
2025-06-06,検索広告,700
2025-06-06,SNS広告,280
2025-06-06,自然検索,26
2025-06-06,紹介,33
2025-06-07,検索広告,445
2025-06-07,SNS広告,329
2025-06-07,自然検索,14
2025-06-07,紹介,79
2025-06-08,検索広告,691
2025-06-08,SNS広告,248
2025-06-08,自然検索,26
2025-06-08,紹介,43
2025-06-09,検索広告,466
2025-06-09,SNS広告,160
2025-06-09,自然検索,21
2025-06-09,紹介,52
2025-06-10,検索広告,800
2025-06-10,SNS広告,233
2025-06-10,自然検索,28
2025-06-10,紹介,69
2025-06-11,検索広告,711
2025-06-11,SNS広告,279
2025-06-11,自然検索,32
2025-06-11,紹介,72
2025-06-12,検索広告,565
2025-06-12,SNS広告,262
2025-06-12,自然検索,27
2025-06-12,紹介,66
2025-06-13,検索広告,419
2025-06-13,SNS広告,183
2025-06-13,自然検索,22
2025-06-13,紹介,56
2025-06-14,検索広告,1017
2025-06-14,SNS広告,346
2025-06-14,自然検索,33
2025-06-14,紹介,54
2025-06-15,検索広告,784
2025-06-15,SNS広告,246
2025-06-15,自然検索,29
2025-06-15,紹介,51
2025-06-16,検索広告,565
2025-06-16,SNS広告,269
2025-06-16,自然検索,33
2025-06-16,紹介,51
2025-06-17,検索広告,655
2025-06-17,SNS広告,265
2025-06-17,自然検索,34
2025-06-17,紹介,74
2025-06-18,検索広告,466
2025-06-18,SNS広告,287
2025-06-18,自然検索,41
2025-06-18,紹介,28
2025-06-19,検索広告,691
2025-06-19,SNS広告,262
2025-06-19,自然検索,35
2025-06-19,紹介,41
2025-06-20,検索広告,982
2025-06-20,SNS広告,280
2025-06-20,自然検索,13
2025-06-20,紹介,60
2025-06-21,検索広告,546
2025-06-21,SNS広告,188
2025-06-21,自然検索,27
2025-06-21,紹介,54
2025-06-22,検索広告,398
2025-06-22,SNS広告,262
2025-06-22,自然検索,36
2025-06-22,紹介,60
2025-06-23,検索広告,648
2025-06-23,SNS広告,240
2025-06-23,自然検索,36
2025-06-23,紹介,62
2025-06-24,検索広告,681
2025-06-24,SNS広告,220
2025-06-24,自然検索,37
2025-06-24,紹介,53
2025-06-25,検索広告,523
2025-06-25,SNS広告,291
2025-06-25,自然検索,27
2025-06-25,紹介,56
2025-06-26,検索広告,700
2025-06-26,SNS広告,384
2025-06-26,自然検索,29
2025-06-26,紹介,63
2025-06-27,検索広告,510
2025-06-27,SNS広告,294
2025-06-27,自然検索,44
2025-06-27,紹介,49
2025-06-28,検索広告,705
2025-06-28,SNS広告,312
2025-06-28,自然検索,39
2025-06-28,紹介,53
2025-06-29,検索広告,631
2025-06-29,SNS広告,276
2025-06-29,自然検索,38
2025-06-29,紹介,54
2025-06-30,検索広告,732
2025-06-30,SNS広告,267
2025-06-30,自然検索,27
2025-06-30,紹介,53
2025-07-01,検索広告,660
2025-07-01,SNS広告,317
2025-07-01,自然検索,26
2025-07-01,紹介,55
2025-07-02,検索広告,559
2025-07-02,SNS広告,197
2025-07-02,自然検索,24
2025-07-02,紹介,79
2025-07-03,検索広告,707
2025-07-03,SNS広告,256
2025-07-03,自然検索,33
2025-07-03,紹介,56
2025-07-04,検索広告,750
2025-07-04,SNS広告,164
2025-07-04,自然検索,33
2025-07-04,紹介,56
2025-07-05,検索広告,518
2025-07-05,SNS広告,319
2025-07-05,自然検索,30
2025-07-05,紹介,47
2025-07-06,検索広告,617
2025-07-06,SNS広告,383
2025-07-06,自然検索,33
2025-07-06,紹介,61
2025-07-07,検索広告,916
2025-07-07,SNS広告,234
2025-07-07,自然検索,31
2025-07-07,紹介,55
2025-07-08,検索広告,483
2025-07-08,SNS広告,377
2025-07-08,自然検索,27
2025-07-08,紹介,49
2025-07-09,検索広告,695
2025-07-09,SNS広告,236
2025-07-09,自然検索,20
2025-07-09,紹介,77
2025-07-10,検索広告,915
2025-07-10,SNS広告,332
2025-07-10,自然検索,40
2025-07-10,紹介,63
2025-07-11,検索広告,750
2025-07-11,SNS広告,241
2025-07-11,自然検索,42
2025-07-11,紹介,57
2025-07-12,検索広告,725
2025-07-12,SNS広告,198
2025-07-12,自然検索,24
2025-07-12,紹介,52
2025-07-13,検索広告,727
2025-07-13,SNS広告,282
2025-07-13,自然検索,36
2025-07-13,紹介,67
2025-07-14,検索広告,594
2025-07-14,SNS広告,243
2025-07-14,自然検索,34
2025-07-14,紹介,56
2025-07-15,検索広告,523
2025-07-15,SNS広告,416
2025-07-15,自然検索,30
2025-07-15,紹介,58
2025-07-16,検索広告,594
2025-07-16,SNS広告,222
2025-07-16,自然検索,45
2025-07-16,紹介,66
2025-07-17,検索広告,511
2025-07-17,SNS広告,134
2025-07-17,自然検索,35
2025-07-17,紹介,58
2025-07-18,検索広告,723
2025-07-18,SNS広告,311
2025-07-18,自然検索,29
2025-07-18,紹介,71
2025-07-19,検索広告,679
2025-07-19,SNS広告,367
2025-07-19,自然検索,44
2025-07-19,紹介,54
2025-07-20,検索広告,766
2025-07-20,SNS広告,388
2025-07-20,自然検索,42
2025-07-20,紹介,67
2025-07-21,検索広告,1051
2025-07-21,SNS広告,308
2025-07-21,自然検索,37
2025-07-21,紹介,48
2025-07-22,検索広告,758
2025-07-22,SNS広告,260
2025-07-22,自然検索,30
2025-07-22,紹介,49
2025-07-23,検索広告,693
2025-07-23,SNS広告,213
2025-07-23,自然検索,29
2025-07-23,紹介,62
2025-07-24,検索広告,726
2025-07-24,SNS広告,245
2025-07-24,自然検索,31
2025-07-24,紹介,50
2025-07-25,検索広告,923
2025-07-25,SNS広告,225
2025-07-25,自然検索,38
2025-07-25,紹介,77
2025-07-26,検索広告,524
2025-07-26,SNS広告,320
2025-07-26,自然検索,33
2025-07-26,紹介,60
2025-07-27,検索広告,949
2025-07-27,SNS広告,313
2025-07-27,自然検索,22
2025-07-27,紹介,51
2025-07-28,検索広告,756
2025-07-28,SNS広告,293
2025-07-28,自然検索,26
2025-07-28,紹介,78
2025-07-29,検索広告,908
2025-07-29,SNS広告,359
2025-07-29,自然検索,30
2025-07-29,紹介,60
2025-07-30,検索広告,464
2025-07-30,SNS広告,317
2025-07-30,自然検索,25
2025-07-30,紹介,51
2025-07-31,検索広告,683
2025-07-31,SNS広告,232
2025-07-31,自然検索,29
2025-07-31,紹介,62
2025-08-01,検索広告,865
2025-08-01,SNS広告,270
2025-08-01,自然検索,31
2025-08-01,紹介,61
2025-08-02,検索広告,1081
2025-08-02,SNS広告,244
2025-08-02,自然検索,24
2025-08-02,紹介,51
2025-08-03,検索広告,638
2025-08-03,SNS広告,211
2025-08-03,自然検索,11
2025-08-03,紹介,58
2025-08-04,検索広告,453
2025-08-04,SNS広告,202
2025-08-04,自然検索,33
2025-08-04,紹介,61
2025-08-05,検索広告,542
2025-08-05,SNS広告,238
2025-08-05,自然検索,48
2025-08-05,紹介,65
2025-08-06,検索広告,736
2025-08-06,SNS広告,264
2025-08-06,自然検索,36
2025-08-06,紹介,67
2025-08-07,検索広告,873
2025-08-07,SNS広告,234
2025-08-07,自然検索,13
2025-08-07,紹介,40
2025-08-08,検索広告,750
2025-08-08,SNS広告,265
2025-08-08,自然検索,36
2025-08-08,紹介,61
2025-08-09,検索広告,872
2025-08-09,SNS広告,324
2025-08-09,自然検索,40
2025-08-09,紹介,70
2025-08-10,検索広告,544
2025-08-10,SNS広告,344
2025-08-10,自然検索,35
2025-08-10,紹介,63
2025-08-11,検索広告,853
2025-08-11,SNS広告,216
2025-08-11,自然検索,29
2025-08-11,紹介,63
2025-08-12,検索広告,1145
2025-08-12,SNS広告,343
2025-08-12,自然検索,33
2025-08-12,紹介,65
2025-08-13,検索広告,796
2025-08-13,SNS広告,434
2025-08-13,自然検索,49
2025-08-13,紹介,63
2025-08-14,検索広告,746
2025-08-14,SNS広告,274
2025-08-14,自然検索,41
2025-08-14,紹介,60
2025-08-15,検索広告,533
2025-08-15,SNS広告,414
2025-08-15,自然検索,37
2025-08-15,紹介,67
2025-08-16,検索広告,972
2025-08-16,SNS広告,459
2025-08-16,自然検索,31
2025-08-16,紹介,50
2025-08-17,検索広告,790
2025-08-17,SNS広告,275
2025-08-17,自然検索,37
2025-08-17,紹介,61
2025-08-18,検索広告,816
2025-08-18,SNS広告,264
2025-08-18,自然検索,30
2025-08-18,紹介,60
2025-08-19,検索広告,804
2025-08-19,SNS広告,303
2025-08-19,自然検索,22
2025-08-19,紹介,62
2025-08-20,検索広告,589
2025-08-20,SNS広告,354
2025-08-20,自然検索,40
2025-08-20,紹介,48
2025-08-21,検索広告,988
2025-08-21,SNS広告,290
2025-08-21,自然検索,19
2025-08-21,紹介,70
2025-08-22,検索広告,692
2025-08-22,SNS広告,325
2025-08-22,自然検索,30
2025-08-22,紹介,61
2025-08-23,検索広告,693
2025-08-23,SNS広告,330
2025-08-23,自然検索,34
2025-08-23,紹介,43
2025-08-24,検索広告,634
2025-08-24,SNS広告,213
2025-08-24,自然検索,31
2025-08-24,紹介,59
2025-08-25,検索広告,742
2025-08-25,SNS広告,317
2025-08-25,自然検索,25
2025-08-25,紹介,69
2025-08-26,検索広告,817
2025-08-26,SNS広告,354
2025-08-26,自然検索,34
2025-08-26,紹介,82
2025-08-27,検索広告,648
2025-08-27,SNS広告,203
2025-08-27,自然検索,29
2025-08-27,紹介,53
2025-08-28,検索広告,925
2025-08-28,SNS広告,344
2025-08-28,自然検索,39
2025-08-28,紹介,62
2025-08-29,検索広告,933
2025-08-29,SNS広告,273
2025-08-29,自然検索,30
2025-08-29,紹介,79
2025-08-30,検索広告,1084
2025-08-30,SNS広告,305
2025-08-30,自然検索,44
2025-08-30,紹介,50
2025-08-31,検索広告,675
2025-08-31,SNS広告,164
2025-08-31,自然検索,34
2025-08-31,紹介,52
2025-09-01,検索広告,998
2025-09-01,SNS広告,319
2025-09-01,自然検索,36
2025-09-01,紹介,59
2025-09-02,検索広告,892
2025-09-02,SNS広告,296
2025-09-02,自然検索,36
2025-09-02,紹介,66
2025-09-03,検索広告,564
2025-09-03,SNS広告,249
2025-09-03,自然検索,37
2025-09-03,紹介,56
2025-09-04,検索広告,611
2025-09-04,SNS広告,287
2025-09-04,自然検索,33
2025-09-04,紹介,70
2025-09-05,検索広告,919
2025-09-05,SNS広告,182
2025-09-05,自然検索,38
2025-09-05,紹介,90
2025-09-06,検索広告,557
2025-09-06,SNS広告,222
2025-09-06,自然検索,40
2025-09-06,紹介,77
2025-09-07,検索広告,945
2025-09-07,SNS広告,232
2025-09-07,自然検索,33
2025-09-07,紹介,64
2025-09-08,検索広告,829
2025-09-08,SNS広告,256
2025-09-08,自然検索,33
2025-09-08,紹介,64
2025-09-09,検索広告,701
2025-09-09,SNS広告,427
2025-09-09,自然検索,39
2025-09-09,紹介,71
2025-09-10,検索広告,646
2025-09-10,SNS広告,316
2025-09-10,自然検索,31
2025-09-10,紹介,75
2025-09-11,検索広告,713
2025-09-11,SNS広告,256
2025-09-11,自然検索,39
2025-09-11,紹介,59
2025-09-12,検索広告,891
2025-09-12,SNS広告,405
2025-09-12,自然検索,46
2025-09-12,紹介,70
2025-09-13,検索広告,855
2025-09-13,SNS広告,326
2025-09-13,自然検索,23
2025-09-13,紹介,67
2025-09-14,検索広告,903
2025-09-14,SNS広告,236
2025-09-14,自然検索,45
2025-09-14,紹介,69
2025-09-15,検索広告,976
2025-09-15,SNS広告,358
2025-09-15,自然検索,17
2025-09-15,紹介,56
2025-09-16,検索広告,719
2025-09-16,SNS広告,483
2025-09-16,自然検索,26
2025-09-16,紹介,68
2025-09-17,検索広告,886
2025-09-17,SNS広告,272
2025-09-17,自然検索,27
2025-09-17,紹介,74
2025-09-18,検索広告,931
2025-09-18,SNS広告,280
2025-09-18,自然検索,42
2025-09-18,紹介,67
2025-09-19,検索広告,447
2025-09-19,SNS広告,253
2025-09-19,自然検索,31
2025-09-19,紹介,53
2025-09-20,検索広告,563
2025-09-20,SNS広告,339
2025-09-20,自然検索,36
2025-09-20,紹介,51
2025-09-21,検索広告,851
2025-09-21,SNS広告,331
2025-09-21,自然検索,26
2025-09-21,紹介,76
2025-09-22,検索広告,885
2025-09-22,SNS広告,227
2025-09-22,自然検索,44
2025-09-22,紹介,52
2025-09-23,検索広告,921
2025-09-23,SNS広告,285
2025-09-23,自然検索,33
2025-09-23,紹介,62
2025-09-24,検索広告,556
2025-09-24,SNS広告,342
2025-09-24,自然検索,47
2025-09-24,紹介,78
2025-09-25,検索広告,592
2025-09-25,SNS広告,373
2025-09-25,自然検索,38
2025-09-25,紹介,78
2025-09-26,検索広告,816
2025-09-26,SNS広告,437
2025-09-26,自然検索,30
2025-09-26,紹介,76
2025-09-27,検索広告,968
2025-09-27,SNS広告,293
2025-09-27,自然検索,38
2025-09-27,紹介,52
2025-09-28,検索広告,901
2025-09-28,SNS広告,362
2025-09-28,自然検索,50
2025-09-28,紹介,66
2025-09-29,検索広告,1106
2025-09-29,SNS広告,291
2025-09-29,自然検索,52
2025-09-29,紹介,45
2025-09-30,検索広告,807
2025-09-30,SNS広告,242
2025-09-30,自然検索,38
2025-09-30,紹介,73
2025-10-01,検索広告,716
2025-10-01,SNS広告,392
2025-10-01,自然検索,38
2025-10-01,紹介,72
2025-10-02,検索広告,931
2025-10-02,SNS広告,318
2025-10-02,自然検索,43
2025-10-02,紹介,45
2025-10-03,検索広告,1139
2025-10-03,SNS広告,320
2025-10-03,自然検索,33
2025-10-03,紹介,67
2025-10-04,検索広告,600
2025-10-04,SNS広告,315
2025-10-04,自然検索,47
2025-10-04,紹介,68
2025-10-05,検索広告,626
2025-10-05,SNS広告,353
2025-10-05,自然検索,39
2025-10-05,紹介,92
2025-10-06,検索広告,967
2025-10-06,SNS広告,293
2025-10-06,自然検索,42
2025-10-06,紹介,71
2025-10-07,検索広告,794
2025-10-07,SNS広告,332
2025-10-07,自然検索,39
2025-10-07,紹介,72
2025-10-08,検索広告,1086
2025-10-08,SNS広告,364
2025-10-08,自然検索,22
2025-10-08,紹介,52
2025-10-09,検索広告,754
2025-10-09,SNS広告,414
2025-10-09,自然検索,33
2025-10-09,紹介,79
2025-10-10,検索広告,710
2025-10-10,SNS広告,204
2025-10-10,自然検索,28
2025-10-10,紹介,88
2025-10-11,検索広告,653
2025-10-11,SNS広告,283
2025-10-11,自然検索,50
2025-10-11,紹介,66
2025-10-12,検索広告,1100
2025-10-12,SNS広告,298
2025-10-12,自然検索,40
2025-10-12,紹介,67
2025-10-13,検索広告,903
2025-10-13,SNS広告,326
2025-10-13,自然検索,40
2025-10-13,紹介,71
2025-10-14,検索広告,985
2025-10-14,SNS広告,265
2025-10-14,自然検索,48
2025-10-14,紹介,51
2025-10-15,検索広告,672
2025-10-15,SNS広告,214
2025-10-15,自然検索,39
2025-10-15,紹介,78
2025-10-16,検索広告,823
2025-10-16,SNS広告,270
2025-10-16,自然検索,28
2025-10-16,紹介,54
2025-10-17,検索広告,994
2025-10-17,SNS広告,356
2025-10-17,自然検索,47
2025-10-17,紹介,80
2025-10-18,検索広告,797
2025-10-18,SNS広告,344
2025-10-18,自然検索,21
2025-10-18,紹介,62
2025-10-19,検索広告,707
2025-10-19,SNS広告,306
2025-10-19,自然検索,46
2025-10-19,紹介,64
2025-10-20,検索広告,695
2025-10-20,SNS広告,347
2025-10-20,自然検索,44
2025-10-20,紹介,52
2025-10-21,検索広告,797
2025-10-21,SNS広告,250
2025-10-21,自然検索,34
2025-10-21,紹介,81
2025-10-22,検索広告,690
2025-10-22,SNS広告,312
2025-10-22,自然検索,28
2025-10-22,紹介,75
2025-10-23,検索広告,729
2025-10-23,SNS広告,268
2025-10-23,自然検索,23
2025-10-23,紹介,68
2025-10-24,検索広告,875
2025-10-24,SNS広告,350
2025-10-24,自然検索,30
2025-10-24,紹介,58
2025-10-25,検索広告,1016
2025-10-25,SNS広告,403
2025-10-25,自然検索,42
2025-10-25,紹介,63
2025-10-26,検索広告,1147
2025-10-26,SNS広告,324
2025-10-26,自然検索,42
2025-10-26,紹介,53
2025-10-27,検索広告,842
2025-10-27,SNS広告,280
2025-10-27,自然検索,21
2025-10-27,紹介,62
2025-10-28,検索広告,848
2025-10-28,SNS広告,350
2025-10-28,自然検索,32
2025-10-28,紹介,80
2025-10-29,検索広告,691
2025-10-29,SNS広告,207
2025-10-29,自然検索,43
2025-10-29,紹介,63
2025-10-30,検索広告,997
2025-10-30,SNS広告,324
2025-10-30,自然検索,32
2025-10-30,紹介,73
2025-10-31,検索広告,392
2025-10-31,SNS広告,300
2025-10-31,自然検索,35
2025-10-31,紹介,67
2025-11-01,検索広告,543
2025-11-01,SNS広告,343
2025-11-01,自然検索,19
2025-11-01,紹介,92
2025-11-02,検索広告,621
2025-11-02,SNS広告,474
2025-11-02,自然検索,44
2025-11-02,紹介,77
2025-11-03,検索広告,969
2025-11-03,SNS広告,476
2025-11-03,自然検索,41
2025-11-03,紹介,85
2025-11-04,検索広告,677
2025-11-04,SNS広告,250
2025-11-04,自然検索,43
2025-11-04,紹介,63
2025-11-05,検索広告,1125
2025-11-05,SNS広告,268
2025-11-05,自然検索,24
2025-11-05,紹介,52
2025-11-06,検索広告,1029
2025-11-06,SNS広告,312
2025-11-06,自然検索,36
2025-11-06,紹介,57
2025-11-07,検索広告,743
2025-11-07,SNS広告,294
2025-11-07,自然検索,35
2025-11-07,紹介,78
2025-11-08,検索広告,572
2025-11-08,SNS広告,476
2025-11-08,自然検索,40
2025-11-08,紹介,47
2025-11-09,検索広告,1092
2025-11-09,SNS広告,315
2025-11-09,自然検索,21
2025-11-09,紹介,45
2025-11-10,検索広告,1003
2025-11-10,SNS広告,261
2025-11-10,自然検索,39
2025-11-10,紹介,72
2025-11-11,検索広告,543
2025-11-11,SNS広告,252
2025-11-11,自然検索,39
2025-11-11,紹介,58
2025-11-12,検索広告,485
2025-11-12,SNS広告,272
2025-11-12,自然検索,55
2025-11-12,紹介,67
2025-11-13,検索広告,804
2025-11-13,SNS広告,387
2025-11-13,自然検索,53
2025-11-13,紹介,83
2025-11-14,検索広告,1220
2025-11-14,SNS広告,437
2025-11-14,自然検索,50
2025-11-14,紹介,62
2025-11-15,検索広告,658
2025-11-15,SNS広告,223
2025-11-15,自然検索,46
2025-11-15,紹介,60
2025-11-16,検索広告,789
2025-11-16,SNS広告,425
2025-11-16,自然検索,40
2025-11-16,紹介,50
2025-11-17,検索広告,757
2025-11-17,SNS広告,311
2025-11-17,自然検索,37
2025-11-17,紹介,73
2025-11-18,検索広告,775
2025-11-18,SNS広告,227
2025-11-18,自然検索,40
2025-11-18,紹介,86
2025-11-19,検索広告,520
2025-11-19,SNS広告,306
2025-11-19,自然検索,39
2025-11-19,紹介,63
2025-11-20,検索広告,1224
2025-11-20,SNS広告,133
2025-11-20,自然検索,32
2025-11-20,紹介,65
2025-11-21,検索広告,845
2025-11-21,SNS広告,382
2025-11-21,自然検索,29
2025-11-21,紹介,87
2025-11-22,検索広告,699
2025-11-22,SNS広告,459
2025-11-22,自然検索,43
2025-11-22,紹介,76
2025-11-23,検索広告,1157
2025-11-23,SNS広告,241
2025-11-23,自然検索,37
2025-11-23,紹介,68
2025-11-24,検索広告,1077
2025-11-24,SNS広告,433
2025-11-24,自然検索,27
2025-11-24,紹介,62
2025-11-25,検索広告,609
2025-11-25,SNS広告,352
2025-11-25,自然検索,36
2025-11-25,紹介,60
2025-11-26,検索広告,817
2025-11-26,SNS広告,451
2025-11-26,自然検索,46
2025-11-26,紹介,74
2025-11-27,検索広告,780
2025-11-27,SNS広告,350
2025-11-27,自然検索,34
2025-11-27,紹介,62
2025-11-28,検索広告,726
2025-11-28,SNS広告,388
2025-11-28,自然検索,53
2025-11-28,紹介,77
2025-11-29,検索広告,1053
2025-11-29,SNS広告,364
2025-11-29,自然検索,46
2025-11-29,紹介,65
2025-11-30,検索広告,940
2025-11-30,SNS広告,356
2025-11-30,自然検索,45
2025-11-30,紹介,65
2025-12-01,検索広告,919
2025-12-01,SNS広告,294
2025-12-01,自然検索,34
2025-12-01,紹介,77
2025-12-02,検索広告,899
2025-12-02,SNS広告,375
2025-12-02,自然検索,27
2025-12-02,紹介,65
2025-12-03,検索広告,861
2025-12-03,SNS広告,345
2025-12-03,自然検索,28
2025-12-03,紹介,75
2025-12-04,検索広告,1122
2025-12-04,SNS広告,272
2025-12-04,自然検索,43
2025-12-04,紹介,58
2025-12-05,検索広告,792
2025-12-05,SNS広告,384
2025-12-05,自然検索,52
2025-12-05,紹介,70
2025-12-06,検索広告,862
2025-12-06,SNS広告,315
2025-12-06,自然検索,45
2025-12-06,紹介,82
2025-12-07,検索広告,990
2025-12-07,SNS広告,480
2025-12-07,自然検索,32
2025-12-07,紹介,86
2025-12-08,検索広告,759
2025-12-08,SNS広告,228
2025-12-08,自然検索,33
2025-12-08,紹介,72
2025-12-09,検索広告,822
2025-12-09,SNS広告,288
2025-12-09,自然検索,42
2025-12-09,紹介,85
2025-12-10,検索広告,708
2025-12-10,SNS広告,360
2025-12-10,自然検索,45
2025-12-10,紹介,65
2025-12-11,検索広告,1002
2025-12-11,SNS広告,317
2025-12-11,自然検索,36
2025-12-11,紹介,51
2025-12-12,検索広告,783
2025-12-12,SNS広告,431
2025-12-12,自然検索,32
2025-12-12,紹介,74
2025-12-13,検索広告,785
2025-12-13,SNS広告,321
2025-12-13,自然検索,43
2025-12-13,紹介,101
2025-12-14,検索広告,734
2025-12-14,SNS広告,383
2025-12-14,自然検索,43
2025-12-14,紹介,89
2025-12-15,検索広告,605
2025-12-15,SNS広告,332
2025-12-15,自然検索,33
2025-12-15,紹介,76
2025-12-16,検索広告,564
2025-12-16,SNS広告,337
2025-12-16,自然検索,48
2025-12-16,紹介,93
2025-12-17,検索広告,607
2025-12-17,SNS広告,407
2025-12-17,自然検索,47
2025-12-17,紹介,61
2025-12-18,検索広告,855
2025-12-18,SNS広告,447
2025-12-18,自然検索,50
2025-12-18,紹介,58
2025-12-19,検索広告,826
2025-12-19,SNS広告,416
2025-12-19,自然検索,37
2025-12-19,紹介,85
2025-12-20,検索広告,822
2025-12-20,SNS広告,316
2025-12-20,自然検索,51
2025-12-20,紹介,66
2025-12-21,検索広告,916
2025-12-21,SNS広告,335
2025-12-21,自然検索,39
2025-12-21,紹介,64
2025-12-22,検索広告,970
2025-12-22,SNS広告,249
2025-12-22,自然検索,41
2025-12-22,紹介,50
2025-12-23,検索広告,903
2025-12-23,SNS広告,300
2025-12-23,自然検索,33
2025-12-23,紹介,61
2025-12-24,検索広告,1150
2025-12-24,SNS広告,272
2025-12-24,自然検索,42
2025-12-24,紹介,80
2025-12-25,検索広告,1352
2025-12-25,SNS広告,502
2025-12-25,自然検索,38
2025-12-25,紹介,68
2025-12-26,検索広告,1258
2025-12-26,SNS広告,434
2025-12-26,自然検索,41
2025-12-26,紹介,56
2025-12-27,検索広告,686
2025-12-27,SNS広告,476
2025-12-27,自然検索,35
2025-12-27,紹介,73
2025-12-28,検索広告,639
2025-12-28,SNS広告,347
2025-12-28,自然検索,35
2025-12-28,紹介,70
2025-12-29,検索広告,656
2025-12-29,SNS広告,161
2025-12-29,自然検索,40
2025-12-29,紹介,76
2025-12-30,検索広告,844
2025-12-30,SNS広告,380
2025-12-30,自然検索,27
2025-12-30,紹介,92
2025-12-31,検索広告,1131
2025-12-31,SNS広告,224
2025-12-31,自然検索,38
2025-12-31,紹介,65
2026-01-01,検索広告,1261
2026-01-01,SNS広告,463
2026-01-01,自然検索,38
2026-01-01,紹介,66
2026-01-02,検索広告,852
2026-01-02,SNS広告,230
2026-01-02,自然検索,34
2026-01-02,紹介,73
2026-01-03,検索広告,947
2026-01-03,SNS広告,468
2026-01-03,自然検索,42
2026-01-03,紹介,75
2026-01-04,検索広告,1309
2026-01-04,SNS広告,229
2026-01-04,自然検索,42
2026-01-04,紹介,80
2026-01-05,検索広告,972
2026-01-05,SNS広告,498
2026-01-05,自然検索,44
2026-01-05,紹介,77
2026-01-06,検索広告,1047
2026-01-06,SNS広告,278
2026-01-06,自然検索,42
2026-01-06,紹介,55
2026-01-07,検索広告,1040
2026-01-07,SNS広告,193
2026-01-07,自然検索,43
2026-01-07,紹介,85
2026-01-08,検索広告,749
2026-01-08,SNS広告,465
2026-01-08,自然検索,38
2026-01-08,紹介,65
2026-01-09,検索広告,1292
2026-01-09,SNS広告,333
2026-01-09,自然検索,59
2026-01-09,紹介,103
2026-01-10,検索広告,1288
2026-01-10,SNS広告,336
2026-01-10,自然検索,45
2026-01-10,紹介,96
2026-01-11,検索広告,863
2026-01-11,SNS広告,337
2026-01-11,自然検索,49
2026-01-11,紹介,76
2026-01-12,検索広告,1018
2026-01-12,SNS広告,341
2026-01-12,自然検索,40
2026-01-12,紹介,90
2026-01-13,検索広告,938
2026-01-13,SNS広告,367
2026-01-13,自然検索,41
2026-01-13,紹介,70
2026-01-14,検索広告,1084
2026-01-14,SNS広告,342
2026-01-14,自然検索,43
2026-01-14,紹介,88
2026-01-15,検索広告,797
2026-01-15,SNS広告,383
2026-01-15,自然検索,43
2026-01-15,紹介,72
2026-01-16,検索広告,918
2026-01-16,SNS広告,263
2026-01-16,自然検索,41
2026-01-16,紹介,72
2026-01-17,検索広告,821
2026-01-17,SNS広告,444
2026-01-17,自然検索,39
2026-01-17,紹介,87
2026-01-18,検索広告,846
2026-01-18,SNS広告,288
2026-01-18,自然検索,38
2026-01-18,紹介,94
2026-01-19,検索広告,888
2026-01-19,SNS広告,339
2026-01-19,自然検索,44
2026-01-19,紹介,84
2026-01-20,検索広告,636
2026-01-20,SNS広告,384
2026-01-20,自然検索,38
2026-01-20,紹介,84
2026-01-21,検索広告,1461
2026-01-21,SNS広告,402
2026-01-21,自然検索,41
2026-01-21,紹介,79
2026-01-22,検索広告,1165
2026-01-22,SNS広告,431
2026-01-22,自然検索,47
2026-01-22,紹介,64
2026-01-23,検索広告,1048
2026-01-23,SNS広告,378
2026-01-23,自然検索,42
2026-01-23,紹介,58
2026-01-24,検索広告,926
2026-01-24,SNS広告,459
2026-01-24,自然検索,40
2026-01-24,紹介,63
2026-01-25,検索広告,824
2026-01-25,SNS広告,286
2026-01-25,自然検索,38
2026-01-25,紹介,48
2026-01-26,検索広告,761
2026-01-26,SNS広告,268
2026-01-26,自然検索,32
2026-01-26,紹介,78
2026-01-27,検索広告,877
2026-01-27,SNS広告,386
2026-01-27,自然検索,61
2026-01-27,紹介,72
2026-01-28,検索広告,716
2026-01-28,SNS広告,422
2026-01-28,自然検索,48
2026-01-28,紹介,71
2026-01-29,検索広告,1050
2026-01-29,SNS広告,362
2026-01-29,自然検索,34
2026-01-29,紹介,89
2026-01-30,検索広告,1070
2026-01-30,SNS広告,344
2026-01-30,自然検索,34
2026-01-30,紹介,77
2026-01-31,検索広告,1101
2026-01-31,SNS広告,309
2026-01-31,自然検索,38
2026-01-31,紹介,74
2026-02-01,検索広告,1218
2026-02-01,SNS広告,351
2026-02-01,自然検索,43
2026-02-01,紹介,58
2026-02-02,検索広告,1278
2026-02-02,SNS広告,327
2026-02-02,自然検索,41
2026-02-02,紹介,97
2026-02-03,検索広告,827
2026-02-03,SNS広告,501
2026-02-03,自然検索,34
2026-02-03,紹介,88
2026-02-04,検索広告,948
2026-02-04,SNS広告,520
2026-02-04,自然検索,36
2026-02-04,紹介,65
2026-02-05,検索広告,1014
2026-02-05,SNS広告,323
2026-02-05,自然検索,46
2026-02-05,紹介,82
2026-02-06,検索広告,1161
2026-02-06,SNS広告,246
2026-02-06,自然検索,57
2026-02-06,紹介,83
2026-02-07,検索広告,1141
2026-02-07,SNS広告,509
2026-02-07,自然検索,61
2026-02-07,紹介,90
2026-02-08,検索広告,519
2026-02-08,SNS広告,555
2026-02-08,自然検索,35
2026-02-08,紹介,63
2026-02-09,検索広告,907
2026-02-09,SNS広告,384
2026-02-09,自然検索,46
2026-02-09,紹介,46
2026-02-10,検索広告,965
2026-02-10,SNS広告,473
2026-02-10,自然検索,71
2026-02-10,紹介,60
2026-02-11,検索広告,974
2026-02-11,SNS広告,258
2026-02-11,自然検索,43
2026-02-11,紹介,96
2026-02-12,検索広告,1245
2026-02-12,SNS広告,314
2026-02-12,自然検索,67
2026-02-12,紹介,81
2026-02-13,検索広告,653
2026-02-13,SNS広告,474
2026-02-13,自然検索,48
2026-02-13,紹介,63
2026-02-14,検索広告,964
2026-02-14,SNS広告,291
2026-02-14,自然検索,40
2026-02-14,紹介,68
2026-02-15,検索広告,1006
2026-02-15,SNS広告,311
2026-02-15,自然検索,34
2026-02-15,紹介,82
2026-02-16,検索広告,1014
2026-02-16,SNS広告,373
2026-02-16,自然検索,42
2026-02-16,紹介,86
2026-02-17,検索広告,882
2026-02-17,SNS広告,432
2026-02-17,自然検索,49
2026-02-17,紹介,69
2026-02-18,検索広告,1029
2026-02-18,SNS広告,464
2026-02-18,自然検索,48
2026-02-18,紹介,66
2026-02-19,検索広告,976
2026-02-19,SNS広告,311
2026-02-19,自然検索,58
2026-02-19,紹介,79
2026-02-20,検索広告,1510
2026-02-20,SNS広告,405
2026-02-20,自然検索,66
2026-02-20,紹介,86
2026-02-21,検索広告,1180
2026-02-21,SNS広告,441
2026-02-21,自然検索,42
2026-02-21,紹介,74
2026-02-22,検索広告,744
2026-02-22,SNS広告,291
2026-02-22,自然検索,45
2026-02-22,紹介,83
2026-02-23,検索広告,604
2026-02-23,SNS広告,445
2026-02-23,自然検索,43
2026-02-23,紹介,67
2026-02-24,検索広告,937
2026-02-24,SNS広告,238
2026-02-24,自然検索,47
2026-02-24,紹介,64
2026-02-25,検索広告,987
2026-02-25,SNS広告,464
2026-02-25,自然検索,42
2026-02-25,紹介,78
2026-02-26,検索広告,990
2026-02-26,SNS広告,399
2026-02-26,自然検索,54
2026-02-26,紹介,73
2026-02-27,検索広告,620
2026-02-27,SNS広告,369
2026-02-27,自然検索,41
2026-02-27,紹介,87
2026-02-28,検索広告,902
2026-02-28,SNS広告,392
2026-02-28,自然検索,47
2026-02-28,紹介,84
2026-03-01,検索広告,1083
2026-03-01,SNS広告,304
2026-03-01,自然検索,54
2026-03-01,紹介,84
2026-03-02,検索広告,1192
2026-03-02,SNS広告,358
2026-03-02,自然検索,44
2026-03-02,紹介,63
2026-03-03,検索広告,906
2026-03-03,SNS広告,333
2026-03-03,自然検索,39
2026-03-03,紹介,77
2026-03-04,検索広告,1333
2026-03-04,SNS広告,267
2026-03-04,自然検索,69
2026-03-04,紹介,64
2026-03-05,検索広告,888
2026-03-05,SNS広告,321
2026-03-05,自然検索,32
2026-03-05,紹介,78
2026-03-06,検索広告,761
2026-03-06,SNS広告,258
2026-03-06,自然検索,48
2026-03-06,紹介,71
2026-03-07,検索広告,910
2026-03-07,SNS広告,373
2026-03-07,自然検索,33
2026-03-07,紹介,62
2026-03-08,検索広告,764
2026-03-08,SNS広告,546
2026-03-08,自然検索,51
2026-03-08,紹介,93
2026-03-09,検索広告,977
2026-03-09,SNS広告,303
2026-03-09,自然検索,45
2026-03-09,紹介,76
2026-03-10,検索広告,885
2026-03-10,SNS広告,362
2026-03-10,自然検索,46
2026-03-10,紹介,92
2026-03-11,検索広告,1046
2026-03-11,SNS広告,489
2026-03-11,自然検索,46
2026-03-11,紹介,73
2026-03-12,検索広告,665
2026-03-12,SNS広告,401
2026-03-12,自然検索,34
2026-03-12,紹介,102
2026-03-13,検索広告,1162
2026-03-13,SNS広告,369
2026-03-13,自然検索,46
2026-03-13,紹介,73
2026-03-14,検索広告,1176
2026-03-14,SNS広告,371
2026-03-14,自然検索,39
2026-03-14,紹介,61
2026-03-15,検索広告,909
2026-03-15,SNS広告,410
2026-03-15,自然検索,27
2026-03-15,紹介,83
2026-03-16,検索広告,1241
2026-03-16,SNS広告,502
2026-03-16,自然検索,62
2026-03-16,紹介,107
2026-03-17,検索広告,875
2026-03-17,SNS広告,383
2026-03-17,自然検索,42
2026-03-17,紹介,85
2026-03-18,検索広告,960
2026-03-18,SNS広告,261
2026-03-18,自然検索,31
2026-03-18,紹介,113
2026-03-19,検索広告,833
2026-03-19,SNS広告,534
2026-03-19,自然検索,49
2026-03-19,紹介,61
2026-03-20,検索広告,820
2026-03-20,SNS広告,298
2026-03-20,自然検索,38
2026-03-20,紹介,80
2026-03-21,検索広告,1035
2026-03-21,SNS広告,309
2026-03-21,自然検索,42
2026-03-21,紹介,103
2026-03-22,検索広告,1022
2026-03-22,SNS広告,345
2026-03-22,自然検索,48
2026-03-22,紹介,83
2026-03-23,検索広告,1167
2026-03-23,SNS広告,370
2026-03-23,自然検索,44
2026-03-23,紹介,87
2026-03-24,検索広告,1195
2026-03-24,SNS広告,337
2026-03-24,自然検索,45
2026-03-24,紹介,65
2026-03-25,検索広告,798
2026-03-25,SNS広告,282
2026-03-25,自然検索,43
2026-03-25,紹介,92
2026-03-26,検索広告,1153
2026-03-26,SNS広告,341
2026-03-26,自然検索,43
2026-03-26,紹介,73
2026-03-27,検索広告,1249
2026-03-27,SNS広告,479
2026-03-27,自然検索,45
2026-03-27,紹介,100
2026-03-28,検索広告,949
2026-03-28,SNS広告,418
2026-03-28,自然検索,57
2026-03-28,紹介,92
2026-03-29,検索広告,1041
2026-03-29,SNS広告,617
2026-03-29,自然検索,42
2026-03-29,紹介,89
2026-03-30,検索広告,1204
2026-03-30,SNS広告,337
2026-03-30,自然検索,50
2026-03-30,紹介,86
2026-03-31,検索広告,652
2026-03-31,SNS広告,283
2026-03-31,自然検索,50
2026-03-31,紹介,76
