date,channel,consultations,applications,contracts
2025-04-01,検索広告,134,77,23
2025-04-01,SNS広告,45,23,5
2025-04-01,自然検索,15,7,2
2025-04-01,紹介,19,10,4
2025-04-02,検索広告,182,109,33
2025-04-02,SNS広告,35,17,7
2025-04-02,自然検索,6,3,1
2025-04-02,紹介,19,14,4
2025-04-03,検索広告,187,111,40
2025-04-03,SNS広告,50,29,9
2025-04-03,自然検索,7,3,2
2025-04-03,紹介,29,15,6
2025-04-04,検索広告,147,92,31
2025-04-04,SNS広告,53,29,5
2025-04-04,自然検索,11,7,3
2025-04-04,紹介,21,11,9
2025-04-05,検索広告,189,95,38
2025-04-05,SNS広告,34,22,6
2025-04-05,自然検索,8,3,2
2025-04-05,紹介,22,12,5
2025-04-06,検索広告,167,97,29
2025-04-06,SNS広告,68,42,17
2025-04-06,自然検索,6,4,1
2025-04-06,紹介,22,11,6
2025-04-07,検索広告,164,93,29
2025-04-07,SNS広告,40,22,2
2025-04-07,自然検索,5,1,1
2025-04-07,紹介,24,16,4
2025-04-08,検索広告,171,103,33
2025-04-08,SNS広告,32,14,3
2025-04-08,自然検索,17,11,3
2025-04-08,紹介,24,16,6
2025-04-09,検索広告,236,152,45
2025-04-09,SNS広告,46,34,11
2025-04-09,自然検索,5,2,1
2025-04-09,紹介,17,8,3
2025-04-10,検索広告,196,112,24
2025-04-10,SNS広告,64,34,8
2025-04-10,自然検索,7,6,3
2025-04-10,紹介,20,12,4
2025-04-11,検索広告,144,90,26
2025-04-11,SNS広告,54,25,10
2025-04-11,自然検索,3,1,1
2025-04-11,紹介,24,17,8
2025-04-12,検索広告,158,90,24
2025-04-12,SNS広告,36,19,6
2025-04-12,自然検索,11,8,4
2025-04-12,紹介,27,15,5
2025-04-13,検索広告,198,114,53
2025-04-13,SNS広告,45,23,6
2025-04-13,自然検索,10,5,2
2025-04-13,紹介,24,13,7
2025-04-14,検索広告,183,119,45
2025-04-14,SNS広告,62,37,11
2025-04-14,自然検索,6,5,1
2025-04-14,紹介,30,16,6
2025-04-15,検索広告,166,97,38
2025-04-15,SNS広告,63,44,11
2025-04-15,自然検索,14,7,2
2025-04-15,紹介,17,10,4
2025-04-16,検索広告,225,115,46
2025-04-16,SNS広告,62,29,4
2025-04-16,自然検索,7,6,4
2025-04-16,紹介,19,10,3
2025-04-17,検索広告,223,130,50
2025-04-17,SNS広告,58,38,14
2025-04-17,自然検索,9,7,3
2025-04-17,紹介,19,12,6
2025-04-18,検索広告,219,124,46
2025-04-18,SNS広告,48,29,8
2025-04-18,自然検索,14,6,3
2025-04-18,紹介,14,8,4
2025-04-19,検索広告,184,88,38
2025-04-19,SNS広告,28,19,3
2025-04-19,自然検索,10,3,2
2025-04-19,紹介,13,8,4
2025-04-20,検索広告,168,89,30
2025-04-20,SNS広告,43,26,9
2025-04-20,自然検索,8,6,1
2025-04-20,紹介,20,11,8
2025-04-21,検索広告,206,116,42
2025-04-21,SNS広告,55,32,12
2025-04-21,自然検索,13,7,4
2025-04-21,紹介,30,20,11
2025-04-22,検索広告,188,100,39
2025-04-22,SNS広告,48,31,6
2025-04-22,自然検索,5,1,0
2025-04-22,紹介,11,8,6
2025-04-23,検索広告,196,111,33
2025-04-23,SNS広告,50,31,6
2025-04-23,自然検索,9,2,2
2025-04-23,紹介,21,11,6
2025-04-24,検索広告,201,113,54
2025-04-24,SNS広告,41,26,7
2025-04-24,自然検索,8,3,1
2025-04-24,紹介,27,18,6
2025-04-25,検索広告,207,119,50
2025-04-25,SNS広告,55,35,11
2025-04-25,自然検索,13,9,4
2025-04-25,紹介,22,14,6
2025-04-26,検索広告,215,132,51
2025-04-26,SNS広告,66,33,9
2025-04-26,自然検索,7,2,0
2025-04-26,紹介,28,16,11
2025-04-27,検索広告,164,89,38
2025-04-27,SNS広告,78,42,12
2025-04-27,自然検索,11,6,3
2025-04-27,紹介,22,14,6
2025-04-28,検索広告,259,157,59
2025-04-28,SNS広告,64,34,9
2025-04-28,自然検索,7,3,0
2025-04-28,紹介,20,11,3
2025-04-29,検索広告,140,76,30
2025-04-29,SNS広告,60,42,11
2025-04-29,自然検索,4,2,2
2025-04-29,紹介,16,7,0
2025-04-30,検索広告,196,109,38
2025-04-30,SNS広告,47,28,12
2025-04-30,自然検索,7,2,1
2025-04-30,紹介,27,16,10
2025-05-01,検索広告,171,97,44
2025-05-01,SNS広告,63,32,11
2025-05-01,自然検索,9,3,0
2025-05-01,紹介,21,13,5
2025-05-02,検索広告,126,75,33
2025-05-02,SNS広告,48,26,12
2025-05-02,自然検索,8,2,0
2025-05-02,紹介,18,8,3
2025-05-03,検索広告,277,160,56
2025-05-03,SNS広告,89,45,13
2025-05-03,自然検索,15,4,2
2025-05-03,紹介,15,5,2
2025-05-04,検索広告,139,89,33
2025-05-04,SNS広告,56,34,11
2025-05-04,自然検索,10,5,2
2025-05-04,紹介,27,16,12
2025-05-05,検索広告,150,89,30
2025-05-05,SNS広告,28,19,5
2025-05-05,自然検索,11,5,2
2025-05-05,紹介,20,13,5
2025-05-06,検索広告,99,50,18
2025-05-06,SNS広告,60,37,9
2025-05-06,自然検索,11,10,4
2025-05-06,紹介,19,12,9
2025-05-07,検索広告,230,131,56
2025-05-07,SNS広告,87,53,13
2025-05-07,自然検索,5,4,3
2025-05-07,紹介,17,10,7
2025-05-08,検索広告,111,66,22
2025-05-08,SNS広告,50,28,6
2025-05-08,自然検索,11,6,2
2025-05-08,紹介,17,9,6
2025-05-09,検索広告,174,94,30
2025-05-09,SNS広告,40,32,7
2025-05-09,自然検索,3,2,0
2025-05-09,紹介,22,11,8
2025-05-10,検索広告,206,126,44
2025-05-10,SNS広告,70,42,16
2025-05-10,自然検索,5,3,1
2025-05-10,紹介,24,15,11
2025-05-11,検索広告,158,83,31
2025-05-11,SNS広告,39,20,8
2025-05-11,自然検索,5,3,0
2025-05-11,紹介,24,18,11
2025-05-12,検索広告,152,89,32
2025-05-12,SNS広告,37,20,3
2025-05-12,自然検索,10,7,0
2025-05-12,紹介,19,9,7
2025-05-13,検索広告,227,120,46
2025-05-13,SNS広告,54,30,7
2025-05-13,自然検索,14,4,3
2025-05-13,紹介,23,18,10
2025-05-14,検索広告,183,107,46
2025-05-14,SNS広告,42,22,7
2025-05-14,自然検索,13,8,3
2025-05-14,紹介,29,19,8
2025-05-15,検索広告,181,98,36
2025-05-15,SNS広告,55,26,9
2025-05-15,自然検索,14,9,1
2025-05-15,紹介,22,12,6
2025-05-16,検索広告,177,98,34
2025-05-16,SNS広告,54,28,9
2025-05-16,自然検索,10,5,3
2025-05-16,紹介,14,8,3
2025-05-17,検索広告,196,103,42
2025-05-17,SNS広告,67,47,12
2025-05-17,自然検索,12,6,2
2025-05-17,紹介,31,17,6
2025-05-18,検索広告,205,128,48
2025-05-18,SNS広告,75,40,10
2025-05-18,自然検索,13,8,2
2025-05-18,紹介,24,15,5
2025-05-19,検索広告,195,128,50
2025-05-19,SNS広告,41,22,9
2025-05-19,自然検索,11,6,4
2025-05-19,紹介,19,13,10
2025-05-20,検索広告,232,135,43
2025-05-20,SNS広告,72,41,10
2025-05-20,自然検索,12,7,1
2025-05-20,紹介,18,14,5
2025-05-21,検索広告,227,122,47
2025-05-21,SNS広告,47,27,11
2025-05-21,自然検索,10,7,2
2025-05-21,紹介,23,13,7
2025-05-22,検索広告,160,88,39
2025-05-22,SNS広告,45,27,6
2025-05-22,自然検索,8,3,0
2025-05-22,紹介,27,15,8
2025-05-23,検索広告,157,89,36
2025-05-23,SNS広告,64,38,10
2025-05-23,自然検索,9,8,4
2025-05-23,紹介,14,8,3
2025-05-24,検索広告,152,82,25
2025-05-24,SNS広告,69,40,16
2025-05-24,自然検索,12,5,2
2025-05-24,紹介,29,15,6
2025-05-25,検索広告,124,72,26
2025-05-25,SNS広告,41,19,5
2025-05-25,自然検索,7,5,2
2025-05-25,紹介,28,17,4
2025-05-26,検索広告,199,108,34
2025-05-26,SNS広告,79,48,13
2025-05-26,自然検索,9,4,2
2025-05-26,紹介,24,13,9
2025-05-27,検索広告,186,91,34
2025-05-27,SNS広告,40,21,1
2025-05-27,自然検索,5,3,1
2025-05-27,紹介,27,15,7
2025-05-28,検索広告,184,98,28
2025-05-28,SNS広告,28,15,2
2025-05-28,自然検索,14,9,5
2025-05-28,紹介,16,9,1
2025-05-29,検索広告,255,147,56
2025-05-29,SNS広告,60,32,13
2025-05-29,自然検索,7,3,0
2025-05-29,紹介,23,13,4
2025-05-30,検索広告,224,120,47
2025-05-30,SNS広告,75,37,11
2025-05-30,自然検索,14,12,6
2025-05-30,紹介,21,11,4
2025-05-31,検索広告,145,82,22
2025-05-31,SNS広告,39,27,7
2025-05-31,自然検索,16,6,1
2025-05-31,紹介,24,14,7
2025-06-01,検索広告,185,106,41
2025-06-01,SNS広告,49,30,9
2025-06-01,自然検索,16,7,3
2025-06-01,紹介,37,20,11
2025-06-02,検索広告,163,102,33
2025-06-02,SNS広告,85,49,16
2025-06-02,自然検索,10,4,1
2025-06-02,紹介,24,15,5
2025-06-03,検索広告,242,141,56
2025-06-03,SNS広告,69,46,13
2025-06-03,自然検索,12,8,3
2025-06-03,紹介,32,19,10
2025-06-04,検索広告,156,83,30
2025-06-04,SNS広告,63,37,9
2025-06-04,自然検索,8,4,2
2025-06-04,紹介,22,12,7
2025-06-05,検索広告,181,100,29
2025-06-05,SNS広告,52,28,9
2025-06-05,自然検索,20,14,8
2025-06-05,紹介,27,17,11
2025-06-06,検索広告,205,129,46
2025-06-06,SNS広告,64,33,9
2025-06-06,自然検索,8,3,0
2025-06-06,紹介,20,13,6
2025-06-07,検索広告,122,67,25
2025-06-07,SNS広告,84,52,13
2025-06-07,自然検索,3,2,1
2025-06-07,紹介,33,22,10
2025-06-08,検索広告,202,115,41
2025-06-08,SNS広告,50,32,11
2025-06-08,自然検索,13,5,2
2025-06-08,紹介,14,6,2
2025-06-09,検索広告,130,74,31
2025-06-09,SNS広告,38,20,4
2025-06-09,自然検索,8,4,1
2025-06-09,紹介,26,12,4
2025-06-10,検索広告,240,145,54
2025-06-10,SNS広告,57,35,14
2025-06-10,自然検索,8,5,2
2025-06-10,紹介,27,13,6
2025-06-11,検索広告,204,124,50
2025-06-11,SNS広告,68,43,11
2025-06-11,自然検索,13,10,2
2025-06-11,紹介,32,22,5
2025-06-12,検索広告,175,95,33
2025-06-12,SNS広告,56,34,8
2025-06-12,自然検索,8,3,2
2025-06-12,紹介,26,14,8
2025-06-13,検索広告,124,78,34
2025-06-13,SNS広告,53,23,5
2025-06-13,自然検索,7,1,0
2025-06-13,紹介,17,13,5
2025-06-14,検索広告,326,187,75
2025-06-14,SNS広告,75,44,20
2025-06-14,自然検索,11,7,4
2025-06-14,紹介,26,15,4
2025-06-15,検索広告,227,123,43
2025-06-15,SNS広告,61,36,12
2025-06-15,自然検索,9,4,3
2025-06-15,紹介,20,11,6
2025-06-16,検索広告,167,89,27
2025-06-16,SNS広告,60,40,16
2025-06-16,自然検索,11,4,3
2025-06-16,紹介,22,11,7
2025-06-17,検索広告,203,119,44
2025-06-17,SNS広告,73,40,12
2025-06-17,自然検索,8,3,1
2025-06-17,紹介,30,17,3
2025-06-18,検索広告,132,80,22
2025-06-18,SNS広告,78,47,16
2025-06-18,自然検索,17,7,3
2025-06-18,紹介,10,5,4
2025-06-19,検索広告,223,126,43
2025-06-19,SNS広告,53,34,9
2025-06-19,自然検索,11,7,1
2025-06-19,紹介,19,13,7
2025-06-20,検索広告,278,173,61
2025-06-20,SNS広告,63,36,14
2025-06-20,自然検索,3,1,0
2025-06-20,紹介,24,12,6
2025-06-21,検索広告,171,98,39
2025-06-21,SNS広告,36,24,8
2025-06-21,自然検索,9,6,5
2025-06-21,紹介,29,15,8
2025-06-22,検索広告,112,59,23
2025-06-22,SNS広告,71,38,12
2025-06-22,自然検索,12,6,1
2025-06-22,紹介,24,9,3
2025-06-23,検索広告,191,101,34
2025-06-23,SNS広告,49,26,8
2025-06-23,自然検索,11,6,2
2025-06-23,紹介,30,16,10
2025-06-24,検索広告,218,125,46
2025-06-24,SNS広告,53,29,13
2025-06-24,自然検索,12,5,1
2025-06-24,紹介,20,14,7
2025-06-25,検索広告,152,76,24
2025-06-25,SNS広告,66,32,10
2025-06-25,自然検索,7,2,1
2025-06-25,紹介,25,17,8
2025-06-26,検索広告,213,119,42
2025-06-26,SNS広告,88,53,17
2025-06-26,自然検索,6,3,2
2025-06-26,紹介,25,14,8
2025-06-27,検索広告,152,90,30
2025-06-27,SNS広告,61,34,10
2025-06-27,自然検索,7,2,0
2025-06-27,紹介,23,11,4
2025-06-28,検索広告,188,104,41
2025-06-28,SNS広告,65,32,11
2025-06-28,自然検索,14,6,3
2025-06-28,紹介,16,10,6
2025-06-29,検索広告,199,119,38
2025-06-29,SNS広告,66,41,12
2025-06-29,自然検索,17,8,1
2025-06-29,紹介,25,15,7
2025-06-30,検索広告,217,127,44
2025-06-30,SNS広告,59,36,13
2025-06-30,自然検索,8,3,1
2025-06-30,紹介,20,16,6
2025-07-01,検索広告,186,106,40
2025-07-01,SNS広告,65,41,8
2025-07-01,自然検索,8,6,2
2025-07-01,紹介,25,12,9
2025-07-02,検索広告,175,92,41
2025-07-02,SNS広告,46,30,8
2025-07-02,自然検索,6,2,0
2025-07-02,紹介,33,20,9
2025-07-03,検索広告,202,107,34
2025-07-03,SNS広告,56,29,7
2025-07-03,自然検索,10,4,1
2025-07-03,紹介,23,11,7
2025-07-04,検索広告,240,141,39
2025-07-04,SNS広告,39,23,7
2025-07-04,自然検索,12,6,2
2025-07-04,紹介,19,9,5
2025-07-05,検索広告,169,96,38
2025-07-05,SNS広告,65,41,10
2025-07-05,自然検索,9,4,2
2025-07-05,紹介,18,9,6
2025-07-06,検索広告,208,117,33
2025-07-06,SNS広告,74,37,13
2025-07-06,自然検索,14,9,3
2025-07-06,紹介,23,17,10
2025-07-07,検索広告,253,142,45
2025-07-07,SNS広告,60,27,8
2025-07-07,自然検索,19,13,3
2025-07-07,紹介,21,12,4
2025-07-08,検索広告,137,84,30
2025-07-08,SNS広告,85,56,15
2025-07-08,自然検索,5,4,2
2025-07-08,紹介,21,16,10
2025-07-09,検索広告,202,104,43
2025-07-09,SNS広告,51,29,6
2025-07-09,自然検索,8,2,0
2025-07-09,紹介,32,15,11
2025-07-10,検索広告,278,162,59
2025-07-10,SNS広告,91,55,12
2025-07-10,自然検索,12,6,1
2025-07-10,紹介,24,12,6
2025-07-11,検索広告,204,112,44
2025-07-11,SNS広告,58,32,12
2025-07-11,自然検索,14,7,5
2025-07-11,紹介,26,14,7
2025-07-12,検索広告,233,125,48
2025-07-12,SNS広告,55,28,7
2025-07-12,自然検索,9,6,4
2025-07-12,紹介,18,12,6
2025-07-13,検索広告,237,139,48
2025-07-13,SNS広告,58,34,6
2025-07-13,自然検索,11,6,2
2025-07-13,紹介,24,12,6
2025-07-14,検索広告,180,99,30
2025-07-14,SNS広告,45,21,10
2025-07-14,自然検索,16,13,8
2025-07-14,紹介,22,17,8
2025-07-15,検索広告,127,74,24
2025-07-15,SNS広告,90,52,18
2025-07-15,自然検索,5,0,0
2025-07-15,紹介,26,18,10
2025-07-16,検索広告,184,99,38
2025-07-16,SNS広告,51,32,9
2025-07-16,自然検索,9,7,1
2025-07-16,紹介,22,9,4
2025-07-17,検索広告,154,89,24
2025-07-17,SNS広告,35,17,6
2025-07-17,自然検索,7,1,0
2025-07-17,紹介,21,15,8
2025-07-18,検索広告,217,127,38
2025-07-18,SNS広告,75,43,14
2025-07-18,自然検索,8,3,0
2025-07-18,紹介,32,17,6
2025-07-19,検索広告,207,119,45
2025-07-19,SNS広告,78,38,11
2025-07-19,自然検索,17,9,2
2025-07-19,紹介,22,11,4
2025-07-20,検索広告,222,132,44
2025-07-20,SNS広告,85,46,20
2025-07-20,自然検索,19,11,5
2025-07-20,紹介,18,11,3
2025-07-21,検索広告,329,194,70
2025-07-21,SNS広告,72,42,10
2025-07-21,自然検索,13,5,4
2025-07-21,紹介,17,14,4
2025-07-22,検索広告,230,117,44
2025-07-22,SNS広告,68,35,4
2025-07-22,自然検索,12,6,2
2025-07-22,紹介,24,14,5
2025-07-23,検索広告,221,130,49
2025-07-23,SNS広告,68,41,13
2025-07-23,自然検索,14,8,3
2025-07-23,紹介,27,16,8
2025-07-24,検索広告,197,113,40
2025-07-24,SNS広告,52,31,9
2025-07-24,自然検索,12,5,1
2025-07-24,紹介,25,12,4
2025-07-25,検索広告,265,153,43
2025-07-25,SNS広告,53,28,7
2025-07-25,自然検索,12,8,4
2025-07-25,紹介,29,18,10
2025-07-26,検索広告,153,79,20
2025-07-26,SNS広告,70,37,9
2025-07-26,自然検索,11,8,3
2025-07-26,紹介,23,14,6
2025-07-27,検索広告,276,154,58
2025-07-27,SNS広告,76,38,15
2025-07-27,自然検索,8,3,1
2025-07-27,紹介,26,11,3
2025-07-28,検索広告,213,139,47
2025-07-28,SNS広告,63,33,11
2025-07-28,自然検索,5,1,1
2025-07-28,紹介,23,16,8
2025-07-29,検索広告,271,168,47
2025-07-29,SNS広告,81,46,12
2025-07-29,自然検索,8,5,0
2025-07-29,紹介,24,15,11
2025-07-30,検索広告,156,97,35
2025-07-30,SNS広告,80,47,8
2025-07-30,自然検索,8,4,1
2025-07-30,紹介,22,13,6
2025-07-31,検索広告,206,107,38
2025-07-31,SNS広告,44,20,6
2025-07-31,自然検索,12,4,3
2025-07-31,紹介,24,14,10
2025-08-01,検索広告,256,147,54
2025-08-01,SNS広告,51,30,12
2025-08-01,自然検索,11,7,3
2025-08-01,紹介,21,13,7
2025-08-02,検索広告,344,201,88
2025-08-02,SNS広告,56,32,13
2025-08-02,自然検索,9,7,3
2025-08-02,紹介,23,13,11
2025-08-03,検索広告,209,120,43
2025-08-03,SNS広告,42,25,10
2025-08-03,自然検索,2,2,1
2025-08-03,紹介,17,8,6
2025-08-04,検索広告,129,64,21
2025-08-04,SNS広告,41,22,7
2025-08-04,自然検索,8,6,0
2025-08-04,紹介,25,15,9
2025-08-05,検索広告,169,94,38
2025-08-05,SNS広告,48,22,9
2025-08-05,自然検索,20,13,7
2025-08-05,紹介,26,13,6
2025-08-06,検索広告,219,134,48
2025-08-06,SNS広告,57,36,15
2025-08-06,自然検索,13,10,5
2025-08-06,紹介,26,13,7
2025-08-07,検索広告,277,164,63
2025-08-07,SNS広告,61,38,12
2025-08-07,自然検索,3,2,1
2025-08-07,紹介,17,6,3
2025-08-08,検索広告,221,129,41
2025-08-08,SNS広告,67,39,19
2025-08-08,自然検索,13,10,2
2025-08-08,紹介,28,11,6
2025-08-09,検索広告,265,150,50
2025-08-09,SNS広告,61,37,11
2025-08-09,自然検索,8,4,2
2025-08-09,紹介,33,20,9
2025-08-10,検索広告,149,82,19
2025-08-10,SNS広告,85,53,15
2025-08-10,自然検索,12,8,2
2025-08-10,紹介,17,9,4
2025-08-11,検索広告,275,140,49
2025-08-11,SNS広告,43,23,8
2025-08-11,自然検索,11,5,3
2025-08-11,紹介,20,8,5
2025-08-12,検索広告,339,208,74
2025-08-12,SNS広告,79,41,14
2025-08-12,自然検索,10,2,1
2025-08-12,紹介,33,19,11
2025-08-13,検索広告,245,154,52
2025-08-13,SNS広告,96,62,20
2025-08-13,自然検索,13,8,4
2025-08-13,紹介,31,18,13
2025-08-14,検索広告,218,135,47
2025-08-14,SNS広告,62,36,7
2025-08-14,自然検索,13,6,5
2025-08-14,紹介,20,9,4
2025-08-15,検索広告,170,105,41
2025-08-15,SNS広告,93,49,12
2025-08-15,自然検索,13,4,1
2025-08-15,紹介,23,16,7
2025-08-16,検索広告,302,171,67
2025-08-16,SNS広告,102,49,14
2025-08-16,自然検索,10,6,0
2025-08-16,紹介,16,8,5
2025-08-17,検索広告,238,123,38
2025-08-17,SNS広告,50,31,11
2025-08-17,自然検索,17,8,2
2025-08-17,紹介,25,17,10
2025-08-18,検索広告,225,129,43
2025-08-18,SNS広告,62,32,7
2025-08-18,自然検索,13,8,2
2025-08-18,紹介,19,15,6
2025-08-19,検索広告,241,133,49
2025-08-19,SNS広告,65,27,7
2025-08-19,自然検索,7,3,2
2025-08-19,紹介,24,14,12
2025-08-20,検索広告,163,101,40
2025-08-20,SNS広告,79,51,18
2025-08-20,自然検索,14,8,4
2025-08-20,紹介,19,10,4
2025-08-21,検索広告,277,145,56
2025-08-21,SNS広告,59,33,8
2025-08-21,自然検索,6,1,1
2025-08-21,紹介,26,19,9
2025-08-22,検索広告,209,121,44
2025-08-22,SNS広告,70,41,13
2025-08-22,自然検索,9,3,1
2025-08-22,紹介,21,15,5
2025-08-23,検索広告,220,121,37
2025-08-23,SNS広告,74,41,15
2025-08-23,自然検索,7,3,1
2025-08-23,紹介,19,10,4
2025-08-24,検索広告,184,114,46
2025-08-24,SNS広告,53,28,8
2025-08-24,自然検索,13,9,2
2025-08-24,紹介,18,5,3
2025-08-25,検索広告,203,118,40
2025-08-25,SNS広告,75,49,16
2025-08-25,自然検索,7,5,1
2025-08-25,紹介,31,16,9
2025-08-26,検索広告,248,156,65
2025-08-26,SNS広告,84,53,13
2025-08-26,自然検索,10,7,4
2025-08-26,紹介,28,14,3
2025-08-27,検索広告,213,120,35
2025-08-27,SNS広告,60,31,10
2025-08-27,自然検索,12,7,2
2025-08-27,紹介,25,13,7
2025-08-28,検索広告,290,172,65
2025-08-28,SNS広告,83,41,13
2025-08-28,自然検索,10,6,2
2025-08-28,紹介,23,10,5
2025-08-29,検索広告,270,157,60
2025-08-29,SNS広告,59,36,12
2025-08-29,自然検索,5,1,0
2025-08-29,紹介,30,17,7
2025-08-30,検索広告,305,174,61
2025-08-30,SNS広告,75,43,16
2025-08-30,自然検索,20,12,5
2025-08-30,紹介,22,17,6
2025-08-31,検索広告,190,114,30
2025-08-31,SNS広告,34,19,6
2025-08-31,自然検索,16,11,7
2025-08-31,紹介,21,10,5
2025-09-01,検索広告,314,172,72
2025-09-01,SNS広告,86,48,14
2025-09-01,自然検索,12,9,6
2025-09-01,紹介,21,12,6
2025-09-02,検索広告,267,145,59
2025-09-02,SNS広告,63,29,8
2025-09-02,自然検索,10,7,1
2025-09-02,紹介,25,13,9
2025-09-03,検索広告,162,92,38
2025-09-03,SNS広告,58,35,15
2025-09-03,自然検索,16,6,5
2025-09-03,紹介,23,16,7
2025-09-04,検索広告,168,98,39
2025-09-04,SNS広告,67,43,13
2025-09-04,自然検索,13,10,4
2025-09-04,紹介,30,17,9
2025-09-05,検索広告,269,148,55
2025-09-05,SNS広告,44,25,6
2025-09-05,自然検索,16,8,2
2025-09-05,紹介,33,13,9
2025-09-06,検索広告,151,82,28
2025-09-06,SNS広告,64,43,14
2025-09-06,自然検索,18,9,4
2025-09-06,紹介,33,14,5
2025-09-07,検索広告,275,145,48
2025-09-07,SNS広告,65,32,13
2025-09-07,自然検索,9,2,1
2025-09-07,紹介,22,13,6
2025-09-08,検索広告,247,141,51
2025-09-08,SNS広告,62,41,7
2025-09-08,自然検索,9,7,3
2025-09-08,紹介,35,14,10
2025-09-09,検索広告,209,118,41
2025-09-09,SNS広告,81,42,13
2025-09-09,自然検索,15,8,1
2025-09-09,紹介,25,9,3
2025-09-10,検索広告,188,107,46
2025-09-10,SNS広告,70,39,14
2025-09-10,自然検索,14,7,2
2025-09-10,紹介,33,16,7
2025-09-11,検索広告,213,121,44
2025-09-11,SNS広告,61,30,13
2025-09-11,自然検索,15,10,2
2025-09-11,紹介,29,16,4
2025-09-12,検索広告,282,147,57
2025-09-12,SNS広告,99,54,19
2025-09-12,自然検索,15,7,2
2025-09-12,紹介,24,16,7
2025-09-13,検索広告,250,125,51
2025-09-13,SNS広告,62,36,10
2025-09-13,自然検索,6,1,0
2025-09-13,紹介,29,13,4
2025-09-14,検索広告,291,166,60
2025-09-14,SNS広告,49,18,6
2025-09-14,自然検索,20,10,4
2025-09-14,紹介,34,19,8
2025-09-15,検索広告,294,168,66
2025-09-15,SNS広告,78,41,11
2025-09-15,自然検索,0,0,0
2025-09-15,紹介,25,14,6
2025-09-16,検索広告,234,124,45
2025-09-16,SNS広告,111,63,22
2025-09-16,自然検索,13,9,3
2025-09-16,紹介,29,19,9
2025-09-17,検索広告,253,149,50
2025-09-17,SNS広告,62,33,11
2025-09-17,自然検索,9,4,1
2025-09-17,紹介,30,9,4
2025-09-18,検索広告,259,155,53
2025-09-18,SNS広告,74,47,13
2025-09-18,自然検索,11,7,4
2025-09-18,紹介,30,22,11
2025-09-19,検索広告,116,73,22
2025-09-19,SNS広告,63,35,10
2025-09-19,自然検索,15,8,4
2025-09-19,紹介,20,12,9
2025-09-20,検索広告,158,76,23
2025-09-20,SNS広告,96,53,18
2025-09-20,自然検索,11,2,0
2025-09-20,紹介,21,10,3
2025-09-21,検索広告,260,143,48
2025-09-21,SNS広告,79,38,7
2025-09-21,自然検索,10,8,5
2025-09-21,紹介,34,15,9
2025-09-22,検索広告,280,156,60
2025-09-22,SNS広告,57,41,13
2025-09-22,自然検索,12,5,3
2025-09-22,紹介,23,14,8
2025-09-23,検索広告,265,143,61
2025-09-23,SNS広告,80,46,19
2025-09-23,自然検索,12,7,3
2025-09-23,紹介,22,15,8
2025-09-24,検索広告,190,105,32
2025-09-24,SNS広告,57,29,16
2025-09-24,自然検索,19,7,3
2025-09-24,紹介,36,20,11
2025-09-25,検索広告,189,108,25
2025-09-25,SNS広告,87,55,16
2025-09-25,自然検索,12,5,4
2025-09-25,紹介,27,13,5
2025-09-26,検索広告,219,122,39
2025-09-26,SNS広告,99,59,24
2025-09-26,自然検索,12,6,3
2025-09-26,紹介,32,15,9
2025-09-27,検索広告,279,177,60
2025-09-27,SNS広告,61,39,13
2025-09-27,自然検索,14,7,1
2025-09-27,紹介,23,20,15
2025-09-28,検索広告,260,133,48
2025-09-28,SNS広告,86,45,19
2025-09-28,自然検索,20,11,2
2025-09-28,紹介,27,13,8
2025-09-29,検索広告,349,190,58
2025-09-29,SNS広告,68,42,11
2025-09-29,自然検索,13,7,1
2025-09-29,紹介,14,6,5
2025-09-30,検索広告,244,134,42
2025-09-30,SNS広告,62,37,14
2025-09-30,自然検索,10,4,1
2025-09-30,紹介,29,13,7
2025-10-01,検索広告,219,133,59
2025-10-01,SNS広告,78,48,12
2025-10-01,自然検索,10,7,4
2025-10-01,紹介,38,22,8
2025-10-02,検索広告,259,152,43
2025-10-02,SNS広告,80,44,11
2025-10-02,自然検索,13,8,2
2025-10-02,紹介,18,10,7
2025-10-03,検索広告,349,208,65
2025-10-03,SNS広告,76,49,15
2025-10-03,自然検索,12,6,3
2025-10-03,紹介,29,14,9
2025-10-04,検索広告,161,94,30
2025-10-04,SNS広告,83,45,7
2025-10-04,自然検索,21,11,5
2025-10-04,紹介,22,12,5
2025-10-05,検索広告,213,139,50
2025-10-05,SNS広告,84,42,15
2025-10-05,自然検索,12,5,1
2025-10-05,紹介,42,22,12
2025-10-06,検索広告,301,159,56
2025-10-06,SNS広告,62,38,7
2025-10-06,自然検索,7,6,2
2025-10-06,紹介,29,15,7
2025-10-07,検索広告,237,131,55
2025-10-07,SNS広告,68,45,16
2025-10-07,自然検索,15,7,3
2025-10-07,紹介,31,16,9
2025-10-08,検索広告,315,168,66
2025-10-08,SNS広告,71,31,8
2025-10-08,自然検索,6,3,2
2025-10-08,紹介,20,9,4
2025-10-09,検索広告,240,131,51
2025-10-09,SNS広告,101,48,14
2025-10-09,自然検索,12,6,0
2025-10-09,紹介,28,16,4
2025-10-10,検索広告,198,123,44
2025-10-10,SNS広告,42,26,8
2025-10-10,自然検索,16,9,4
2025-10-10,紹介,39,25,9
2025-10-11,検索広告,180,101,42
2025-10-11,SNS広告,66,36,7
2025-10-11,自然検索,14,9,5
2025-10-11,紹介,23,14,3
2025-10-12,検索広告,342,196,67
2025-10-12,SNS広告,72,44,16
2025-10-12,自然検索,16,7,2
2025-10-12,紹介,29,18,7
2025-10-13,検索広告,275,150,54
2025-10-13,SNS広告,78,43,12
2025-10-13,自然検索,21,10,3
2025-10-13,紹介,28,13,7
2025-10-14,検索広告,298,160,74
2025-10-14,SNS広告,70,40,4
2025-10-14,自然検索,16,11,4
2025-10-14,紹介,21,13,7
2025-10-15,検索広告,210,114,42
2025-10-15,SNS広告,50,36,14
2025-10-15,自然検索,13,8,3
2025-10-15,紹介,37,24,11
2025-10-16,検索広告,234,130,40
2025-10-16,SNS広告,59,33,9
2025-10-16,自然検索,8,3,2
2025-10-16,紹介,18,12,9
2025-10-17,検索広告,286,163,52
2025-10-17,SNS広告,81,43,16
2025-10-17,自然検索,16,7,6
2025-10-17,紹介,36,21,11
2025-10-18,検索広告,247,149,51
2025-10-18,SNS広告,84,42,7
2025-10-18,自然検索,8,4,2
2025-10-18,紹介,21,12,9
2025-10-19,検索広告,217,118,42
2025-10-19,SNS広告,68,43,17
2025-10-19,自然検索,18,10,3
2025-10-19,紹介,28,16,10
2025-10-20,検索広告,213,125,37
2025-10-20,SNS広告,78,40,11
2025-10-20,自然検索,17,13,1
2025-10-20,紹介,20,12,8
2025-10-21,検索広告,229,130,60
2025-10-21,SNS広告,59,26,10
2025-10-21,自然検索,9,8,6
2025-10-21,紹介,26,13,8
2025-10-22,検索広告,208,122,40
2025-10-22,SNS広告,71,40,10
2025-10-22,自然検索,8,4,1
2025-10-22,紹介,32,14,5
2025-10-23,検索広告,208,126,47
2025-10-23,SNS広告,71,38,8
2025-10-23,自然検索,7,4,3
2025-10-23,紹介,24,11,7
2025-10-24,検索広告,288,159,50
2025-10-24,SNS広告,83,44,3
2025-10-24,自然検索,10,6,1
2025-10-24,紹介,25,17,11
2025-10-25,検索広告,316,176,68
2025-10-25,SNS広告,85,41,14
2025-10-25,自然検索,16,6,4
2025-10-25,紹介,29,21,11
2025-10-26,検索広告,346,187,58
2025-10-26,SNS広告,69,35,11
2025-10-26,自然検索,14,9,5
2025-10-26,紹介,21,13,9
2025-10-27,検索広告,224,119,46
2025-10-27,SNS広告,62,31,12
2025-10-27,自然検索,11,4,2
2025-10-27,紹介,19,13,4
2025-10-28,検索広告,248,149,59
2025-10-28,SNS広告,89,43,11
2025-10-28,自然検索,11,4,2
2025-10-28,紹介,30,21,7
2025-10-29,検索広告,219,121,40
2025-10-29,SNS広告,55,26,8
2025-10-29,自然検索,12,6,5
2025-10-29,紹介,24,18,16
2025-10-30,検索広告,292,154,54
2025-10-30,SNS広告,64,45,10
2025-10-30,自然検索,8,4,3
2025-10-30,紹介,29,16,6
2025-10-31,検索広告,126,75,34
2025-10-31,SNS広告,70,39,10
2025-10-31,自然検索,11,4,3
2025-10-31,紹介,32,14,8
2025-11-01,検索広告,164,92,34
2025-11-01,SNS広告,85,47,15
2025-11-01,自然検索,2,1,0
2025-11-01,紹介,40,22,14
2025-11-02,検索広告,186,111,37
2025-11-02,SNS広告,119,79,21
2025-11-02,自然検索,14,11,4
2025-11-02,紹介,25,9,3
2025-11-03,検索広告,312,180,57
2025-11-03,SNS広告,109,58,17
2025-11-03,自然検索,16,8,4
2025-11-03,紹介,39,20,11
2025-11-04,検索広告,214,119,47
2025-11-04,SNS広告,56,35,11
2025-11-04,自然検索,15,8,2
2025-11-04,紹介,30,14,9
2025-11-05,検索広告,307,169,54
2025-11-05,SNS広告,63,39,7
2025-11-05,自然検索,14,8,1
2025-11-05,紹介,22,13,8
2025-11-06,検索広告,314,169,46
2025-11-06,SNS広告,89,46,9
2025-11-06,自然検索,11,5,4
2025-11-06,紹介,24,12,6
2025-11-07,検索広告,222,136,56
2025-11-07,SNS広告,64,38,16
2025-11-07,自然検索,12,8,4
2025-11-07,紹介,31,17,9
2025-11-08,検索広告,162,97,34
2025-11-08,SNS広告,106,53,10
2025-11-08,自然検索,15,11,7
2025-11-08,紹介,29,18,9
2025-11-09,検索広告,345,196,69
2025-11-09,SNS広告,73,46,17
2025-11-09,自然検索,8,6,3
2025-11-09,紹介,16,11,3
2025-11-10,検索広告,292,170,51
2025-11-10,SNS広告,61,41,15
2025-11-10,自然検索,14,6,3
2025-11-10,紹介,32,16,7
2025-11-11,検索広告,168,89,26
2025-11-11,SNS広告,58,33,9
2025-11-11,自然検索,16,9,2
2025-11-11,紹介,19,10,4
2025-11-12,検索広告,152,92,40
2025-11-12,SNS広告,67,41,14
2025-11-12,自然検索,18,12,5
2025-11-12,紹介,25,11,5
2025-11-13,検索広告,224,111,40
2025-11-13,SNS広告,90,53,12
2025-11-13,自然検索,16,10,4
2025-11-13,紹介,41,17,5
2025-11-14,検索広告,376,209,73
2025-11-14,SNS広告,89,46,14
2025-11-14,自然検索,17,9,4
2025-11-14,紹介,24,13,5
2025-11-15,検索広告,171,87,27
2025-11-15,SNS広告,60,37,9
2025-11-15,自然検索,17,7,3
2025-11-15,紹介,29,14,8
2025-11-16,検索広告,244,141,45
2025-11-16,SNS広告,106,63,19
2025-11-16,自然検索,14,6,4
2025-11-16,紹介,24,14,4
2025-11-17,検索広告,255,142,50
2025-11-17,SNS広告,71,37,9
2025-11-17,自然検索,10,7,3
2025-11-17,紹介,34,18,11
2025-11-18,検索広告,225,137,40
2025-11-18,SNS広告,46,29,10
2025-11-18,自然検索,13,3,0
2025-11-18,紹介,28,19,10
2025-11-19,検索広告,166,86,29
2025-11-19,SNS広告,78,45,9
2025-11-19,自然検索,13,11,4
2025-11-19,紹介,24,18,7
2025-11-20,検索広告,379,219,79
2025-11-20,SNS広告,34,20,8
2025-11-20,自然検索,13,8,4
2025-11-20,紹介,27,11,5
2025-11-21,検索広告,244,126,46
2025-11-21,SNS広告,91,53,17
2025-11-21,自然検索,6,4,0
2025-11-21,紹介,44,27,14
2025-11-22,検索広告,229,122,49
2025-11-22,SNS広告,99,58,16
2025-11-22,自然検索,11,3,0
2025-11-22,紹介,29,18,8
2025-11-23,検索広告,341,200,77
2025-11-23,SNS広告,61,38,14
2025-11-23,自然検索,13,7,2
2025-11-23,紹介,29,17,11
2025-11-24,検索広告,327,186,62
2025-11-24,SNS広告,103,54,17
2025-11-24,自然検索,7,4,3
2025-11-24,紹介,26,14,6
2025-11-25,検索広告,175,102,43
2025-11-25,SNS広告,101,65,23
2025-11-25,自然検索,10,5,1
2025-11-25,紹介,28,20,12
2025-11-26,検索広告,240,138,53
2025-11-26,SNS広告,95,48,19
2025-11-26,自然検索,14,7,3
2025-11-26,紹介,29,15,7
2025-11-27,検索広告,230,135,44
2025-11-27,SNS広告,83,49,16
2025-11-27,自然検索,14,11,5
2025-11-27,紹介,28,16,10
2025-11-28,検索広告,220,126,47
2025-11-28,SNS広告,96,49,9
2025-11-28,自然検索,19,6,4
2025-11-28,紹介,29,19,6
2025-11-29,検索広告,326,178,60
2025-11-29,SNS広告,74,45,15
2025-11-29,自然検索,18,11,4
2025-11-29,紹介,28,15,10
2025-11-30,検索広告,290,170,57
2025-11-30,SNS広告,71,43,12
2025-11-30,自然検索,14,10,6
2025-11-30,紹介,25,18,11
2025-12-01,検索広告,278,146,51
2025-12-01,SNS広告,61,42,14
2025-12-01,自然検索,9,3,2
2025-12-01,紹介,27,10,2
2025-12-02,検索広告,279,168,64
2025-12-02,SNS広告,78,44,18
2025-12-02,自然検索,9,6,2
2025-12-02,紹介,24,13,7
2025-12-03,検索広告,241,142,49
2025-12-03,SNS広告,65,38,19
2025-12-03,自然検索,6,1,0
2025-12-03,紹介,33,14,8
2025-12-04,検索広告,354,186,66
2025-12-04,SNS広告,52,25,3
2025-12-04,自然検索,14,9,3
2025-12-04,紹介,14,7,3
2025-12-05,検索広告,243,135,47
2025-12-05,SNS広告,101,58,18
2025-12-05,自然検索,20,12,2
2025-12-05,紹介,27,18,6
2025-12-06,検索広告,260,149,57
2025-12-06,SNS広告,65,27,7
2025-12-06,自然検索,14,10,5
2025-12-06,紹介,29,16,7
2025-12-07,検索広告,317,170,59
2025-12-07,SNS広告,119,72,21
2025-12-07,自然検索,12,5,3
2025-12-07,紹介,28,17,11
2025-12-08,検索広告,238,144,57
2025-12-08,SNS広告,63,40,13
2025-12-08,自然検索,12,9,5
2025-12-08,紹介,34,19,8
2025-12-09,検索広告,257,150,67
2025-12-09,SNS広告,70,37,6
2025-12-09,自然検索,12,5,3
2025-12-09,紹介,26,15,4
2025-12-10,検索広告,215,113,42
2025-12-10,SNS広告,93,49,14
2025-12-10,自然検索,15,10,2
2025-12-10,紹介,25,15,5
2025-12-11,検索広告,314,166,65
2025-12-11,SNS広告,57,34,14
2025-12-11,自然検索,20,12,5
2025-12-11,紹介,23,17,9
2025-12-12,検索広告,245,144,50
2025-12-12,SNS広告,110,57,15
2025-12-12,自然検索,7,5,0
2025-12-12,紹介,32,19,8
2025-12-13,検索広告,259,146,52
2025-12-13,SNS広告,86,49,18
2025-12-13,自然検索,15,10,2
2025-12-13,紹介,47,32,18
2025-12-14,検索広告,219,121,44
2025-12-14,SNS広告,98,53,18
2025-12-14,自然検索,16,9,3
2025-12-14,紹介,37,20,10
2025-12-15,検索広告,166,84,30
2025-12-15,SNS広告,86,38,10
2025-12-15,自然検索,14,8,1
2025-12-15,紹介,29,18,8
2025-12-16,検索広告,171,94,27
2025-12-16,SNS広告,71,38,11
2025-12-16,自然検索,19,7,2
2025-12-16,紹介,40,18,7
2025-12-17,検索広告,171,87,26
2025-12-17,SNS広告,103,69,31
2025-12-17,自然検索,13,7,3
2025-12-17,紹介,24,15,11
2025-12-18,検索広告,250,146,60
2025-12-18,SNS広告,99,60,21
2025-12-18,自然検索,10,4,2
2025-12-18,紹介,21,12,7
2025-12-19,検索広告,278,147,48
2025-12-19,SNS広告,92,47,12
2025-12-19,自然検索,21,14,3
2025-12-19,紹介,33,20,6
2025-12-20,検索広告,239,138,54
2025-12-20,SNS広告,79,42,11
2025-12-20,自然検索,17,10,2
2025-12-20,紹介,30,20,8
2025-12-21,検索広告,270,155,54
2025-12-21,SNS広告,73,35,10
2025-12-21,自然検索,12,10,3
2025-12-21,紹介,28,19,10
2025-12-22,検索広告,324,198,73
2025-12-22,SNS広告,50,27,9
2025-12-22,自然検索,17,9,5
2025-12-22,紹介,26,15,6
2025-12-23,検索広告,275,155,52
2025-12-23,SNS広告,61,36,7
2025-12-23,自然検索,10,6,2
2025-12-23,紹介,24,15,8
2025-12-24,検索広告,354,203,68
2025-12-24,SNS広告,60,26,7
2025-12-24,自然検索,12,8,2
2025-12-24,紹介,29,13,4
2025-12-25,検索広告,409,223,99
2025-12-25,SNS広告,109,66,23
2025-12-25,自然検索,14,9,3
2025-12-25,紹介,27,15,6
2025-12-26,検索広告,386,243,86
2025-12-26,SNS広告,98,60,16
2025-12-26,自然検索,16,12,6
2025-12-26,紹介,25,16,10
2025-12-27,検索広告,217,116,38
2025-12-27,SNS広告,108,58,14
2025-12-27,自然検索,17,12,5
2025-12-27,紹介,36,24,15
2025-12-28,検索広告,188,107,39
2025-12-28,SNS広告,82,43,13
2025-12-28,自然検索,10,6,1
2025-12-28,紹介,36,22,12
2025-12-29,検索広告,210,115,38
2025-12-29,SNS広告,34,20,3
2025-12-29,自然検索,19,9,4
2025-12-29,紹介,32,14,7
2025-12-30,検索広告,263,149,48
2025-12-30,SNS広告,85,52,16
2025-12-30,自然検索,13,8,4
2025-12-30,紹介,37,20,14
2025-12-31,検索広告,308,169,70
2025-12-31,SNS広告,50,27,7
2025-12-31,自然検索,15,6,1
2025-12-31,紹介,29,18,10
2026-01-01,検索広告,366,204,76
2026-01-01,SNS広告,103,58,19
2026-01-01,自然検索,16,11,5
2026-01-01,紹介,25,13,4
2026-01-02,検索広告,256,155,45
2026-01-02,SNS広告,58,35,9
2026-01-02,自然検索,9,5,3
2026-01-02,紹介,32,17,9
2026-01-03,検索広告,269,142,48
2026-01-03,SNS広告,107,60,16
2026-01-03,自然検索,12,6,2
2026-01-03,紹介,32,22,9
2026-01-04,検索広告,408,231,82
2026-01-04,SNS広告,54,31,7
2026-01-04,自然検索,12,6,2
2026-01-04,紹介,27,17,11
2026-01-05,検索広告,300,158,63
2026-01-05,SNS広告,116,60,15
2026-01-05,自然検索,15,10,4
2026-01-05,紹介,32,18,8
2026-01-06,検索広告,307,190,85
2026-01-06,SNS広告,72,51,15
2026-01-06,自然検索,15,9,5
2026-01-06,紹介,30,16,7
2026-01-07,検索広告,336,189,74
2026-01-07,SNS広告,48,25,11
2026-01-07,自然検索,15,10,2
2026-01-07,紹介,34,19,8
2026-01-08,検索広告,240,120,44
2026-01-08,SNS広告,107,66,16
2026-01-08,自然検索,18,13,6
2026-01-08,紹介,30,17,5
2026-01-09,検索広告,384,217,79
2026-01-09,SNS広告,80,47,14
2026-01-09,自然検索,20,5,2
2026-01-09,紹介,51,28,16
2026-01-10,検索広告,363,204,71
2026-01-10,SNS広告,62,34,10
2026-01-10,自然検索,14,5,3
2026-01-10,紹介,45,24,10
2026-01-11,検索広告,258,135,42
2026-01-11,SNS広告,76,43,11
2026-01-11,自然検索,21,12,2
2026-01-11,紹介,41,25,15
2026-01-12,検索広告,309,175,67
2026-01-12,SNS広告,84,45,14
2026-01-12,自然検索,9,6,2
2026-01-12,紹介,35,19,10
2026-01-13,検索広告,293,172,62
2026-01-13,SNS広告,84,50,10
2026-01-13,自然検索,18,13,3
2026-01-13,紹介,27,13,5
2026-01-14,検索広告,331,185,74
2026-01-14,SNS広告,92,44,12
2026-01-14,自然検索,11,8,3
2026-01-14,紹介,39,26,10
2026-01-15,検索広告,215,131,47
2026-01-15,SNS広告,93,45,15
2026-01-15,自然検索,14,7,4
2026-01-15,紹介,27,18,9
2026-01-16,検索広告,254,151,62
2026-01-16,SNS広告,53,30,11
2026-01-16,自然検索,11,4,3
2026-01-16,紹介,35,21,13
2026-01-17,検索広告,241,129,48
2026-01-17,SNS広告,88,50,13
2026-01-17,自然検索,14,8,3
2026-01-17,紹介,40,28,15
2026-01-18,検索広告,240,144,59
2026-01-18,SNS広告,69,33,12
2026-01-18,自然検索,11,9,3
2026-01-18,紹介,41,21,7
2026-01-19,検索広告,289,161,61
2026-01-19,SNS広告,79,46,11
2026-01-19,自然検索,10,5,3
2026-01-19,紹介,35,23,14
2026-01-20,検索広告,165,97,33
2026-01-20,SNS広告,78,46,14
2026-01-20,自然検索,11,8,1
2026-01-20,紹介,39,22,8
2026-01-21,検索広告,463,261,82
2026-01-21,SNS広告,88,48,15
2026-01-21,自然検索,9,4,1
2026-01-21,紹介,35,18,9
2026-01-22,検索広告,347,179,55
2026-01-22,SNS広告,115,69,18
2026-01-22,自然検索,20,12,5
2026-01-22,紹介,20,12,4
2026-01-23,検索広告,321,176,74
2026-01-23,SNS広告,71,32,10
2026-01-23,自然検索,13,6,2
2026-01-23,紹介,24,10,4
2026-01-24,検索広告,284,158,62
2026-01-24,SNS広告,105,51,21
2026-01-24,自然検索,11,5,3
2026-01-24,紹介,31,17,10
2026-01-25,検索広告,257,159,53
2026-01-25,SNS広告,80,50,17
2026-01-25,自然検索,10,5,3
2026-01-25,紹介,18,11,5
2026-01-26,検索広告,230,143,53
2026-01-26,SNS広告,66,39,9
2026-01-26,自然検索,14,7,6
2026-01-26,紹介,38,27,17
2026-01-27,検索広告,258,146,54
2026-01-27,SNS広告,91,50,18
2026-01-27,自然検索,31,21,9
2026-01-27,紹介,38,22,9
2026-01-28,検索広告,213,121,41
2026-01-28,SNS広告,102,69,18
2026-01-28,自然検索,11,6,3
2026-01-28,紹介,30,15,5
2026-01-29,検索広告,313,173,58
2026-01-29,SNS広告,74,40,9
2026-01-29,自然検索,16,8,1
2026-01-29,紹介,36,20,10
2026-01-30,検索広告,327,190,61
2026-01-30,SNS広告,82,51,14
2026-01-30,自然検索,14,9,4
2026-01-30,紹介,44,28,14
2026-01-31,検索広告,324,174,62
2026-01-31,SNS広告,66,48,17
2026-01-31,自然検索,16,6,3
2026-01-31,紹介,32,21,12
2026-02-01,検索広告,377,215,75
2026-02-01,SNS広告,68,35,10
2026-02-01,自然検索,23,15,7
2026-02-01,紹介,26,16,12
2026-02-02,検索広告,380,204,73
2026-02-02,SNS広告,77,47,10
2026-02-02,自然検索,13,6,2
2026-02-02,紹介,45,25,15
2026-02-03,検索広告,241,130,45
2026-02-03,SNS広告,124,65,21
2026-02-03,自然検索,13,9,6
2026-02-03,紹介,33,19,10
2026-02-04,検索広告,273,163,50
2026-02-04,SNS広告,130,68,16
2026-02-04,自然検索,15,8,4
2026-02-04,紹介,31,18,12
2026-02-05,検索広告,286,175,64
2026-02-05,SNS広告,77,50,12
2026-02-05,自然検索,14,10,3
2026-02-05,紹介,41,20,9
2026-02-06,検索広告,362,228,76
2026-02-06,SNS広告,46,24,5
2026-02-06,自然検索,19,13,4
2026-02-06,紹介,39,21,10
2026-02-07,検索広告,352,196,85
2026-02-07,SNS広告,123,61,17
2026-02-07,自然検索,20,9,3
2026-02-07,紹介,36,26,11
2026-02-08,検索広告,160,90,36
2026-02-08,SNS広告,126,60,17
2026-02-08,自然検索,13,9,2
2026-02-08,紹介,28,10,6
2026-02-09,検索広告,288,168,66
2026-02-09,SNS広告,88,50,13
2026-02-09,自然検索,13,9,4
2026-02-09,紹介,19,13,11
2026-02-10,検索広告,298,178,68
2026-02-10,SNS広告,106,56,18
2026-02-10,自然検索,26,10,4
2026-02-10,紹介,34,25,12
2026-02-11,検索広告,310,187,77
2026-02-11,SNS広告,60,34,12
2026-02-11,自然検索,13,9,3
2026-02-11,紹介,45,20,8
2026-02-12,検索広告,338,181,66
2026-02-12,SNS広告,68,36,14
2026-02-12,自然検索,21,11,5
2026-02-12,紹介,34,21,10
2026-02-13,検索広告,205,116,37
2026-02-13,SNS広告,111,65,19
2026-02-13,自然検索,20,11,5
2026-02-13,紹介,30,14,9
2026-02-14,検索広告,289,166,62
2026-02-14,SNS広告,68,38,11
2026-02-14,自然検索,14,10,2
2026-02-14,紹介,24,16,5
2026-02-15,検索広告,295,174,65
2026-02-15,SNS広告,71,45,17
2026-02-15,自然検索,13,5,3
2026-02-15,紹介,39,23,12
2026-02-16,検索広告,300,172,69
2026-02-16,SNS広告,86,45,12
2026-02-16,自然検索,16,10,5
2026-02-16,紹介,49,24,14
2026-02-17,検索広告,258,137,47
2026-02-17,SNS広告,91,55,22
2026-02-17,自然検索,16,10,5
2026-02-17,紹介,28,19,7
2026-02-18,検索広告,321,182,55
2026-02-18,SNS広告,118,61,12
2026-02-18,自然検索,11,7,3
2026-02-18,紹介,29,17,6
2026-02-19,検索広告,293,179,66
2026-02-19,SNS広告,67,42,16
2026-02-19,自然検索,25,18,10
2026-02-19,紹介,36,19,9
2026-02-20,検索広告,444,239,87
2026-02-20,SNS広告,87,48,10
2026-02-20,自然検索,20,10,4
2026-02-20,紹介,32,17,13
2026-02-21,検索広告,367,196,65
2026-02-21,SNS広告,123,71,23
2026-02-21,自然検索,16,7,1
2026-02-21,紹介,30,17,8
2026-02-22,検索広告,235,131,48
2026-02-22,SNS広告,72,38,6
2026-02-22,自然検索,11,5,3
2026-02-22,紹介,36,16,10
2026-02-23,検索広告,156,80,32
2026-02-23,SNS広告,107,50,16
2026-02-23,自然検索,17,12,3
2026-02-23,紹介,30,13,7
2026-02-24,検索広告,255,137,46
2026-02-24,SNS広告,52,32,11
2026-02-24,自然検索,12,8,5
2026-02-24,紹介,25,18,7
2026-02-25,検索広告,302,172,61
2026-02-25,SNS広告,110,63,22
2026-02-25,自然検索,22,14,8
2026-02-25,紹介,35,16,9
2026-02-26,検索広告,280,171,59
2026-02-26,SNS広告,97,49,14
2026-02-26,自然検索,16,13,5
2026-02-26,紹介,31,13,4
2026-02-27,検索広告,183,99,45
2026-02-27,SNS広告,73,51,7
2026-02-27,自然検索,16,11,2
2026-02-27,紹介,38,22,12
2026-02-28,検索広告,261,158,65
2026-02-28,SNS広告,77,45,17
2026-02-28,自然検索,18,8,4
2026-02-28,紹介,31,19,9
2026-03-01,検索広告,320,180,57
2026-03-01,SNS広告,75,47,11
2026-03-01,自然検索,13,10,5
2026-03-01,紹介,30,16,10
2026-03-02,検索広告,358,203,73
2026-03-02,SNS広告,75,38,12
2026-03-02,自然検索,12,8,3
2026-03-02,紹介,31,16,4
2026-03-03,検索広告,312,173,70
2026-03-03,SNS広告,59,37,9
2026-03-03,自然検索,13,6,2
2026-03-03,紹介,35,15,10
2026-03-04,検索広告,405,221,84
2026-03-04,SNS広告,67,37,13
2026-03-04,自然検索,20,13,8
2026-03-04,紹介,25,17,4
2026-03-05,検索広告,249,151,63
2026-03-05,SNS広告,62,32,9
2026-03-05,自然検索,11,6,3
2026-03-05,紹介,45,24,10
2026-03-06,検索広告,221,120,45
2026-03-06,SNS広告,60,31,9
2026-03-06,自然検索,13,4,1
2026-03-06,紹介,31,16,6
2026-03-07,検索広告,257,134,47
2026-03-07,SNS広告,89,46,9
2026-03-07,自然検索,9,7,3
2026-03-07,紹介,23,16,4
2026-03-08,検索広告,232,127,48
2026-03-08,SNS広告,127,69,17
2026-03-08,自然検索,21,15,7
2026-03-08,紹介,47,28,17
2026-03-09,検索広告,287,170,62
2026-03-09,SNS広告,76,42,7
2026-03-09,自然検索,21,9,3
2026-03-09,紹介,31,16,8
2026-03-10,検索広告,278,154,59
2026-03-10,SNS広告,80,50,15
2026-03-10,自然検索,17,10,5
2026-03-10,紹介,43,25,8
2026-03-11,検索広告,290,170,52
2026-03-11,SNS広告,119,66,23
2026-03-11,自然検索,17,10,4
2026-03-11,紹介,34,20,10
2026-03-12,検索広告,193,107,46
2026-03-12,SNS広告,100,57,13
2026-03-12,自然検索,12,8,3
2026-03-12,紹介,47,28,19
2026-03-13,検索広告,339,179,60
2026-03-13,SNS広告,86,46,13
2026-03-13,自然検索,21,11,2
2026-03-13,紹介,39,21,11
2026-03-14,検索広告,370,207,68
2026-03-14,SNS広告,86,55,21
2026-03-14,自然検索,14,10,5
2026-03-14,紹介,24,17,6
2026-03-15,検索広告,267,174,61
2026-03-15,SNS広告,100,53,16
2026-03-15,自然検索,7,2,0
2026-03-15,紹介,36,16,6
2026-03-16,検索広告,393,230,82
2026-03-16,SNS広告,118,71,27
2026-03-16,自然検索,19,10,4
2026-03-16,紹介,39,21,11
2026-03-17,検索広告,246,146,47
2026-03-17,SNS広告,94,61,18
2026-03-17,自然検索,17,6,2
2026-03-17,紹介,40,21,8
2026-03-18,検索広告,280,176,58
2026-03-18,SNS広告,65,38,12
2026-03-18,自然検索,9,5,1
2026-03-18,紹介,40,28,16
2026-03-19,検索広告,257,147,51
2026-03-19,SNS広告,118,75,21
2026-03-19,自然検索,19,8,4
2026-03-19,紹介,28,18,9
2026-03-20,検索広告,240,138,49
2026-03-20,SNS広告,67,42,17
2026-03-20,自然検索,10,3,2
2026-03-20,紹介,35,20,9
2026-03-21,検索広告,307,174,71
2026-03-21,SNS広告,73,41,8
2026-03-21,自然検索,9,9,3
2026-03-21,紹介,32,22,12
2026-03-22,検索広告,307,167,61
2026-03-22,SNS広告,83,50,21
2026-03-22,自然検索,14,9,3
2026-03-22,紹介,34,23,11
2026-03-23,検索広告,345,187,57
2026-03-23,SNS広告,86,54,12
2026-03-23,自然検索,14,10,0
2026-03-23,紹介,36,23,14
2026-03-24,検索広告,344,199,78
2026-03-24,SNS広告,67,37,7
2026-03-24,自然検索,14,9,1
2026-03-24,紹介,31,18,5
2026-03-25,検索広告,220,123,47
2026-03-25,SNS広告,68,36,10
2026-03-25,自然検索,13,9,3
2026-03-25,紹介,42,17,8
2026-03-26,検索広告,318,193,71
2026-03-26,SNS広告,78,44,14
2026-03-26,自然検索,16,9,5
2026-03-26,紹介,38,23,10
2026-03-27,検索広告,371,201,98
2026-03-27,SNS広告,107,57,22
2026-03-27,自然検索,14,12,9
2026-03-27,紹介,51,23,9
2026-03-28,検索広告,276,167,62
2026-03-28,SNS広告,108,60,14
2026-03-28,自然検索,20,10,5
2026-03-28,紹介,33,18,8
2026-03-29,検索広告,322,173,51
2026-03-29,SNS広告,153,82,27
2026-03-29,自然検索,16,8,4
2026-03-29,紹介,38,18,10
2026-03-30,検索広告,377,212,74
2026-03-30,SNS広告,82,50,15
2026-03-30,自然検索,12,6,4
2026-03-30,紹介,40,24,12
2026-03-31,検索広告,192,115,43
2026-03-31,SNS広告,76,36,8
2026-03-31,自然検索,14,4,1
2026-03-31,紹介,39,20,7
