customer_id,recency,frequency,monetary,stores_used,R_score,F_score,M_score,RFM_score,segment
C00001,13,19,40477,1,3,2,2,7,休眠・育成
C00002,12,21,49158,2,3,3,4,10,一般
C00003,17,25,49320,2,3,5,4,12,優良
C00004,2,22,41469,1,5,3,2,10,一般
C00005,20,25,62964,2,2,5,5,12,優良
C00006,33,30,65829,4,1,5,5,11,一般
C00007,10,26,55688,1,4,5,5,14,優良
C00008,24,21,52241,1,2,3,4,9,一般
C00009,21,26,61175,1,2,5,5,12,優良
C00010,4,26,51112,2,5,5,4,14,優良
C00011,16,18,43298,1,3,2,3,8,一般
C00012,4,13,21254,1,5,1,1,7,休眠・育成
C00013,22,18,39699,1,2,2,2,6,休眠・育成
C00014,6,23,50745,1,4,4,4,12,優良
C00015,5,22,46969,1,4,3,3,10,一般
C00016,5,19,48354,1,4,2,4,10,一般
C00017,17,22,41727,1,3,3,2,8,一般
C00018,62,24,46316,1,1,4,3,8,一般
C00019,29,24,51042,1,2,4,4,10,一般
C00020,19,15,30680,1,2,1,1,4,休眠・育成
C00021,9,14,30692,1,4,1,1,6,休眠・育成
C00022,15,26,57988,1,3,5,5,13,優良
C00023,32,12,20265,1,1,1,1,3,休眠・育成
C00024,6,28,59212,1,4,5,5,14,優良
C00025,17,28,62101,2,3,5,5,13,優良
C00026,27,24,57915,2,2,4,5,11,一般
C00027,19,21,50482,2,2,3,4,9,一般
C00028,3,16,37707,1,5,1,2,8,一般
C00029,3,16,41335,1,5,1,2,8,一般
C00030,32,18,45736,2,1,2,3,6,休眠・育成
C00031,4,19,44547,1,5,2,3,10,一般
C00032,4,19,41726,1,5,2,2,9,一般
C00033,6,19,41564,1,4,2,2,8,一般
C00034,3,19,36922,1,5,2,2,9,一般
C00035,21,19,37221,1,2,2,2,6,休眠・育成
C00036,52,23,58173,1,1,4,5,10,一般
C00037,3,26,57349,2,5,5,5,15,優良
C00038,7,27,56792,1,4,5,5,14,優良
C00039,2,30,66948,2,5,5,5,15,優良
C00040,1,24,54221,3,5,4,4,13,優良
C00041,68,22,54408,1,1,3,4,8,一般
C00042,12,25,54087,1,3,5,4,12,優良
C00043,60,24,48457,2,1,4,4,9,一般
C00044,16,19,40780,2,3,2,2,7,休眠・育成
C00045,40,25,54733,3,1,5,5,11,一般
C00046,38,17,35509,1,1,1,1,3,休眠・育成
C00047,2,20,43030,1,5,3,3,11,一般
C00048,1,18,47768,1,5,2,4,11,一般
C00049,16,15,32494,1,3,1,1,5,休眠・育成
C00050,1,20,37667,1,5,3,2,10,一般
C00051,25,24,57023,1,2,4,5,11,一般
C00052,3,28,67131,3,5,5,5,15,優良
C00053,7,25,51324,1,4,5,4,13,優良
C00054,2,24,60199,1,5,4,5,14,優良
C00055,8,16,46501,1,4,1,3,8,一般
C00056,32,16,34075,1,1,1,1,3,休眠・育成
C00057,23,23,47122,2,2,4,3,9,一般
C00058,18,25,45971,3,2,5,3,10,一般
C00059,33,25,58985,1,1,5,5,11,一般
C00060,41,17,25032,1,1,1,1,3,休眠・育成
C00061,11,20,50744,1,3,3,4,10,一般
C00062,38,17,39530,1,1,1,2,4,休眠・育成
C00063,1,25,59913,2,5,5,5,15,優良
C00064,3,18,28876,1,5,2,1,8,一般
C00065,4,23,51145,2,5,4,4,13,優良
C00066,4,27,68222,2,5,5,5,15,優良
C00067,28,22,48973,1,2,3,4,9,一般
C00068,1,17,42262,1,5,1,2,8,一般
C00069,6,21,49176,1,4,3,4,11,一般
C00070,1,22,47526,1,5,3,3,11,一般
C00071,24,18,36912,1,2,2,2,6,休眠・育成
C00072,18,17,39155,1,2,1,2,5,休眠・育成
C00073,4,18,45455,1,5,2,3,10,一般
C00074,11,21,39140,1,3,3,2,8,一般
C00075,14,23,52536,1,3,4,4,11,一般
C00076,15,15,31165,1,3,1,1,5,休眠・育成
C00077,29,22,47593,1,2,3,3,8,一般
C00078,24,17,40523,1,2,1,2,5,休眠・育成
C00079,26,27,58462,2,2,5,5,12,優良
C00080,8,22,45927,1,4,3,3,10,一般
C00081,28,25,50609,1,2,5,4,11,一般
C00082,38,18,43709,2,1,2,3,6,休眠・育成
C00083,60,21,45106,3,1,3,3,7,休眠・育成
C00084,10,22,40729,1,4,3,2,9,一般
C00085,8,17,40952,2,4,1,2,7,休眠・育成
C00086,18,27,57401,2,2,5,5,12,優良
C00087,13,22,45783,1,3,3,3,9,一般
C00088,33,20,42812,2,1,3,3,7,休眠・育成
C00089,10,27,62803,2,4,5,5,14,優良
C00090,6,14,30217,1,4,1,1,6,休眠・育成
C00091,41,16,34890,1,1,1,1,3,休眠・育成
C00092,7,18,41266,2,4,2,2,8,一般
C00093,38,21,46610,2,1,3,3,7,休眠・育成
C00094,5,18,37937,1,4,2,2,8,一般
C00095,12,12,22756,1,3,1,1,5,休眠・育成
C00096,35,25,57847,3,1,5,5,11,一般
C00097,72,17,33648,2,1,1,1,3,休眠・育成
C00098,2,20,47486,2,5,3,3,11,一般
C00099,12,25,45398,1,3,5,3,11,一般
C00100,1,18,39541,1,5,2,2,9,一般
C00101,10,19,37362,1,4,2,2,8,一般
C00102,8,16,26352,1,4,1,1,6,休眠・育成
C00103,2,18,36650,1,5,2,2,9,一般
C00104,11,18,46515,2,3,2,3,8,一般
C00105,68,12,27742,1,1,1,1,3,休眠・育成
C00106,19,17,43337,2,2,1,3,6,休眠・育成
C00107,8,24,54204,1,4,4,4,12,優良
C00108,1,20,42722,1,5,3,3,11,一般
C00109,34,23,42690,1,1,4,3,8,一般
C00110,8,25,58158,1,4,5,5,14,優良
C00111,15,21,51703,1,3,3,4,10,一般
C00112,14,20,37097,2,3,3,2,8,一般
C00113,17,14,34085,1,3,1,1,5,休眠・育成
C00114,4,25,57340,1,5,5,5,15,優良
C00115,4,20,43045,2,5,3,3,11,一般
C00116,21,21,38078,1,2,3,2,7,休眠・育成
C00117,18,28,64180,2,2,5,5,12,優良
C00118,19,16,39913,1,2,1,2,5,休眠・育成
C00119,9,22,49060,1,4,3,4,11,一般
C00120,9,18,31101,1,4,2,1,7,休眠・育成
C00121,23,17,45808,2,2,1,3,6,休眠・育成
C00122,4,33,78633,1,5,5,5,15,優良
C00123,10,28,67849,1,4,5,5,14,優良
C00124,6,24,47346,1,4,4,3,11,一般
C00125,1,27,56272,2,5,5,5,15,優良
C00126,3,19,44205,2,5,2,3,10,一般
C00127,21,23,55729,1,2,4,5,11,一般
C00128,29,20,38394,1,2,3,2,7,休眠・育成
C00129,21,15,31434,2,2,1,1,4,休眠・育成
C00130,5,16,34358,1,4,1,1,6,休眠・育成
C00131,3,38,82215,2,5,5,5,15,優良
C00132,15,22,41485,2,3,3,2,8,一般
C00133,6,15,29758,1,4,1,1,6,休眠・育成
C00134,14,11,28316,1,3,1,1,5,休眠・育成
C00135,22,14,26153,1,2,1,1,4,休眠・育成
C00136,3,22,52951,2,5,3,4,12,優良
C00137,29,17,36602,1,2,1,2,5,休眠・育成
C00138,15,13,29628,1,3,1,1,5,休眠・育成
C00139,31,17,47283,2,1,1,3,5,休眠・育成
C00140,17,23,49793,1,3,4,4,11,一般
C00141,2,25,56163,1,5,5,5,15,優良
C00142,38,24,52257,2,1,4,4,9,一般
C00143,15,20,35639,1,3,3,1,7,休眠・育成
C00144,1,27,63179,2,5,5,5,15,優良
C00145,5,19,42197,2,4,2,2,8,一般
C00146,18,16,36095,1,2,1,2,5,休眠・育成
C00147,6,18,38363,2,4,2,2,8,一般
C00148,13,19,49200,1,3,2,4,9,一般
C00149,2,19,55065,1,5,2,5,12,優良
C00150,5,24,61757,1,4,4,5,13,優良
C00151,5,23,39098,1,4,4,2,10,一般
C00152,3,22,40856,1,5,3,2,10,一般
C00153,26,23,48465,1,2,4,4,10,一般
C00154,10,23,42713,2,4,4,3,11,一般
C00155,25,18,45457,1,2,2,3,7,休眠・育成
C00156,24,28,61067,2,2,5,5,12,優良
C00157,14,19,36866,1,3,2,2,7,休眠・育成
C00158,3,19,45420,1,5,2,3,10,一般
C00159,2,26,54990,2,5,5,5,15,優良
C00160,1,22,52200,1,5,3,4,12,優良
C00161,18,14,23334,1,2,1,1,4,休眠・育成
C00162,29,18,40082,1,2,2,2,6,休眠・育成
C00163,93,15,38377,1,1,1,2,4,休眠・育成
C00164,9,20,52907,1,4,3,4,11,一般
C00165,2,22,40477,1,5,3,2,10,一般
C00166,8,21,47001,2,4,3,3,10,一般
C00167,28,17,44030,1,2,1,3,6,休眠・育成
C00168,10,23,56177,2,3,4,5,12,優良
C00169,13,20,42479,1,3,3,3,9,一般
C00170,5,19,42583,1,4,2,3,9,一般
C00171,11,17,35799,1,3,1,2,6,休眠・育成
C00172,21,18,39946,1,2,2,2,6,休眠・育成
C00173,1,18,34711,1,5,2,1,8,一般
C00174,22,23,43887,1,2,4,3,9,一般
C00175,22,22,50421,1,2,3,4,9,一般
C00176,6,24,53753,1,4,4,4,12,優良
C00177,7,29,61787,1,4,5,5,14,優良
C00178,3,24,55903,2,5,4,5,14,優良
C00179,24,16,36318,1,2,1,2,5,休眠・育成
C00180,20,24,56418,1,2,4,5,11,一般
C00181,10,11,26096,1,3,1,1,5,休眠・育成
C00182,1,28,65372,1,5,5,5,15,優良
C00183,27,19,47750,1,2,2,4,8,一般
C00184,23,19,45766,1,2,2,3,7,休眠・育成
C00185,16,20,40307,3,3,3,2,8,一般
C00186,11,13,23563,1,3,1,1,5,休眠・育成
C00187,7,19,39876,1,4,2,2,8,一般
C00188,47,18,44532,1,1,2,3,6,休眠・育成
C00189,30,19,48985,1,2,2,4,8,一般
C00190,27,16,34749,1,2,1,1,4,休眠・育成
C00191,54,22,47342,2,1,3,3,7,休眠・育成
C00192,10,24,50480,2,3,4,4,11,一般
C00193,4,20,47377,1,5,3,3,11,一般
C00194,4,22,37620,1,5,3,2,10,一般
C00195,27,18,32691,1,2,2,1,5,休眠・育成
C00196,2,16,39897,1,5,1,2,8,一般
C00197,43,18,36520,1,1,2,2,5,休眠・育成
C00198,39,24,49566,1,1,4,4,9,一般
C00199,2,25,50095,2,5,5,4,14,優良
C00200,41,15,34590,1,1,1,1,3,休眠・育成
C00201,83,11,20311,1,1,1,1,3,休眠・育成
C00202,3,21,49446,2,5,3,4,12,優良
C00203,13,22,48349,2,3,3,4,10,一般
C00204,17,22,43889,2,3,3,3,9,一般
C00205,15,22,54495,2,3,3,4,10,一般
C00206,9,25,52896,1,4,5,4,13,優良
C00207,52,22,50882,1,1,3,4,8,一般
C00208,3,21,52907,1,5,3,4,12,優良
C00209,108,20,48639,1,1,3,4,8,一般
C00210,69,16,28695,1,1,1,1,3,休眠・育成
C00211,31,17,37336,1,1,1,2,4,休眠・育成
C00212,29,17,32894,2,2,1,1,4,休眠・育成
C00213,16,25,56352,2,3,5,5,13,優良
C00214,6,22,47120,1,4,3,3,10,一般
C00215,3,24,52734,1,5,4,4,13,優良
C00216,17,28,65726,1,3,5,5,13,優良
C00217,2,22,57756,1,5,3,5,13,優良
C00218,1,15,35821,1,5,1,2,8,一般
C00219,14,20,40423,1,3,3,2,8,一般
C00220,54,24,51072,2,1,4,4,9,一般
C00221,6,22,42661,1,4,3,3,10,一般
C00222,43,19,33016,1,1,2,1,4,休眠・育成
C00223,7,24,44137,2,4,4,3,11,一般
C00224,10,14,38691,1,3,1,2,6,休眠・育成
C00225,38,24,57059,1,1,4,5,10,一般
C00226,16,18,32604,1,3,2,1,6,休眠・育成
C00227,7,20,45264,3,4,3,3,10,一般
C00228,21,22,44762,1,2,3,3,8,一般
C00229,36,25,60940,1,1,5,5,11,一般
C00230,8,26,66455,1,4,5,5,14,優良
C00231,15,17,34617,2,3,1,1,5,休眠・育成
C00232,14,22,46394,1,3,3,3,9,一般
C00233,25,23,56783,1,2,4,5,11,一般
C00234,10,22,50165,1,3,3,4,10,一般
C00235,25,22,47495,1,2,3,3,8,一般
C00236,9,27,68269,1,4,5,5,14,優良
C00237,9,23,48925,1,4,4,4,12,優良
C00238,6,14,25663,1,4,1,1,6,休眠・育成
C00239,3,20,45546,1,5,3,3,11,一般
C00240,33,24,46147,2,1,4,3,8,一般
C00241,34,22,43716,1,1,3,3,7,休眠・育成
C00242,13,19,44653,1,3,2,3,8,一般
C00243,8,21,45097,1,4,3,3,10,一般
C00244,67,20,46849,1,1,3,3,7,休眠・育成
C00245,1,21,37585,1,5,3,2,10,一般
C00246,1,24,49411,1,5,4,4,13,優良
C00247,31,24,54269,1,1,4,4,9,一般
C00248,11,19,36507,1,3,2,2,7,休眠・育成
C00249,49,18,35418,1,1,2,1,4,休眠・育成
C00250,6,15,39387,1,4,1,2,7,休眠・育成
C00251,25,17,37646,2,2,1,2,5,休眠・育成
C00252,25,18,40589,1,2,2,2,6,休眠・育成
C00253,14,17,30269,1,3,1,1,5,休眠・育成
C00254,12,25,45665,1,3,5,3,11,一般
C00255,1,17,33489,1,5,1,1,7,休眠・育成
C00256,19,21,35137,1,2,3,1,6,休眠・育成
C00257,44,19,36721,2,1,2,2,5,休眠・育成
C00258,17,24,58823,1,3,4,5,12,優良
C00259,7,17,43821,1,4,1,3,8,一般
C00260,15,14,27561,1,3,1,1,5,休眠・育成
C00261,11,19,37149,1,3,2,2,7,休眠・育成
C00262,1,32,68739,2,5,5,5,15,優良
C00263,18,19,39862,2,2,2,2,6,休眠・育成
C00264,9,18,34076,1,4,2,1,7,休眠・育成
C00265,7,25,56611,1,4,5,5,14,優良
C00266,11,22,44628,2,3,3,3,9,一般
C00267,10,25,59524,2,3,5,5,13,優良
C00268,9,17,30401,1,4,1,1,6,休眠・育成
C00269,43,32,68853,2,1,5,5,11,一般
C00270,66,17,36598,1,1,1,2,4,休眠・育成
C00271,6,25,60786,1,4,5,5,14,優良
C00272,20,24,65980,1,2,4,5,11,一般
C00273,34,14,34154,1,1,1,1,3,休眠・育成
C00274,7,16,30242,1,4,1,1,6,休眠・育成
C00275,31,31,63808,1,1,5,5,11,一般
C00276,2,31,70473,1,5,5,5,15,優良
C00277,12,16,37440,3,3,1,2,6,休眠・育成
C00278,8,19,43529,1,4,2,3,9,一般
C00279,9,24,58521,1,4,4,5,13,優良
C00280,35,21,49087,1,1,3,4,8,一般
C00281,3,13,27220,1,5,1,1,7,休眠・育成
C00282,8,25,54064,2,4,5,4,13,優良
C00283,31,20,47015,1,1,3,3,7,休眠・育成
C00284,3,19,42153,2,5,2,2,9,一般
C00285,25,21,53809,1,2,3,4,9,一般
C00286,21,19,38019,2,2,2,2,6,休眠・育成
C00287,17,21,39503,1,3,3,2,8,一般
C00288,17,19,44853,1,3,2,3,8,一般
C00289,29,26,65543,2,2,5,5,12,優良
C00290,5,14,26931,1,4,1,1,6,休眠・育成
C00291,8,25,50814,1,4,5,4,13,優良
C00292,7,24,52817,1,4,4,4,12,優良
C00293,40,18,39426,1,1,2,2,5,休眠・育成
C00294,4,17,43413,1,5,1,3,9,一般
C00295,46,25,51358,2,1,5,4,10,一般
C00296,13,25,59630,1,3,5,5,13,優良
C00297,60,19,40760,1,1,2,2,5,休眠・育成
C00298,4,17,37991,2,5,1,2,8,一般
C00299,5,22,38620,3,4,3,2,9,一般
C00300,16,18,45866,1,3,2,3,8,一般
C00301,36,25,50209,1,1,5,4,10,一般
C00302,60,14,23200,1,1,1,1,3,休眠・育成
C00303,1,18,42087,2,5,2,2,9,一般
C00304,11,23,58115,2,3,4,5,12,優良
C00305,11,23,41903,2,3,4,2,9,一般
C00306,11,17,27052,1,3,1,1,5,休眠・育成
C00307,43,23,51213,1,1,4,4,9,一般
C00308,1,20,40779,1,5,3,2,10,一般
C00309,18,22,45803,1,2,3,3,8,一般
C00310,3,26,49955,2,5,5,4,14,優良
C00311,34,18,41881,1,1,2,2,5,休眠・育成
C00312,4,26,54286,1,5,5,4,14,優良
C00313,32,14,32225,1,1,1,1,3,休眠・育成
C00314,5,18,39010,1,4,2,2,8,一般
C00315,10,18,37067,1,3,2,2,7,休眠・育成
C00316,2,27,57282,1,5,5,5,15,優良
C00317,9,25,45484,2,4,5,3,12,優良
C00318,5,23,55534,1,4,4,5,13,優良
C00319,20,26,58069,2,2,5,5,12,優良
C00320,6,28,64897,1,4,5,5,14,優良
C00321,109,18,36032,1,1,2,2,5,休眠・育成
C00322,51,13,27698,3,1,1,1,3,休眠・育成
C00323,9,28,58105,5,4,5,5,14,優良
C00324,52,22,50553,2,1,3,4,8,一般
C00325,4,22,53720,1,5,3,4,12,優良
C00326,31,11,24875,1,1,1,1,3,休眠・育成
C00327,8,22,47569,1,4,3,3,10,一般
C00328,40,11,22526,1,1,1,1,3,休眠・育成
C00329,1,20,42848,1,5,3,3,11,一般
C00330,9,20,38655,2,4,3,2,9,一般
C00331,6,20,54033,1,4,3,4,11,一般
C00332,60,17,32266,2,1,1,1,3,休眠・育成
C00333,4,17,34878,1,5,1,1,7,休眠・育成
C00334,2,15,34694,1,5,1,1,7,休眠・育成
C00335,7,18,40235,2,4,2,2,8,一般
C00336,12,23,53951,1,3,4,4,11,一般
C00337,10,22,45259,1,3,3,3,9,一般
C00338,5,27,56681,1,4,5,5,14,優良
C00339,2,20,38429,2,5,3,2,10,一般
C00340,11,19,41706,1,3,2,2,7,休眠・育成
C00341,48,26,62584,1,1,5,5,11,一般
C00342,3,18,37526,1,5,2,2,9,一般
C00343,7,25,47740,1,4,5,4,13,優良
C00344,7,17,39270,1,4,1,2,7,休眠・育成
C00345,18,24,56639,1,2,4,5,11,一般
C00346,109,15,35786,1,1,1,2,4,休眠・育成
C00347,18,18,36638,1,2,2,2,6,休眠・育成
C00348,45,14,27082,1,1,1,1,3,休眠・育成
C00349,6,20,47010,1,4,3,3,10,一般
C00350,46,17,42944,1,1,1,3,5,休眠・育成
C00351,34,18,37980,1,1,2,2,5,休眠・育成
C00352,1,20,42555,1,5,3,3,11,一般
C00353,44,18,38284,1,1,2,2,5,休眠・育成
C00354,8,18,40784,1,4,2,2,8,一般
C00355,24,17,33859,2,2,1,1,4,休眠・育成
C00356,8,21,54836,1,4,3,5,12,優良
C00357,33,19,40439,1,1,2,2,5,休眠・育成
C00358,4,26,52945,1,5,5,4,14,優良
C00359,68,9,18538,1,1,1,1,3,休眠・育成
C00360,4,26,65266,3,5,5,5,15,優良
C00361,19,20,50286,1,2,3,4,9,一般
C00362,2,23,49245,1,5,4,4,13,優良
C00363,12,19,48579,1,3,2,4,9,一般
C00364,9,19,46560,1,4,2,3,9,一般
C00365,10,22,58578,1,3,3,5,11,一般
C00366,14,22,54027,2,3,3,4,10,一般
C00367,41,18,28524,1,1,2,1,4,休眠・育成
C00368,24,17,30906,1,2,1,1,4,休眠・育成
C00369,13,20,43381,1,3,3,3,9,一般
C00370,52,16,40464,1,1,1,2,4,休眠・育成
C00371,14,18,43951,1,3,2,3,8,一般
C00372,5,16,38909,1,4,1,2,7,休眠・育成
C00373,3,25,60946,1,5,5,5,15,優良
C00374,40,25,60656,3,1,5,5,11,一般
C00375,4,12,25204,1,5,1,1,7,休眠・育成
C00376,53,27,53206,1,1,5,4,10,一般
C00377,6,25,55654,1,4,5,5,14,優良
C00378,15,23,60288,1,3,4,5,12,優良
C00379,8,19,44499,1,4,2,3,9,一般
C00380,62,27,57044,2,1,5,5,11,一般
C00381,8,20,48708,1,4,3,4,11,一般
C00382,4,26,69741,2,5,5,5,15,優良
C00383,36,21,45526,1,1,3,3,7,休眠・育成
C00384,7,24,54159,2,4,4,4,12,優良
C00385,16,21,47940,1,3,3,4,10,一般
C00386,4,22,46835,1,5,3,3,11,一般
C00387,59,13,30529,1,1,1,1,3,休眠・育成
C00388,8,15,33083,1,4,1,1,6,休眠・育成
C00389,24,14,28872,1,2,1,1,4,休眠・育成
C00390,56,8,16967,1,1,1,1,3,休眠・育成
C00391,4,19,41891,2,5,2,2,9,一般
C00392,16,22,48451,2,3,3,4,10,一般
C00393,16,20,40609,1,3,3,2,8,一般
C00394,16,27,60733,2,3,5,5,13,優良
C00395,5,22,45652,1,4,3,3,10,一般
C00396,9,18,35207,1,4,2,1,7,休眠・育成
C00397,27,20,33780,1,2,3,1,6,休眠・育成
C00398,52,18,44955,1,1,2,3,6,休眠・育成
C00399,13,23,62290,1,3,4,5,12,優良
C00400,2,23,58183,1,5,4,5,14,優良
C00401,10,18,34427,3,3,2,1,6,休眠・育成
C00402,1,19,45918,1,5,2,3,10,一般
C00403,7,18,33587,1,4,2,1,7,休眠・育成
C00404,17,29,54372,1,3,5,4,12,優良
C00405,2,22,41332,1,5,3,2,10,一般
C00406,6,23,44569,2,4,4,3,11,一般
C00407,3,23,44675,1,5,4,3,12,優良
C00408,10,17,33243,1,3,1,1,5,休眠・育成
C00409,9,25,59658,1,4,5,5,14,優良
C00410,7,22,47018,1,4,3,3,10,一般
C00411,23,19,39418,1,2,2,2,6,休眠・育成
C00412,3,18,36838,1,5,2,2,9,一般
C00413,17,20,42035,2,3,3,2,8,一般
C00414,26,16,33199,1,2,1,1,4,休眠・育成
C00415,16,19,39696,1,3,2,2,7,休眠・育成
C00416,8,21,43445,1,4,3,3,10,一般
C00417,23,24,51005,1,2,4,4,10,一般
C00418,19,11,22491,1,2,1,1,4,休眠・育成
C00419,44,19,42451,2,1,2,3,6,休眠・育成
C00420,12,10,20044,1,3,1,1,5,休眠・育成
C00421,9,17,32126,1,4,1,1,6,休眠・育成
C00422,28,24,47245,2,2,4,3,9,一般
C00423,19,21,48641,1,2,3,4,9,一般
C00424,28,24,53804,1,2,4,4,10,一般
C00425,54,16,43388,1,1,1,3,5,休眠・育成
C00426,25,19,44024,2,2,2,3,7,休眠・育成
C00427,11,16,27519,2,3,1,1,5,休眠・育成
C00428,1,29,64240,1,5,5,5,15,優良
C00429,28,18,39181,2,2,2,2,6,休眠・育成
C00430,12,21,53112,1,3,3,4,10,一般
C00431,20,14,30387,1,2,1,1,4,休眠・育成
C00432,18,21,41457,1,2,3,2,7,休眠・育成
C00433,14,29,75967,1,3,5,5,13,優良
C00434,12,23,53391,1,3,4,4,11,一般
C00435,36,23,61349,1,1,4,5,10,一般
C00436,3,29,62658,2,5,5,5,15,優良
C00437,9,17,34848,1,4,1,1,6,休眠・育成
C00438,34,21,42984,1,1,3,3,7,休眠・育成
C00439,18,21,38675,1,2,3,2,7,休眠・育成
C00440,31,20,43597,2,1,3,3,7,休眠・育成
C00441,4,22,44082,1,5,3,3,11,一般
C00442,7,26,66268,1,4,5,5,14,優良
C00443,31,19,31498,1,1,2,1,4,休眠・育成
C00444,20,27,54451,1,2,5,4,11,一般
C00445,11,23,51762,1,3,4,4,11,一般
C00446,11,21,49036,1,3,3,4,10,一般
C00447,1,17,42751,1,5,1,3,9,一般
C00448,19,18,44221,1,2,2,3,7,休眠・育成
C00449,18,15,25430,2,2,1,1,4,休眠・育成
C00450,1,16,31204,2,5,1,1,7,休眠・育成
C00451,42,12,24745,1,1,1,1,3,休眠・育成
C00452,4,22,48786,1,5,4,4,13,優良
C00453,4,21,45131,1,5,3,3,11,一般
C00454,16,22,59568,1,3,4,5,12,優良
C00455,16,14,36508,1,3,1,2,6,休眠・育成
C00456,9,15,30323,2,4,1,1,6,休眠・育成
C00457,14,25,51381,1,3,5,4,12,優良
C00458,40,13,26757,1,1,1,1,3,休眠・育成
C00459,1,25,54834,1,5,5,5,15,優良
C00460,41,16,36187,1,1,1,2,4,休眠・育成
C00461,10,20,53272,2,3,3,4,10,一般
C00462,5,22,50969,1,4,4,4,12,優良
C00463,31,15,37442,1,1,1,2,4,休眠・育成
C00464,20,24,55360,1,2,4,5,11,一般
C00465,5,12,24788,1,4,1,1,6,休眠・育成
C00466,15,20,49472,1,3,3,4,10,一般
C00467,3,20,43446,1,5,3,3,11,一般
C00468,23,11,29019,1,2,1,1,4,休眠・育成
C00469,3,25,46942,1,5,5,3,13,優良
C00470,5,26,52081,1,4,5,4,13,優良
C00471,15,15,38567,1,3,1,2,6,休眠・育成
C00472,24,24,46926,1,2,4,3,9,一般
C00473,16,18,37239,1,3,2,2,7,休眠・育成
C00474,74,19,40425,1,1,2,2,5,休眠・育成
C00475,41,23,41677,1,1,4,2,7,休眠・育成
C00476,1,26,50226,1,5,5,4,14,優良
C00477,8,20,43015,2,4,3,3,10,一般
C00478,21,16,32219,1,2,1,1,4,休眠・育成
C00479,49,25,58282,1,1,5,5,11,一般
C00480,51,19,40392,1,1,2,2,5,休眠・育成
C00481,9,24,52668,2,4,4,4,12,優良
C00482,57,20,47337,1,1,3,3,7,休眠・育成
C00483,3,16,34382,1,5,1,1,7,休眠・育成
C00484,32,26,57576,2,1,5,5,11,一般
C00485,111,17,47526,1,1,1,3,5,休眠・育成
C00486,25,24,48126,1,2,4,4,10,一般
C00487,10,24,57598,3,3,4,5,12,優良
C00488,3,19,55998,1,5,2,5,12,優良
C00489,3,24,49161,1,5,4,4,13,優良
C00490,16,22,54554,1,3,4,5,12,優良
C00491,15,18,33711,1,3,2,1,6,休眠・育成
C00492,4,30,59284,2,5,5,5,15,優良
C00493,4,20,43000,1,5,3,3,11,一般
C00494,5,16,37015,2,4,1,2,7,休眠・育成
C00495,2,31,78627,1,5,5,5,15,優良
C00496,90,20,44313,1,1,3,3,7,休眠・育成
C00497,30,18,39939,2,2,2,2,6,休眠・育成
C00498,21,23,46820,1,2,4,3,9,一般
C00499,5,14,38858,1,4,1,2,7,休眠・育成
C00500,14,13,32948,1,3,1,1,5,休眠・育成
C00501,23,11,20697,2,2,1,1,4,休眠・育成
C00502,10,19,42801,1,3,2,3,8,一般
C00503,24,16,44540,1,2,1,3,6,休眠・育成
C00504,22,18,35802,1,2,2,2,6,休眠・育成
C00505,6,22,47126,1,4,4,3,11,一般
C00506,24,17,36696,1,2,1,2,5,休眠・育成
C00507,9,21,45547,1,4,3,3,10,一般
C00508,1,20,38033,2,5,3,2,10,一般
C00509,18,17,31985,1,2,1,1,4,休眠・育成
C00510,13,32,60547,1,3,5,5,13,優良
C00511,4,20,40611,2,5,3,2,10,一般
C00512,3,26,59777,1,5,5,5,15,優良
C00513,46,20,45451,1,1,3,3,7,休眠・育成
C00514,10,18,39128,1,3,2,2,7,休眠・育成
C00515,16,20,47527,2,3,3,3,9,一般
C00516,36,26,53172,1,1,5,4,10,一般
C00517,8,18,41719,1,4,2,2,8,一般
C00518,4,22,48929,1,5,4,4,13,優良
C00519,7,23,44486,1,4,4,3,11,一般
C00520,6,29,63727,1,4,5,5,14,優良
C00521,9,28,52468,1,4,5,4,13,優良
C00522,10,25,59482,1,3,5,5,13,優良
C00523,6,25,54472,1,4,5,4,13,優良
C00524,31,18,42781,1,1,2,3,6,休眠・育成
C00525,6,24,60273,1,4,4,5,13,優良
C00526,8,23,46007,1,4,4,3,11,一般
C00527,35,25,56745,1,1,5,5,11,一般
C00528,2,20,42608,2,5,3,3,11,一般
C00529,2,30,68026,1,5,5,5,15,優良
C00530,80,14,21790,1,1,1,1,3,休眠・育成
C00531,66,13,27855,1,1,1,1,3,休眠・育成
C00532,30,21,48068,1,2,3,4,9,一般
C00533,8,30,72857,2,4,5,5,14,優良
C00534,24,20,46428,1,2,3,3,8,一般
C00535,47,22,56363,2,1,4,5,10,一般
C00536,26,20,36265,1,2,3,2,7,休眠・育成
C00537,10,29,68756,1,3,5,5,13,優良
C00538,4,12,25325,1,5,1,1,7,休眠・育成
C00539,3,17,46562,1,5,1,3,9,一般
C00540,43,13,25496,1,1,1,1,3,休眠・育成
C00541,19,27,67666,2,2,5,5,12,優良
C00542,52,23,54214,1,1,4,4,9,一般
C00543,3,31,72820,1,5,5,5,15,優良
C00544,4,13,26643,1,5,1,1,7,休眠・育成
C00545,2,21,46317,2,5,3,3,11,一般
C00546,8,30,66138,1,4,5,5,14,優良
C00547,5,17,46293,1,4,1,3,8,一般
C00548,26,25,60241,2,2,5,5,12,優良
C00549,16,25,43037,1,3,5,3,11,一般
C00550,2,21,43578,2,5,3,3,11,一般
C00551,46,21,48247,1,1,3,4,8,一般
C00552,32,24,44778,3,1,4,3,8,一般
C00553,17,32,64917,2,3,5,5,13,優良
C00554,3,20,42087,1,5,3,2,10,一般
C00555,16,16,33283,1,3,1,1,5,休眠・育成
C00556,9,22,53368,1,4,4,4,12,優良
C00557,12,27,59320,1,3,5,5,13,優良
C00558,11,23,45350,1,3,4,3,10,一般
C00559,5,14,40583,1,4,1,2,7,休眠・育成
C00560,12,23,55611,1,3,4,5,12,優良
C00561,22,25,51111,1,2,5,4,11,一般
C00562,1,19,38597,1,5,2,2,9,一般
C00563,17,19,50285,1,3,2,4,9,一般
C00564,65,19,37870,1,1,2,2,5,休眠・育成
C00565,7,29,65521,1,4,5,5,14,優良
C00566,31,25,53367,1,1,5,4,10,一般
C00567,67,13,30618,1,1,1,1,3,休眠・育成
C00568,2,22,53092,1,5,4,4,13,優良
C00569,5,15,36197,1,4,1,2,7,休眠・育成
C00570,8,23,54090,1,4,4,4,12,優良
C00571,1,29,73785,1,5,5,5,15,優良
C00572,19,19,40551,1,2,2,2,6,休眠・育成
C00573,18,26,52892,1,2,5,4,11,一般
C00574,26,27,59679,2,2,5,5,12,優良
C00575,11,19,39377,1,3,2,2,7,休眠・育成
C00576,2,20,51874,1,5,3,4,12,優良
C00577,1,19,38636,1,5,2,2,9,一般
C00578,3,22,62097,1,5,4,5,14,優良
C00579,40,21,50221,1,1,3,4,8,一般
C00580,2,18,42195,1,5,2,2,9,一般
C00581,5,14,36701,1,4,1,2,7,休眠・育成
C00582,8,12,29838,1,4,1,1,6,休眠・育成
C00583,9,20,42252,1,4,3,2,9,一般
C00584,8,11,28050,1,4,1,1,6,休眠・育成
C00585,12,18,29440,1,3,2,1,6,休眠・育成
C00586,12,22,46766,2,3,4,3,10,一般
C00587,3,29,66201,1,5,5,5,15,優良
C00588,51,16,35807,2,1,1,2,4,休眠・育成
C00589,10,26,54991,1,3,5,5,13,優良
C00590,31,22,45227,1,1,4,3,8,一般
C00591,52,15,32043,1,1,1,1,3,休眠・育成
C00592,20,20,42745,1,2,3,3,8,一般
C00593,9,22,50255,1,4,4,4,12,優良
C00594,1,15,34724,1,5,1,1,7,休眠・育成
C00595,9,31,64213,2,4,5,5,14,優良
C00596,36,14,26101,1,1,1,1,3,休眠・育成
C00597,31,26,47370,1,1,5,3,9,一般
C00598,24,20,47299,1,2,3,3,8,一般
C00599,10,25,52383,1,3,5,4,12,優良
C00600,52,24,49357,2,1,4,4,9,一般
C00601,19,15,35268,1,2,1,1,4,休眠・育成
C00602,40,26,52750,1,1,5,4,10,一般
C00603,12,23,61325,1,3,4,5,12,優良
C00604,10,18,39690,1,3,2,2,7,休眠・育成
C00605,31,24,50838,1,1,4,4,9,一般
C00606,1,28,65273,2,5,5,5,15,優良
C00607,33,23,50826,1,1,4,4,9,一般
C00608,1,22,41140,1,5,4,2,11,一般
C00609,12,20,52238,3,3,3,4,10,一般
C00610,63,14,29827,2,1,1,1,3,休眠・育成
C00611,25,25,51265,3,2,5,4,11,一般
C00612,2,23,45748,1,5,4,3,12,優良
C00613,14,26,56817,1,3,5,5,13,優良
C00614,4,22,53643,1,5,4,4,13,優良
C00615,4,19,40788,1,5,2,2,9,一般
C00616,19,17,39087,1,2,1,2,5,休眠・育成
C00617,5,22,45898,1,4,4,3,11,一般
C00618,20,21,53598,2,2,3,4,9,一般
C00619,5,16,37452,1,4,1,2,7,休眠・育成
C00620,17,24,57810,3,3,4,5,12,優良
C00621,13,14,25686,1,3,1,1,5,休眠・育成
C00622,5,20,34426,1,4,3,1,8,一般
C00623,15,19,46537,1,3,2,3,8,一般
C00624,34,18,33784,1,1,2,1,4,休眠・育成
C00625,5,24,48925,2,4,4,4,12,優良
C00626,5,19,45227,1,4,2,3,9,一般
C00627,17,19,41509,1,3,2,2,7,休眠・育成
C00628,1,23,47847,2,5,4,4,13,優良
C00629,21,15,30324,1,2,1,1,4,休眠・育成
C00630,30,18,38993,1,2,2,2,6,休眠・育成
C00631,8,24,49777,1,4,4,4,12,優良
C00632,5,16,35519,1,4,1,1,6,休眠・育成
C00633,12,26,44652,1,3,5,3,11,一般
C00634,76,17,37043,1,1,1,2,4,休眠・育成
C00635,1,26,54956,1,5,5,5,15,優良
C00636,11,28,61170,1,3,5,5,13,優良
C00637,59,20,51245,1,1,3,4,8,一般
C00638,58,22,47575,2,1,4,3,8,一般
C00639,29,11,26313,1,2,1,1,4,休眠・育成
C00640,1,21,39571,2,5,3,2,10,一般
C00641,11,12,24645,1,3,1,1,5,休眠・育成
C00642,4,18,50864,2,5,2,4,11,一般
C00643,7,19,47242,1,4,2,3,9,一般
C00644,2,28,60210,1,5,5,5,15,優良
C00645,8,20,45960,1,4,3,3,10,一般
C00646,10,22,49460,1,3,4,4,11,一般
C00647,5,19,45146,1,4,2,3,9,一般
C00648,13,17,38104,1,3,1,2,6,休眠・育成
C00649,1,19,46977,1,5,2,3,10,一般
C00650,3,25,54223,1,5,5,4,14,優良
C00651,18,23,57951,2,2,4,5,11,一般
C00652,14,29,64606,2,3,5,5,13,優良
C00653,8,20,44895,1,4,3,3,10,一般
C00654,7,20,50523,1,4,3,4,11,一般
C00655,19,25,60037,1,2,5,5,12,優良
C00656,11,19,31856,1,3,2,1,6,休眠・育成
C00657,43,14,43141,1,1,1,3,5,休眠・育成
C00658,1,18,42606,1,5,2,3,10,一般
C00659,3,18,36595,1,5,2,2,9,一般
C00660,7,28,62112,1,4,5,5,14,優良
C00661,20,20,45996,1,2,3,3,8,一般
C00662,18,18,42009,1,2,2,2,6,休眠・育成
C00663,35,19,33938,1,1,2,1,4,休眠・育成
C00664,9,30,70517,2,4,5,5,14,優良
C00665,22,29,68418,1,2,5,5,12,優良
C00666,63,16,34245,1,1,1,1,3,休眠・育成
C00667,28,27,60092,1,2,5,5,12,優良
C00668,9,26,52348,1,4,5,4,13,優良
C00669,9,21,52464,1,4,3,4,11,一般
C00670,3,20,39688,1,5,3,2,10,一般
C00671,20,23,61203,1,2,4,5,11,一般
C00672,20,25,49514,2,2,5,4,11,一般
C00673,17,20,47296,1,3,3,3,9,一般
C00674,19,14,31748,1,2,1,1,4,休眠・育成
C00675,13,22,52271,2,3,4,4,11,一般
C00676,2,22,40756,1,5,4,2,11,一般
C00677,20,19,57203,1,2,2,5,9,一般
C00678,13,18,45434,1,3,2,3,8,一般
C00679,9,25,44946,1,4,5,3,12,優良
C00680,11,24,56694,1,3,4,5,12,優良
C00681,19,16,34185,1,2,1,1,4,休眠・育成
C00682,35,16,37458,1,1,1,2,4,休眠・育成
C00683,4,26,58117,2,5,5,5,15,優良
C00684,5,23,42638,2,4,4,3,11,一般
C00685,3,21,48289,1,5,3,4,12,優良
C00686,15,20,45082,2,3,3,3,9,一般
C00687,2,15,33077,1,5,1,1,7,休眠・育成
C00688,28,28,64544,1,2,5,5,12,優良
C00689,25,16,34718,1,2,1,1,4,休眠・育成
C00690,18,20,54945,1,2,3,5,10,一般
C00691,8,20,44795,1,4,3,3,10,一般
C00692,11,23,48530,1,3,4,4,11,一般
C00693,3,19,45153,2,5,2,3,10,一般
C00694,4,22,57241,1,5,4,5,14,優良
C00695,2,18,39649,1,5,2,2,9,一般
C00696,6,14,30521,1,4,1,1,6,休眠・育成
C00697,8,19,32754,2,4,2,1,7,休眠・育成
C00698,2,32,67112,1,5,5,5,15,優良
C00699,24,20,31687,1,2,3,1,6,休眠・育成
C00700,11,22,49125,2,3,4,4,11,一般
C00701,27,16,35854,1,2,1,2,5,休眠・育成
C00702,1,24,50995,3,5,4,4,13,優良
C00703,1,25,61178,1,5,5,5,15,優良
C00704,58,19,42038,1,1,2,2,5,休眠・育成
C00705,5,28,54414,1,4,5,4,13,優良
C00706,28,20,39026,1,2,3,2,7,休眠・育成
C00707,102,21,43258,1,1,3,3,7,休眠・育成
C00708,17,18,45849,1,3,2,3,8,一般
C00709,7,19,40250,1,4,2,2,8,一般
C00710,11,18,35816,3,3,2,2,7,休眠・育成
C00711,39,19,38251,1,1,2,2,5,休眠・育成
C00712,7,21,38698,1,4,3,2,9,一般
C00713,14,29,56323,1,3,5,5,13,優良
C00714,14,11,28501,2,3,1,1,5,休眠・育成
C00715,16,16,38002,2,3,1,2,6,休眠・育成
C00716,3,14,28819,1,5,1,1,7,休眠・育成
C00717,1,17,28057,1,5,1,1,7,休眠・育成
C00718,13,27,55255,2,3,5,5,13,優良
C00719,10,19,41847,1,3,2,2,7,休眠・育成
C00720,17,15,28645,1,3,1,1,5,休眠・育成
C00721,20,18,41138,1,2,2,2,6,休眠・育成
C00722,55,18,42703,1,1,2,3,6,休眠・育成
C00723,2,24,64152,1,5,4,5,14,優良
C00724,51,27,59531,1,1,5,5,11,一般
C00725,49,19,41020,1,1,2,2,5,休眠・育成
C00726,39,20,46342,1,1,3,3,7,休眠・育成
C00727,14,22,52395,1,3,4,4,11,一般
C00728,5,27,58605,1,4,5,5,14,優良
C00729,2,23,42426,1,5,4,3,12,優良
C00730,3,15,37217,2,5,1,2,8,一般
C00731,41,18,39032,1,1,2,2,5,休眠・育成
C00732,15,23,50735,2,3,4,4,11,一般
C00733,19,21,53546,1,2,3,4,9,一般
C00734,33,16,43755,3,1,1,3,5,休眠・育成
C00735,23,29,68048,2,2,5,5,12,優良
C00736,31,15,23991,1,1,1,1,3,休眠・育成
C00737,1,20,39872,1,5,3,2,10,一般
C00738,24,22,56902,1,2,4,5,11,一般
C00739,6,20,45869,1,4,3,3,10,一般
C00740,30,12,26637,1,2,1,1,4,休眠・育成
C00741,12,23,49231,1,3,4,4,11,一般
C00742,18,13,34432,1,2,1,1,4,休眠・育成
C00743,22,24,58479,2,2,4,5,11,一般
C00744,17,18,39313,2,3,2,2,7,休眠・育成
C00745,4,23,48849,1,5,4,4,13,優良
C00746,41,14,24956,1,1,1,1,3,休眠・育成
C00747,1,22,44731,3,5,4,3,12,優良
C00748,18,26,54340,2,2,5,4,11,一般
C00749,3,18,37129,2,5,2,2,9,一般
C00750,17,13,29603,1,3,1,1,5,休眠・育成
C00751,19,23,41713,1,2,4,2,8,一般
C00752,7,24,51002,1,4,4,4,12,優良
C00753,18,19,42997,1,2,2,3,7,休眠・育成
C00754,2,21,48660,1,5,3,4,12,優良
C00755,6,12,20538,1,4,1,1,6,休眠・育成
C00756,10,26,53456,1,3,5,4,12,優良
C00757,18,20,32452,1,2,3,1,6,休眠・育成
C00758,29,18,34212,1,2,2,1,5,休眠・育成
C00759,46,15,29480,1,1,1,1,3,休眠・育成
C00760,5,14,29932,1,4,1,1,6,休眠・育成
C00761,23,14,33800,1,2,1,1,4,休眠・育成
C00762,79,15,31894,1,1,1,1,3,休眠・育成
C00763,2,20,36900,1,5,3,2,10,一般
C00764,26,21,49322,1,2,3,4,9,一般
C00765,1,17,36771,2,5,1,2,8,一般
C00766,4,31,73007,1,5,5,5,15,優良
C00767,4,23,53966,1,5,4,4,13,優良
C00768,6,26,58058,3,4,5,5,14,優良
C00769,3,20,38676,1,5,3,2,10,一般
C00770,17,23,44658,1,3,4,3,10,一般
C00771,59,29,76369,1,1,5,5,11,一般
C00772,46,21,41884,3,1,3,2,6,休眠・育成
C00773,21,28,63794,2,2,5,5,12,優良
C00774,5,15,38457,1,4,1,2,7,休眠・育成
C00775,6,17,45389,2,4,1,3,8,一般
C00776,9,25,54033,1,4,5,4,13,優良
C00777,32,28,55508,2,1,5,5,11,一般
C00778,19,16,31675,1,2,1,1,4,休眠・育成
C00779,21,22,56114,2,2,4,5,11,一般
C00780,1,25,49746,1,5,5,4,14,優良
C00781,12,15,32870,1,3,1,1,5,休眠・育成
C00782,33,20,47666,2,1,3,3,7,休眠・育成
C00783,5,25,44966,1,4,5,3,12,優良
C00784,36,12,22014,1,1,1,1,3,休眠・育成
C00785,11,23,42768,1,3,4,3,10,一般
C00786,37,19,42275,1,1,2,2,5,休眠・育成
C00787,21,22,46097,1,2,4,3,9,一般
C00788,6,20,35529,1,4,3,1,8,一般
C00789,14,14,24572,1,3,1,1,5,休眠・育成
C00790,9,26,57438,1,4,5,5,14,優良
C00791,25,25,57205,1,2,5,5,12,優良
C00792,4,16,27157,1,5,1,1,7,休眠・育成
C00793,20,22,40135,1,2,4,2,8,一般
C00794,1,12,28189,2,5,1,1,7,休眠・育成
C00795,4,22,47342,1,5,4,3,12,優良
C00796,26,20,47969,1,2,3,4,9,一般
C00797,10,16,28205,1,3,1,1,5,休眠・育成
C00798,50,15,31977,2,1,1,1,3,休眠・育成
C00799,25,18,45825,1,2,2,3,7,休眠・育成
C00800,19,20,38264,1,2,3,2,7,休眠・育成
C00801,11,23,43341,2,3,4,3,10,一般
C00802,4,23,42066,1,5,4,2,11,一般
C00803,17,22,43669,1,3,4,3,10,一般
C00804,24,19,44997,1,2,2,3,7,休眠・育成
C00805,20,23,54118,2,2,4,4,10,一般
C00806,11,19,38395,1,3,2,2,7,休眠・育成
C00807,8,20,44821,1,4,3,3,10,一般
C00808,30,25,49374,1,2,5,4,11,一般
C00809,8,18,39451,1,4,2,2,8,一般
C00810,1,15,24488,2,5,1,1,7,休眠・育成
C00811,4,19,37158,1,5,2,2,9,一般
C00812,6,20,44560,1,4,3,3,10,一般
C00813,15,20,50681,1,3,3,4,10,一般
C00814,5,20,43956,2,4,3,3,10,一般
C00815,10,20,40476,1,3,3,2,8,一般
C00816,10,32,62361,1,3,5,5,13,優良
C00817,87,19,49632,1,1,2,4,7,休眠・育成
C00818,47,20,46678,1,1,3,3,7,休眠・育成
C00819,24,13,28002,2,2,1,1,4,休眠・育成
C00820,3,18,33774,1,5,2,1,8,一般
C00821,20,15,36916,1,2,1,2,5,休眠・育成
C00822,30,18,37984,1,2,2,2,6,休眠・育成
C00823,20,15,31127,1,2,1,1,4,休眠・育成
C00824,17,24,59302,1,3,4,5,12,優良
C00825,13,22,54277,1,3,4,4,11,一般
C00826,3,23,48126,1,5,4,4,13,優良
C00827,38,27,52502,1,1,5,4,10,一般
C00828,3,31,72981,2,5,5,5,15,優良
C00829,48,18,31139,1,1,2,1,4,休眠・育成
C00830,32,19,40460,1,1,2,2,5,休眠・育成
C00831,9,21,39329,1,4,3,2,9,一般
C00832,50,12,32299,1,1,1,1,3,休眠・育成
C00833,12,14,24463,1,3,1,1,5,休眠・育成
C00834,4,19,37316,1,5,2,2,9,一般
C00835,40,25,43324,1,1,5,3,9,一般
C00836,11,22,53933,1,3,4,4,11,一般
C00837,24,22,46759,1,2,4,3,9,一般
C00838,39,21,46535,1,1,3,3,7,休眠・育成
C00839,2,17,34327,1,5,1,1,7,休眠・育成
C00840,10,21,51609,1,3,3,4,10,一般
C00841,7,22,47057,1,4,4,3,11,一般
C00842,5,22,50325,1,4,4,4,12,優良
C00843,54,23,50303,1,1,4,4,9,一般
C00844,23,17,33557,1,2,2,1,5,休眠・育成
C00845,21,17,30727,1,2,2,1,5,休眠・育成
C00846,13,22,54633,1,3,4,5,12,優良
C00847,60,20,49784,2,1,3,4,8,一般
C00848,1,17,32983,1,5,2,1,8,一般
C00849,10,25,52827,1,3,5,4,12,優良
C00850,31,18,37158,1,1,2,2,5,休眠・育成
C00851,31,19,37182,1,1,2,2,5,休眠・育成
C00852,53,13,34571,1,1,1,1,3,休眠・育成
C00853,7,21,41328,1,4,3,2,9,一般
C00854,15,18,38725,1,3,2,2,7,休眠・育成
C00855,23,24,42452,1,2,4,3,9,一般
C00856,58,16,33066,1,1,1,1,3,休眠・育成
C00857,45,12,26560,1,1,1,1,3,休眠・育成
C00858,23,21,47338,1,2,3,3,8,一般
C00859,11,18,34993,1,3,2,1,6,休眠・育成
C00860,26,32,64606,2,2,5,5,12,優良
C00861,15,19,37200,1,3,2,2,7,休眠・育成
C00862,38,14,32232,1,1,1,1,3,休眠・育成
C00863,30,17,42706,2,2,2,3,7,休眠・育成
C00864,19,21,42674,1,2,3,3,8,一般
C00865,31,21,45695,1,1,3,3,7,休眠・育成
C00866,53,19,29838,1,1,2,1,4,休眠・育成
C00867,11,22,47667,3,3,4,3,10,一般
C00868,13,20,45831,2,3,3,3,9,一般
C00869,37,21,47359,1,1,3,3,7,休眠・育成
C00870,24,17,37916,1,2,2,2,6,休眠・育成
C00871,9,22,52301,2,4,4,4,12,優良
C00872,10,20,41979,2,3,3,2,8,一般
C00873,39,17,35285,1,1,2,1,4,休眠・育成
C00874,20,23,54808,1,2,4,5,11,一般
C00875,66,16,38285,2,1,1,2,4,休眠・育成
C00876,13,27,61026,1,3,5,5,13,優良
C00877,23,18,44659,1,2,2,3,7,休眠・育成
C00878,32,20,45490,1,1,3,3,7,休眠・育成
C00879,14,24,43188,1,3,4,3,10,一般
C00880,30,19,49846,1,2,2,4,8,一般
C00881,10,19,43487,1,3,2,3,8,一般
C00882,23,23,43446,1,2,4,3,9,一般
C00883,9,20,43912,1,4,3,3,10,一般
C00884,2,20,42941,1,5,3,3,11,一般
C00885,37,16,29623,1,1,1,1,3,休眠・育成
C00886,1,27,59148,1,5,5,5,15,優良
C00887,2,23,52409,1,5,4,4,13,優良
C00888,21,16,36778,1,2,1,2,5,休眠・育成
C00889,13,22,53768,1,3,4,4,11,一般
C00890,12,24,51680,2,3,4,4,11,一般
C00891,23,24,65190,2,2,4,5,11,一般
C00892,24,13,31089,1,2,1,1,4,休眠・育成
C00893,7,31,71541,1,4,5,5,14,優良
C00894,29,17,34332,1,2,2,1,5,休眠・育成
C00895,2,24,50808,1,5,4,4,13,優良
C00896,2,23,49224,1,5,4,4,13,優良
C00897,10,21,44906,1,3,3,3,9,一般
C00898,51,15,28768,1,1,1,1,3,休眠・育成
C00899,25,15,28665,1,2,1,1,4,休眠・育成
C00900,4,20,42424,1,5,3,3,11,一般
C00901,2,28,60236,1,5,5,5,15,優良
C00902,11,16,31519,1,3,1,1,5,休眠・育成
C00903,14,22,48680,1,3,4,4,11,一般
C00904,3,21,38760,2,5,3,2,10,一般
C00905,17,20,42540,1,3,3,3,9,一般
C00906,3,19,49282,1,5,2,4,11,一般
C00907,18,16,34175,2,2,1,1,4,休眠・育成
C00908,39,20,44557,2,1,3,3,7,休眠・育成
C00909,16,15,41281,2,3,1,2,6,休眠・育成
C00910,55,12,28751,1,1,1,1,3,休眠・育成
C00911,52,25,55940,1,1,5,5,11,一般
C00912,2,14,28713,1,5,1,1,7,休眠・育成
C00913,4,18,36542,1,5,2,2,9,一般
C00914,15,20,45080,2,3,3,3,9,一般
C00915,8,30,60762,2,4,5,5,14,優良
C00916,2,23,58349,2,5,4,5,14,優良
C00917,78,22,43729,1,1,4,3,8,一般
C00918,33,17,33087,3,1,2,1,4,休眠・育成
C00919,36,25,46278,1,1,5,3,9,一般
C00920,3,21,38943,1,5,3,2,10,一般
C00921,30,16,27763,1,1,1,1,3,休眠・育成
C00922,14,20,54456,2,3,3,4,10,一般
C00923,19,20,41972,1,2,3,2,7,休眠・育成
C00924,2,25,59919,2,5,5,5,15,優良
C00925,4,16,39331,1,5,1,2,8,一般
C00926,46,11,23432,1,1,1,1,3,休眠・育成
C00927,12,18,42969,1,3,2,3,8,一般
C00928,37,14,31844,1,1,1,1,3,休眠・育成
C00929,72,19,38976,2,1,2,2,5,休眠・育成
C00930,16,19,41996,1,3,2,2,7,休眠・育成
C00931,9,17,37062,1,4,2,2,8,一般
C00932,24,15,23901,1,2,1,1,4,休眠・育成
C00933,8,21,39794,1,4,3,2,9,一般
C00934,44,22,46880,1,1,4,3,8,一般
C00935,35,17,34410,1,1,2,1,4,休眠・育成
C00936,31,27,55500,1,1,5,5,11,一般
C00937,8,19,40368,2,4,2,2,8,一般
C00938,16,31,56250,1,3,5,5,13,優良
C00939,48,20,51601,1,1,3,4,8,一般
C00940,16,21,48270,1,3,3,4,10,一般
C00941,1,17,36117,1,5,2,2,9,一般
C00942,24,20,42093,1,2,3,2,7,休眠・育成
C00943,44,21,47768,2,1,3,4,8,一般
C00944,8,23,46412,1,4,4,3,11,一般
C00945,7,22,61471,1,4,4,5,13,優良
C00946,3,18,43837,1,5,2,3,10,一般
C00947,7,16,38935,1,4,1,2,7,休眠・育成
C00948,32,18,41120,3,1,2,2,5,休眠・育成
C00949,9,25,60649,1,4,5,5,14,優良
C00950,34,19,40328,1,1,2,2,5,休眠・育成
C00951,17,18,40174,1,3,2,2,7,休眠・育成
C00952,5,21,52812,1,4,3,4,11,一般
C00953,17,14,44477,1,3,1,3,7,休眠・育成
C00954,30,16,34090,1,1,1,1,3,休眠・育成
C00955,8,19,41282,1,4,2,2,8,一般
C00956,19,20,43366,1,2,3,3,8,一般
C00957,1,19,37082,1,5,2,2,9,一般
C00958,6,18,34187,1,4,2,1,7,休眠・育成
C00959,28,24,58378,3,2,4,5,11,一般
C00960,10,25,60576,1,3,5,5,13,優良
C00961,13,20,47449,1,3,3,3,9,一般
C00962,11,27,62618,1,3,5,5,13,優良
C00963,11,20,42990,1,3,3,3,9,一般
C00964,52,10,22668,1,1,1,1,3,休眠・育成
C00965,6,25,50413,1,4,5,4,13,優良
C00966,1,24,47088,1,5,4,3,12,優良
C00967,17,26,58808,1,3,5,5,13,優良
C00968,8,18,38691,1,4,2,2,8,一般
C00969,39,18,40386,1,1,2,2,5,休眠・育成
C00970,1,21,56973,1,5,3,5,13,優良
C00971,12,24,57765,1,3,4,5,12,優良
C00972,28,19,44824,1,2,2,3,7,休眠・育成
C00973,38,23,49801,1,1,4,4,9,一般
C00974,44,17,34083,1,1,2,1,4,休眠・育成
C00975,4,23,51076,1,5,4,4,13,優良
C00976,30,25,67493,2,1,5,5,11,一般
C00977,3,21,50874,2,5,3,4,12,優良
C00978,16,25,57787,1,3,5,5,13,優良
C00979,4,20,43476,1,5,3,3,11,一般
C00980,1,20,42085,1,5,3,2,10,一般
C00981,38,17,35464,2,1,2,1,4,休眠・育成
C00982,9,17,41161,1,4,2,2,8,一般
C00983,2,20,30800,1,5,3,1,9,一般
C00984,13,19,39437,1,3,2,2,7,休眠・育成
C00985,14,24,47278,1,3,4,3,10,一般
C00986,18,21,48471,1,2,3,4,9,一般
C00987,14,25,59988,3,3,5,5,13,優良
C00988,15,21,48203,1,3,3,4,10,一般
C00989,24,24,46601,1,2,4,3,9,一般
C00990,2,25,47878,1,5,5,4,14,優良
C00991,6,22,48068,1,4,4,4,12,優良
C00992,13,24,44087,1,3,4,3,10,一般
C00993,1,20,43638,1,5,3,3,11,一般
C00994,14,21,40216,1,3,3,2,8,一般
C00995,27,24,61745,1,2,4,5,11,一般
C00996,16,19,40493,1,3,2,2,7,休眠・育成
C00997,5,16,39085,1,4,1,2,7,休眠・育成
C00998,9,27,58438,1,4,5,5,14,優良
C00999,22,19,35103,1,2,2,1,5,休眠・育成
C01000,85,19,40029,1,1,2,2,5,休眠・育成
C01001,10,24,54452,1,3,4,4,11,一般
C01002,4,18,42108,1,5,2,2,9,一般
C01003,13,24,69062,1,3,4,5,12,優良
C01004,14,24,57943,2,3,4,5,12,優良
C01005,21,19,42271,1,2,2,2,6,休眠・育成
C01006,14,15,46275,1,3,1,3,7,休眠・育成
C01007,27,27,55827,1,2,5,5,12,優良
C01008,34,28,57392,1,1,5,5,11,一般
C01009,3,25,49787,1,5,5,4,14,優良
C01010,32,21,45369,2,1,3,3,7,休眠・育成
C01011,22,19,43202,2,2,2,3,7,休眠・育成
C01012,2,20,40997,2,5,3,2,10,一般
C01013,3,24,45935,1,5,4,3,12,優良
C01014,2,24,52853,3,5,4,4,13,優良
C01015,5,28,59887,2,4,5,5,14,優良
C01016,54,20,39711,1,1,3,2,6,休眠・育成
C01017,49,11,20191,1,1,1,1,3,休眠・育成
C01018,4,15,26864,1,5,1,1,7,休眠・育成
C01019,57,17,39695,1,1,2,2,5,休眠・育成
C01020,24,14,30180,1,2,1,1,4,休眠・育成
C01021,22,16,34853,1,2,1,1,4,休眠・育成
C01022,28,21,47557,1,2,3,3,8,一般
C01023,16,17,40992,1,3,2,2,7,休眠・育成
C01024,50,19,46730,2,1,2,3,6,休眠・育成
C01025,56,24,49827,1,1,4,4,9,一般
C01026,3,22,44750,2,5,4,3,12,優良
C01027,3,25,50307,1,5,5,4,14,優良
C01028,6,23,42459,1,4,4,3,11,一般
C01029,6,22,48245,1,4,4,4,12,優良
C01030,3,15,29202,1,5,1,1,7,休眠・育成
C01031,13,18,40075,1,3,2,2,7,休眠・育成
C01032,14,21,52900,1,3,3,4,10,一般
C01033,25,21,43562,1,2,3,3,8,一般
C01034,14,20,40966,1,3,3,2,8,一般
C01035,39,27,55434,2,1,5,5,11,一般
C01036,13,22,42283,1,3,4,2,9,一般
C01037,23,13,31438,1,2,1,1,4,休眠・育成
C01038,39,18,40360,2,1,2,2,5,休眠・育成
C01039,10,27,58732,1,3,5,5,13,優良
C01040,4,17,39720,1,5,2,2,9,一般
C01041,17,16,29627,1,3,1,1,5,休眠・育成
C01042,8,20,39734,1,4,3,2,9,一般
C01043,24,14,27837,1,2,1,1,4,休眠・育成
C01044,29,20,45363,1,2,3,3,8,一般
C01045,27,23,42757,1,2,4,3,9,一般
C01046,3,27,59160,1,5,5,5,15,優良
C01047,8,26,64323,2,4,5,5,14,優良
C01048,18,26,56970,1,2,5,5,12,優良
C01049,18,29,57417,1,2,5,5,12,優良
C01050,1,25,55523,2,5,5,5,15,優良
C01051,5,20,43470,1,4,3,3,10,一般
C01052,23,19,48082,1,2,2,4,8,一般
C01053,15,24,48527,1,3,4,4,11,一般
C01054,17,20,39515,1,3,3,2,8,一般
C01055,17,16,41369,1,3,1,2,6,休眠・育成
C01056,72,15,28023,1,1,1,1,3,休眠・育成
C01057,9,21,46728,2,4,3,3,10,一般
C01058,4,22,46902,2,5,4,3,12,優良
C01059,4,18,36932,1,5,2,2,9,一般
C01060,19,15,34985,1,2,1,1,4,休眠・育成
C01061,10,22,51212,1,3,4,4,11,一般
C01062,32,18,36779,1,1,2,2,5,休眠・育成
C01063,22,24,49092,1,2,4,4,10,一般
C01064,10,19,57674,1,3,2,5,10,一般
C01065,6,29,59010,1,4,5,5,14,優良
C01066,10,13,32141,1,3,1,1,5,休眠・育成
C01067,3,23,53371,2,5,4,4,13,優良
C01068,26,29,64078,1,2,5,5,12,優良
C01069,12,15,26916,1,3,1,1,5,休眠・育成
C01070,23,11,26427,1,2,1,1,4,休眠・育成
C01071,40,19,48199,3,1,2,4,7,休眠・育成
C01072,35,25,67466,1,1,5,5,11,一般
C01073,15,15,24519,1,3,1,1,5,休眠・育成
C01074,19,23,53338,1,2,4,4,10,一般
C01075,15,18,41597,2,3,2,2,7,休眠・育成
C01076,31,26,59994,1,1,5,5,11,一般
C01077,10,23,48648,1,3,4,4,11,一般
C01078,42,13,26781,1,1,1,1,3,休眠・育成
C01079,6,18,37824,1,4,2,2,8,一般
C01080,3,14,27116,1,5,1,1,7,休眠・育成
C01081,8,24,49540,1,4,4,4,12,優良
C01082,42,23,57060,1,1,4,5,10,一般
C01083,3,24,51139,1,5,4,4,13,優良
C01084,15,20,38824,1,3,3,2,8,一般
C01085,49,14,39220,1,1,1,2,4,休眠・育成
C01086,3,15,31895,2,5,1,1,7,休眠・育成
C01087,16,27,56036,1,3,5,5,13,優良
C01088,18,21,49103,1,2,3,4,9,一般
C01089,4,19,49334,2,5,2,4,11,一般
C01090,51,20,42637,1,1,3,3,7,休眠・育成
C01091,7,23,50903,1,4,4,4,12,優良
C01092,10,20,45441,2,3,3,3,9,一般
C01093,8,22,56541,1,4,4,5,13,優良
C01094,2,18,43076,1,5,2,3,10,一般
C01095,14,23,49788,1,3,4,4,11,一般
C01096,46,29,52639,1,1,5,4,10,一般
C01097,13,23,47683,2,3,4,4,11,一般
C01098,11,24,48782,1,3,4,4,11,一般
C01099,15,21,48656,1,3,3,4,10,一般
C01100,35,23,50104,1,1,4,4,9,一般
C01101,4,18,44450,1,5,2,3,10,一般
C01102,5,23,46906,1,4,4,3,11,一般
C01103,25,22,43698,1,2,4,3,9,一般
C01104,30,28,65676,4,1,5,5,11,一般
C01105,34,13,25854,1,1,1,1,3,休眠・育成
C01106,40,25,44783,1,1,5,3,9,一般
C01107,93,18,42461,1,1,2,3,6,休眠・育成
C01108,13,24,51826,1,3,4,4,11,一般
C01109,10,15,31274,2,3,1,1,5,休眠・育成
C01110,2,21,41678,1,5,3,2,10,一般
C01111,4,19,36473,2,5,2,2,9,一般
C01112,1,15,41195,1,5,1,2,8,一般
C01113,26,25,61028,1,2,5,5,12,優良
C01114,22,23,53154,1,2,4,4,10,一般
C01115,41,18,41711,1,1,2,2,5,休眠・育成
C01116,36,21,50699,2,1,3,4,8,一般
C01117,12,23,51955,1,3,4,4,11,一般
C01118,5,21,46352,1,4,3,3,10,一般
C01119,28,20,29336,1,2,3,1,6,休眠・育成
C01120,16,19,43665,1,3,2,3,8,一般
C01121,32,24,57518,1,1,4,5,10,一般
C01122,15,15,35816,2,3,1,2,6,休眠・育成
C01123,2,25,46891,1,5,5,3,13,優良
C01124,22,22,45149,1,2,4,3,9,一般
C01125,6,20,47835,1,4,3,4,11,一般
C01126,21,20,51388,1,2,3,4,9,一般
C01127,44,16,37719,1,1,1,2,4,休眠・育成
C01128,56,19,37390,1,1,2,2,5,休眠・育成
C01129,21,23,46604,2,2,4,3,9,一般
C01130,7,22,52061,1,4,4,4,12,優良
C01131,1,23,52771,2,5,4,4,13,優良
C01132,5,30,61368,2,4,5,5,14,優良
C01133,26,20,40249,1,2,3,2,7,休眠・育成
C01134,4,31,71927,1,5,5,5,15,優良
C01135,33,24,47843,1,1,4,4,9,一般
C01136,45,16,36670,1,1,1,2,4,休眠・育成
C01137,4,19,37077,1,5,2,2,9,一般
C01138,4,26,55068,1,5,5,5,15,優良
C01139,7,21,47208,1,4,3,3,10,一般
C01140,10,20,43414,1,3,3,3,9,一般
C01141,1,14,27125,1,5,1,1,7,休眠・育成
C01142,22,18,41331,1,2,2,2,6,休眠・育成
C01143,5,19,34448,2,4,2,1,7,休眠・育成
C01144,5,26,60672,2,4,5,5,14,優良
C01145,8,21,53677,1,4,3,4,11,一般
C01146,33,14,25911,1,1,1,1,3,休眠・育成
C01147,11,21,49813,1,3,3,4,10,一般
C01148,8,26,67543,1,4,5,5,14,優良
C01149,9,24,52305,2,4,4,4,12,優良
C01150,6,17,39953,1,4,2,2,8,一般
C01151,19,21,60074,2,2,3,5,10,一般
C01152,3,21,53010,2,5,3,4,12,優良
C01153,13,16,31045,2,3,1,1,5,休眠・育成
C01154,66,16,27509,1,1,1,1,3,休眠・育成
C01155,60,17,45114,1,1,2,3,6,休眠・育成
C01156,25,23,34028,1,2,4,1,7,休眠・育成
C01157,16,33,81232,1,3,5,5,13,優良
C01158,11,20,48066,2,3,3,4,10,一般
C01159,9,25,53364,2,4,5,4,13,優良
C01160,22,19,54512,2,2,2,5,9,一般
C01161,36,24,53747,1,1,4,4,9,一般
C01162,3,22,50495,1,5,4,4,13,優良
C01163,6,20,43408,1,4,3,3,10,一般
C01164,2,23,58351,1,5,4,5,14,優良
C01165,3,22,47350,1,5,4,3,12,優良
C01166,8,18,41642,2,4,2,2,8,一般
C01167,5,26,68923,1,4,5,5,14,優良
C01168,3,22,45502,1,5,4,3,12,優良
C01169,6,16,29129,1,4,1,1,6,休眠・育成
C01170,1,23,52309,1,5,4,4,13,優良
C01171,47,16,36453,1,1,1,2,4,休眠・育成
C01172,28,25,52741,3,2,5,4,11,一般
C01173,17,23,44508,1,2,4,3,9,一般
C01174,6,18,36635,1,4,2,2,8,一般
C01175,2,19,42607,1,5,2,3,10,一般
C01176,45,16,36149,1,1,1,2,4,休眠・育成
C01177,8,21,39474,2,4,3,2,9,一般
C01178,17,25,65412,2,2,5,5,12,優良
C01179,25,24,54450,1,2,4,4,10,一般
C01180,8,22,48785,1,4,4,4,12,優良
C01181,21,21,46276,1,2,3,3,8,一般
C01182,23,18,37295,2,2,2,2,6,休眠・育成
C01183,11,29,52895,1,3,5,4,12,優良
C01184,22,20,44340,1,2,3,3,8,一般
C01185,7,18,34589,1,4,2,1,7,休眠・育成
C01186,44,19,36972,2,1,2,2,5,休眠・育成
C01187,58,17,34716,1,1,2,1,4,休眠・育成
C01188,6,24,52511,1,4,4,4,12,優良
C01189,50,19,42414,2,1,2,3,6,休眠・育成
C01190,4,11,15835,1,5,1,1,7,休眠・育成
C01191,9,14,36556,1,4,1,2,7,休眠・育成
C01192,93,19,39454,1,1,2,2,5,休眠・育成
C01193,8,30,73850,2,4,5,5,14,優良
C01194,7,9,20143,1,4,1,1,6,休眠・育成
C01195,3,27,55700,1,5,5,5,15,優良
C01196,73,14,33624,1,1,1,1,3,休眠・育成
C01197,39,20,50052,2,1,3,4,8,一般
C01198,27,23,50370,1,2,4,4,10,一般
C01199,28,21,50815,2,2,3,4,9,一般
C01200,27,17,34475,1,2,2,1,5,休眠・育成
C01201,15,16,30444,2,3,1,1,5,休眠・育成
C01202,11,22,46518,2,3,4,3,10,一般
C01203,10,13,28711,2,3,1,1,5,休眠・育成
C01204,10,16,39657,2,3,1,2,6,休眠・育成
C01205,4,17,33575,1,5,2,1,8,一般
C01206,8,20,40528,2,4,3,2,9,一般
C01207,46,20,41384,1,1,3,2,6,休眠・育成
C01208,9,23,49457,1,4,4,4,12,優良
C01209,15,30,66287,2,3,5,5,13,優良
C01210,6,19,46645,1,4,2,3,9,一般
C01211,21,22,56085,1,2,4,5,11,一般
C01212,66,17,36576,1,1,2,2,5,休眠・育成
C01213,3,22,57142,1,5,4,5,14,優良
C01214,5,24,51916,3,4,4,4,12,優良
C01215,12,18,41209,2,3,2,2,7,休眠・育成
C01216,2,17,39992,1,5,2,2,9,一般
C01217,2,19,37656,2,5,2,2,9,一般
C01218,54,22,48410,1,1,4,4,9,一般
C01219,19,13,25650,1,2,1,1,4,休眠・育成
C01220,18,25,51934,2,2,5,4,11,一般
C01221,38,15,33741,1,1,1,1,3,休眠・育成
C01222,5,24,57004,3,4,4,5,13,優良
C01223,9,24,53810,2,4,4,4,12,優良
C01224,33,16,32927,1,1,1,1,3,休眠・育成
C01225,20,24,51924,1,2,4,4,10,一般
C01226,18,19,42431,1,2,2,3,7,休眠・育成
C01227,2,28,57893,2,5,5,5,15,優良
C01228,7,23,53752,1,4,4,4,12,優良
C01229,8,16,43357,2,4,1,3,8,一般
C01230,3,23,45496,1,5,4,3,12,優良
C01231,12,17,33804,2,3,2,1,6,休眠・育成
C01232,1,27,69941,1,5,5,5,15,優良
C01233,15,22,51994,2,3,4,4,11,一般
C01234,5,23,58421,1,4,4,5,13,優良
C01235,1,19,47370,1,5,2,3,10,一般
C01236,2,20,37246,2,5,3,2,10,一般
C01237,53,21,45220,1,1,3,3,7,休眠・育成
C01238,3,19,30698,2,5,2,1,8,一般
C01239,12,21,43490,1,3,3,3,9,一般
C01240,42,28,67261,1,1,5,5,11,一般
C01241,4,18,44413,1,5,2,3,10,一般
C01242,16,21,44264,2,3,3,3,9,一般
C01243,22,19,42337,1,2,2,2,6,休眠・育成
C01244,4,16,36869,1,5,1,2,8,一般
C01245,5,28,59234,1,4,5,5,14,優良
C01246,1,28,57639,2,5,5,5,15,優良
C01247,2,26,64662,1,5,5,5,15,優良
C01248,5,25,58028,1,4,5,5,14,優良
C01249,19,24,55058,2,2,4,5,11,一般
C01250,9,19,43615,1,4,2,3,9,一般
C01251,18,18,41817,1,2,2,2,6,休眠・育成
C01252,25,19,35825,1,2,2,2,6,休眠・育成
C01253,24,22,51612,2,2,4,4,10,一般
C01254,13,23,51568,2,3,4,4,11,一般
C01255,11,20,42850,2,3,3,3,9,一般
C01256,2,20,45438,3,5,3,3,11,一般
C01257,4,19,49804,1,5,2,4,11,一般
C01258,1,24,49267,1,5,4,4,13,優良
C01259,6,20,50274,1,4,3,4,11,一般
C01260,21,20,43763,1,2,3,3,8,一般
C01261,8,28,53440,1,4,5,4,13,優良
C01262,12,14,32504,1,3,1,1,5,休眠・育成
C01263,46,12,18301,2,1,1,1,3,休眠・育成
C01264,4,24,50431,1,5,4,4,13,優良
C01265,52,19,33450,1,1,2,1,4,休眠・育成
C01266,13,19,54634,2,3,2,5,10,一般
C01267,8,16,39364,2,4,1,2,7,休眠・育成
C01268,4,20,35041,1,5,3,1,9,一般
C01269,10,15,28808,1,3,1,1,5,休眠・育成
C01270,5,27,73110,1,4,5,5,14,優良
C01271,42,14,39651,1,1,1,2,4,休眠・育成
C01272,10,18,35344,2,3,2,1,6,休眠・育成
C01273,16,19,42891,1,3,2,3,8,一般
C01274,7,25,54250,1,4,5,4,13,優良
C01275,38,19,44519,1,1,2,3,6,休眠・育成
C01276,24,16,32924,1,2,1,1,4,休眠・育成
C01277,1,15,30972,1,5,1,1,7,休眠・育成
C01278,12,26,67752,2,3,5,5,13,優良
C01279,12,25,52078,1,3,5,4,12,優良
C01280,1,24,55194,1,5,4,5,14,優良
C01281,3,20,42692,2,5,3,3,11,一般
C01282,20,16,34099,1,2,1,1,4,休眠・育成
C01283,33,18,39062,1,1,2,2,5,休眠・育成
C01284,20,19,38700,1,2,2,2,6,休眠・育成
C01285,6,21,42045,1,4,3,2,9,一般
C01286,9,22,40480,1,4,4,2,10,一般
C01287,5,11,25289,1,4,1,1,6,休眠・育成
C01288,15,21,38318,1,3,3,2,8,一般
C01289,19,11,20046,1,2,1,1,4,休眠・育成
C01290,66,17,33249,1,1,2,1,4,休眠・育成
C01291,5,17,33083,1,4,2,1,7,休眠・育成
C01292,1,26,50802,1,5,5,4,14,優良
C01293,59,14,32058,1,1,1,1,3,休眠・育成
C01294,13,23,54177,1,3,4,4,11,一般
C01295,36,20,57545,1,1,3,5,9,一般
C01296,39,13,21564,1,1,1,1,3,休眠・育成
C01297,11,24,65090,1,3,4,5,12,優良
C01298,21,16,41132,1,2,1,2,5,休眠・育成
C01299,1,14,25210,1,5,1,1,7,休眠・育成
C01300,9,19,45649,2,4,2,3,9,一般
C01301,27,23,47334,1,2,4,3,9,一般
C01302,2,17,32036,1,5,2,1,8,一般
C01303,68,21,52933,1,1,3,4,8,一般
C01304,18,21,45674,1,2,3,3,8,一般
C01305,42,29,70106,2,1,5,5,11,一般
C01306,34,19,44472,1,1,2,3,6,休眠・育成
C01307,3,25,55645,2,5,5,5,15,優良
C01308,3,25,50907,2,5,5,4,14,優良
C01309,18,23,43860,1,2,4,3,9,一般
C01310,4,26,58399,1,5,5,5,15,優良
C01311,11,18,45410,1,3,2,3,8,一般
C01312,11,28,69331,4,3,5,5,13,優良
C01313,9,24,62328,1,4,4,5,13,優良
C01314,1,22,50615,1,5,4,4,13,優良
C01315,7,17,40382,3,4,2,2,8,一般
C01316,11,22,42962,1,3,4,3,10,一般
C01317,43,16,43925,1,1,1,3,5,休眠・育成
C01318,29,18,44711,2,2,2,3,7,休眠・育成
C01319,3,29,57198,1,5,5,5,15,優良
C01320,5,29,62134,2,4,5,5,14,優良
C01321,15,16,38708,1,3,1,2,6,休眠・育成
C01322,7,26,53693,1,4,5,4,13,優良
C01323,3,24,49861,1,5,4,4,13,優良
C01324,5,20,42127,1,4,3,2,9,一般
C01325,28,19,45645,2,2,2,3,7,休眠・育成
C01326,11,25,70986,1,3,5,5,13,優良
C01327,2,19,38854,1,5,2,2,9,一般
C01328,66,21,49398,1,1,3,4,8,一般
C01329,19,25,47652,1,2,5,3,10,一般
C01330,26,18,41718,2,2,2,2,6,休眠・育成
C01331,23,15,29646,1,2,1,1,4,休眠・育成
C01332,5,16,31509,1,4,1,1,6,休眠・育成
C01333,14,28,62843,2,3,5,5,13,優良
C01334,17,12,24493,1,2,1,1,4,休眠・育成
C01335,3,14,22569,1,5,1,1,7,休眠・育成
C01336,18,26,51625,2,2,5,4,11,一般
C01337,2,22,49596,3,5,4,4,13,優良
C01338,7,25,56533,1,4,5,5,14,優良
C01339,4,17,35719,2,5,2,1,8,一般
C01340,10,21,46750,2,3,3,3,9,一般
C01341,85,11,21664,1,1,1,1,3,休眠・育成
C01342,16,28,64772,1,3,5,5,13,優良
C01343,5,17,37055,1,4,2,2,8,一般
C01344,11,24,49025,1,3,4,4,11,一般
C01345,20,16,39020,1,2,1,2,5,休眠・育成
C01346,20,20,37479,1,2,3,2,7,休眠・育成
C01347,5,23,51687,1,4,4,4,12,優良
C01348,17,22,45321,1,2,4,3,9,一般
C01349,10,19,41031,1,3,2,2,7,休眠・育成
C01350,1,15,26706,2,5,1,1,7,休眠・育成
C01351,26,21,51596,1,2,3,4,9,一般
C01352,1,22,48376,2,5,4,4,13,優良
C01353,4,23,50247,1,5,4,4,13,優良
C01354,25,18,31209,1,2,2,1,5,休眠・育成
C01355,2,24,56480,2,5,4,5,14,優良
C01356,9,27,62646,1,4,5,5,14,優良
C01357,51,20,35278,1,1,3,1,5,休眠・育成
C01358,10,23,55987,1,3,4,5,12,優良
C01359,8,18,47853,1,4,2,4,10,一般
C01360,5,17,34660,1,4,2,1,7,休眠・育成
C01361,2,18,38143,1,5,2,2,9,一般
C01362,7,26,57771,1,4,5,5,14,優良
C01363,35,19,40482,1,1,2,2,5,休眠・育成
C01364,3,22,51874,2,5,4,4,13,優良
C01365,54,23,48412,1,1,4,4,9,一般
C01366,9,26,65556,2,4,5,5,14,優良
C01367,10,19,30193,2,3,2,1,6,休眠・育成
C01368,20,21,44571,1,2,3,3,8,一般
C01369,81,13,30100,1,1,1,1,3,休眠・育成
C01370,28,16,28390,1,2,1,1,4,休眠・育成
C01371,39,17,35380,1,1,2,1,4,休眠・育成
C01372,9,24,51018,1,4,4,4,12,優良
C01373,28,15,31669,1,2,1,1,4,休眠・育成
C01374,55,13,25354,1,1,1,1,3,休眠・育成
C01375,2,24,68311,1,5,4,5,14,優良
C01376,5,24,58529,1,4,4,5,13,優良
C01377,4,26,67685,2,5,5,5,15,優良
C01378,10,20,42547,1,3,3,3,9,一般
C01379,2,19,35717,2,5,2,1,8,一般
C01380,4,23,44297,1,5,4,3,12,優良
C01381,6,14,25914,1,4,1,1,6,休眠・育成
C01382,60,18,42519,2,1,2,3,6,休眠・育成
C01383,15,29,74001,2,3,5,5,13,優良
C01384,7,20,42075,2,4,3,2,9,一般
C01385,1,27,62928,2,5,5,5,15,優良
C01386,38,19,45594,1,1,2,3,6,休眠・育成
C01387,16,24,56690,1,3,4,5,12,優良
C01388,120,16,30049,1,1,1,1,3,休眠・育成
C01389,10,12,28875,1,3,1,1,5,休眠・育成
C01390,15,19,44501,2,3,2,3,8,一般
C01391,1,19,52534,2,5,2,4,11,一般
C01392,2,21,49404,3,5,3,4,12,優良
C01393,40,18,41143,1,1,2,2,5,休眠・育成
C01394,2,23,52675,1,5,4,4,13,優良
C01395,14,17,35736,2,3,2,2,7,休眠・育成
C01396,35,21,45614,1,1,3,3,7,休眠・育成
C01397,5,21,54396,1,4,3,4,11,一般
C01398,15,23,58033,1,3,4,5,12,優良
C01399,50,18,44226,1,1,2,3,6,休眠・育成
C01400,20,22,52916,1,2,4,4,10,一般
C01401,4,24,50112,1,5,4,4,13,優良
C01402,66,14,25206,2,1,1,1,3,休眠・育成
C01403,21,25,50235,2,2,5,4,11,一般
C01404,17,22,42834,1,2,4,3,9,一般
C01405,13,20,40450,1,3,3,2,8,一般
C01406,31,19,37725,2,1,2,2,5,休眠・育成
C01407,2,22,50485,1,5,4,4,13,優良
C01408,25,18,32096,1,2,2,1,5,休眠・育成
C01409,23,18,43437,1,2,2,3,7,休眠・育成
C01410,2,10,28217,1,5,1,1,7,休眠・育成
C01411,18,21,38983,1,2,3,2,7,休眠・育成
C01412,3,21,51328,2,5,3,4,12,優良
C01413,21,27,48978,2,2,5,4,11,一般
C01414,40,15,37625,1,1,1,2,4,休眠・育成
C01415,8,23,48136,1,4,4,4,12,優良
C01416,13,27,52761,2,3,5,4,12,優良
C01417,59,18,36661,1,1,2,2,5,休眠・育成
C01418,4,31,58080,1,5,5,5,15,優良
C01419,3,22,50490,2,5,4,4,13,優良
C01420,11,19,42841,1,3,2,3,8,一般
C01421,17,20,39577,2,2,3,2,7,休眠・育成
C01422,9,21,53900,1,4,3,4,11,一般
C01423,5,25,52255,2,4,5,4,13,優良
C01424,9,24,57696,1,4,4,5,13,優良
C01425,23,26,70775,1,2,5,5,12,優良
C01426,31,24,47146,1,1,4,3,8,一般
C01427,19,17,28982,1,2,2,1,5,休眠・育成
C01428,4,24,51649,1,5,4,4,13,優良
C01429,39,16,33639,1,1,1,1,3,休眠・育成
C01430,4,18,38196,2,5,2,2,9,一般
C01431,7,15,28912,1,4,1,1,6,休眠・育成
C01432,11,27,57188,1,3,5,5,13,優良
C01433,7,23,60736,1,4,4,5,13,優良
C01434,13,18,32563,1,3,2,1,6,休眠・育成
C01435,63,27,61252,1,1,5,5,11,一般
C01436,1,21,45872,1,5,3,3,11,一般
C01437,1,15,29084,1,5,1,1,7,休眠・育成
C01438,3,23,55408,1,5,4,5,14,優良
C01439,32,19,34311,2,1,2,1,4,休眠・育成
C01440,28,16,34212,2,2,1,1,4,休眠・育成
C01441,3,20,48469,4,5,3,4,12,優良
C01442,25,29,71055,2,2,5,5,12,優良
C01443,2,35,73230,3,5,5,5,15,優良
C01444,8,20,43987,2,4,3,3,10,一般
C01445,17,21,44974,3,2,3,3,8,一般
C01446,15,21,44117,1,3,3,3,9,一般
C01447,11,18,35513,1,3,2,1,6,休眠・育成
C01448,15,13,30854,1,3,1,1,5,休眠・育成
C01449,29,30,57164,4,2,5,5,12,優良
C01450,6,21,38545,2,4,3,2,9,一般
C01451,33,22,41973,1,1,4,2,7,休眠・育成
C01452,10,23,55149,2,3,4,5,12,優良
C01453,8,24,47947,1,4,4,4,12,優良
C01454,8,20,35119,2,4,3,1,8,一般
C01455,31,23,45188,1,1,4,3,8,一般
C01456,17,34,69506,3,2,5,5,12,優良
C01457,55,14,28547,1,1,1,1,3,休眠・育成
C01458,17,18,33202,1,2,2,1,5,休眠・育成
C01459,3,28,58595,2,5,5,5,15,優良
C01460,25,20,33233,1,2,3,1,6,休眠・育成
C01461,2,23,50382,1,5,4,4,13,優良
C01462,1,20,42393,1,5,3,3,11,一般
C01463,70,16,34179,1,1,1,1,3,休眠・育成
C01464,13,19,39556,1,3,2,2,7,休眠・育成
C01465,18,21,47280,1,2,3,3,8,一般
C01466,3,20,47674,2,5,3,4,12,優良
C01467,57,11,26788,1,1,1,1,3,休眠・育成
C01468,30,25,43857,2,1,5,3,9,一般
C01469,25,31,58916,2,2,5,5,12,優良
C01470,6,21,40730,1,4,3,2,9,一般
C01471,8,17,33831,1,4,2,1,7,休眠・育成
C01472,2,23,52185,3,5,4,4,13,優良
C01473,3,27,60358,1,5,5,5,15,優良
C01474,16,21,47716,1,3,3,4,10,一般
C01475,6,18,41137,1,4,2,2,8,一般
C01476,13,20,47584,2,3,3,3,9,一般
C01477,20,21,47372,1,2,3,3,8,一般
C01478,10,20,40425,1,3,3,2,8,一般
C01479,8,23,46848,1,4,4,3,11,一般
C01480,9,21,45352,1,4,3,3,10,一般
C01481,23,29,54809,1,2,5,5,12,優良
C01482,24,12,34300,1,2,1,1,4,休眠・育成
C01483,24,22,54108,1,2,4,4,10,一般
C01484,15,14,26172,1,3,1,1,5,休眠・育成
C01485,8,18,32730,2,4,2,1,7,休眠・育成
C01486,2,24,56317,2,5,4,5,14,優良
C01487,8,15,29418,1,4,1,1,6,休眠・育成
C01488,2,24,47691,1,5,4,4,13,優良
C01489,14,16,23165,1,3,1,1,5,休眠・育成
C01490,4,23,41623,2,4,4,2,10,一般
C01491,14,27,61430,1,3,5,5,13,優良
C01492,14,21,53327,2,3,3,4,10,一般
C01493,39,29,61345,1,1,5,5,11,一般
C01494,5,25,53680,1,4,5,4,13,優良
C01495,7,23,55704,2,4,4,5,13,優良
C01496,5,25,63091,1,4,5,5,14,優良
C01497,6,25,51332,1,4,5,4,13,優良
C01498,4,27,57226,2,4,5,5,14,優良
C01499,3,29,60251,1,5,5,5,15,優良
C01500,43,18,44335,1,1,2,3,6,休眠・育成
C01501,8,23,44972,1,4,4,3,11,一般
C01502,3,29,64548,1,5,5,5,15,優良
C01503,21,23,62921,1,2,4,5,11,一般
C01504,4,22,50319,2,4,4,4,12,優良
C01505,1,33,74362,2,5,5,5,15,優良
C01506,32,17,37524,1,1,2,2,5,休眠・育成
C01507,21,22,46839,1,2,4,3,9,一般
C01508,4,22,50104,2,4,4,4,12,優良
C01509,28,18,39978,2,2,2,2,6,休眠・育成
C01510,23,16,39681,2,2,1,2,5,休眠・育成
C01511,1,21,37475,2,5,3,2,10,一般
C01512,1,26,59298,1,5,5,5,15,優良
C01513,21,15,27982,1,2,1,1,4,休眠・育成
C01514,34,22,51131,1,1,4,4,9,一般
C01515,1,15,29691,1,5,1,1,7,休眠・育成
C01516,2,21,46166,1,5,3,3,11,一般
C01517,12,18,36277,1,3,2,2,7,休眠・育成
C01518,14,19,35629,1,3,2,1,6,休眠・育成
C01519,10,26,52067,2,3,5,4,12,優良
C01520,20,23,46057,1,2,4,3,9,一般
C01521,43,22,51238,1,1,4,4,9,一般
C01522,3,23,36185,2,5,4,2,11,一般
C01523,46,23,44929,1,1,4,3,8,一般
C01524,12,22,52358,1,3,4,4,11,一般
C01525,55,16,38292,1,1,1,2,4,休眠・育成
C01526,7,27,62526,1,4,5,5,14,優良
C01527,15,15,36174,1,3,1,2,6,休眠・育成
C01528,2,21,47820,2,5,3,4,12,優良
C01529,11,23,48574,1,3,4,4,11,一般
C01530,16,22,52697,1,3,4,4,11,一般
C01531,9,25,49167,2,4,5,4,13,優良
C01532,24,18,45555,2,2,2,3,7,休眠・育成
C01533,49,23,46102,2,1,4,3,8,一般
C01534,10,15,42215,1,3,1,2,6,休眠・育成
C01535,2,22,53959,1,5,4,4,13,優良
C01536,6,25,55411,1,4,5,5,14,優良
C01537,56,15,23664,1,1,1,1,3,休眠・育成
C01538,10,28,58352,1,3,5,5,13,優良
C01539,28,19,46405,1,2,2,3,7,休眠・育成
C01540,4,31,73952,2,4,5,5,14,優良
C01541,17,20,42178,1,2,3,2,7,休眠・育成
C01542,44,21,49552,1,1,3,4,8,一般
C01543,5,27,51671,2,4,5,4,13,優良
C01544,14,30,61740,2,3,5,5,13,優良
C01545,46,14,27198,1,1,1,1,3,休眠・育成
C01546,3,22,38116,1,5,4,2,11,一般
C01547,18,18,38189,1,2,2,2,6,休眠・育成
C01548,20,16,27061,1,2,1,1,4,休眠・育成
C01549,4,32,59329,1,4,5,5,14,優良
C01550,38,12,28436,1,1,1,1,3,休眠・育成
C01551,15,27,58953,1,3,5,5,13,優良
C01552,1,28,56077,1,5,5,5,15,優良
C01553,7,25,51039,1,4,5,4,13,優良
C01554,1,23,53252,1,5,4,4,13,優良
C01555,1,19,36644,1,5,2,2,9,一般
C01556,5,21,55940,1,4,3,5,12,優良
C01557,9,21,36240,3,4,3,2,9,一般
C01558,15,24,42673,1,3,4,3,10,一般
C01559,7,24,44886,1,4,4,3,11,一般
C01560,7,22,44561,1,4,4,3,11,一般
C01561,4,23,52480,1,4,4,4,12,優良
C01562,10,22,55245,3,3,4,5,12,優良
C01563,8,31,66085,1,4,5,5,14,優良
C01564,47,20,38115,1,1,3,2,6,休眠・育成
C01565,19,25,61847,1,2,5,5,12,優良
C01566,22,22,43216,1,2,4,3,9,一般
C01567,18,28,68365,1,2,5,5,12,優良
C01568,6,22,47348,2,4,4,3,11,一般
C01569,39,22,55464,2,1,4,5,10,一般
C01570,3,25,52887,1,5,5,4,14,優良
C01571,75,19,39665,1,1,2,2,5,休眠・育成
C01572,5,22,41775,2,4,4,2,10,一般
C01573,18,21,49586,1,2,3,4,9,一般
C01574,7,21,39172,1,4,3,2,9,一般
C01575,4,25,53264,2,4,5,4,13,優良
C01576,5,27,60664,2,4,5,5,14,優良
C01577,27,18,38889,1,2,2,2,6,休眠・育成
C01578,19,24,42188,1,2,4,2,8,一般
C01579,18,23,45055,1,2,4,3,9,一般
C01580,27,15,31764,1,2,1,1,4,休眠・育成
C01581,41,13,26960,1,1,1,1,3,休眠・育成
C01582,9,24,43855,1,4,4,3,11,一般
C01583,11,17,39092,1,3,2,2,7,休眠・育成
C01584,13,25,64727,1,3,5,5,13,優良
C01585,7,22,43082,1,4,4,3,11,一般
C01586,1,18,45029,1,5,2,3,10,一般
C01587,1,22,40173,2,5,4,2,11,一般
C01588,5,19,47003,1,4,2,3,9,一般
C01589,9,17,35790,1,4,2,2,8,一般
C01590,10,22,37878,1,3,4,2,9,一般
C01591,11,18,36742,1,3,2,2,7,休眠・育成
C01592,23,23,56339,1,2,4,5,11,一般
C01593,5,22,51605,1,4,4,4,12,優良
C01594,1,22,43919,1,5,4,3,12,優良
C01595,15,24,50510,1,3,4,4,11,一般
C01596,41,20,46689,2,1,3,3,7,休眠・育成
C01597,56,19,40249,1,1,2,2,5,休眠・育成
C01598,18,16,26279,1,2,1,1,4,休眠・育成
C01599,11,24,46181,1,3,4,3,10,一般
C01600,32,20,33635,3,1,3,1,5,休眠・育成
C01601,22,16,26282,1,2,1,1,4,休眠・育成
C01602,18,26,60112,2,2,5,5,12,優良
C01603,20,21,44735,1,2,3,3,8,一般
C01604,3,21,52984,1,5,3,4,12,優良
C01605,22,15,32146,2,2,1,1,4,休眠・育成
C01606,18,24,47158,1,2,4,3,9,一般
C01607,3,23,49603,1,5,4,4,13,優良
C01608,37,17,30056,1,1,2,1,4,休眠・育成
C01609,75,15,29141,2,1,1,1,3,休眠・育成
C01610,36,19,39991,1,1,2,2,5,休眠・育成
C01611,16,27,48574,2,3,5,4,12,優良
C01612,22,31,78901,1,2,5,5,12,優良
C01613,19,29,56281,1,2,5,5,12,優良
C01614,13,22,50345,2,3,4,4,11,一般
C01615,18,18,45038,1,2,2,3,7,休眠・育成
C01616,23,28,62670,2,2,5,5,12,優良
C01617,7,24,61179,2,4,4,5,13,優良
C01618,4,28,65962,1,4,5,5,14,優良
C01619,7,22,55581,1,4,4,5,13,優良
C01620,53,14,24677,2,1,1,1,3,休眠・育成
C01621,33,15,34421,1,1,1,1,3,休眠・育成
C01622,2,17,38835,1,5,2,2,9,一般
C01623,5,23,45982,1,4,4,3,11,一般
C01624,47,21,51517,2,1,3,4,8,一般
C01625,18,15,29995,1,2,1,1,4,休眠・育成
C01626,3,27,52110,2,5,5,4,14,優良
C01627,7,25,51232,1,4,5,4,13,優良
C01628,34,19,32186,1,1,2,1,4,休眠・育成
C01629,33,28,62745,1,1,5,5,11,一般
C01630,3,21,54986,1,5,3,5,13,優良
C01631,16,21,48286,1,3,3,4,10,一般
C01632,24,21,49859,1,2,3,4,9,一般
C01633,3,15,32527,1,5,1,1,7,休眠・育成
C01634,3,17,34643,2,5,2,1,8,一般
C01635,11,16,40296,1,3,1,2,6,休眠・育成
C01636,3,22,60949,3,5,4,5,14,優良
C01637,32,23,48718,1,1,4,4,9,一般
C01638,4,23,52334,1,4,4,4,12,優良
C01639,10,29,53359,1,3,5,4,12,優良
C01640,40,20,50848,1,1,3,4,8,一般
C01641,98,13,30547,1,1,1,1,3,休眠・育成
C01642,25,17,37347,1,2,2,2,6,休眠・育成
C01643,18,14,30682,1,2,1,1,4,休眠・育成
C01644,15,14,35089,1,3,1,1,5,休眠・育成
C01645,3,25,56467,1,5,5,5,15,優良
C01646,4,23,55865,2,4,4,5,13,優良
C01647,43,20,40771,2,1,3,2,6,休眠・育成
C01648,27,23,42615,1,2,4,3,9,一般
C01649,31,21,36813,1,1,3,2,6,休眠・育成
C01650,21,39,101675,1,2,5,5,12,優良
C01651,1,22,47289,1,5,4,3,12,優良
C01652,37,9,20113,1,1,1,1,3,休眠・育成
C01653,9,23,53252,1,4,4,4,12,優良
C01654,11,16,28532,1,3,1,1,5,休眠・育成
C01655,12,14,33152,1,3,1,1,5,休眠・育成
C01656,4,25,50410,1,4,5,4,13,優良
C01657,13,26,54564,1,3,5,5,13,優良
C01658,25,19,37946,2,2,2,2,6,休眠・育成
C01659,11,20,50332,1,3,3,4,10,一般
C01660,50,17,32021,1,1,2,1,4,休眠・育成
C01661,2,31,65494,1,5,5,5,15,優良
C01662,1,14,34399,1,5,1,1,7,休眠・育成
C01663,25,23,42240,1,2,4,2,8,一般
C01664,1,21,44876,2,5,3,3,11,一般
C01665,3,17,27474,2,5,2,1,8,一般
C01666,5,23,51817,1,4,4,4,12,優良
C01667,51,19,36304,1,1,2,2,5,休眠・育成
C01668,24,22,45618,1,2,4,3,9,一般
C01669,4,25,55609,2,4,5,5,14,優良
C01670,43,27,56215,2,1,5,5,11,一般
C01671,25,21,55768,1,2,3,5,10,一般
C01672,9,17,46281,1,4,2,3,9,一般
C01673,7,20,39206,1,4,3,2,9,一般
C01674,1,20,42384,2,5,3,3,11,一般
C01675,11,18,36800,1,3,2,2,7,休眠・育成
C01676,11,26,52841,2,3,5,4,12,優良
C01677,16,20,41732,1,3,3,2,8,一般
C01678,28,24,55729,2,2,4,5,11,一般
C01679,13,25,63321,1,3,5,5,13,優良
C01680,9,31,67709,1,4,5,5,14,優良
C01681,2,20,45805,1,5,3,3,11,一般
C01682,10,27,63216,3,3,5,5,13,優良
C01683,2,21,44459,1,5,3,3,11,一般
C01684,15,18,33710,3,3,2,1,6,休眠・育成
C01685,16,27,51066,1,3,5,4,12,優良
C01686,30,14,33396,1,1,1,1,3,休眠・育成
C01687,14,23,41417,1,3,4,2,9,一般
C01688,1,29,55702,1,5,5,5,15,優良
C01689,7,18,38271,1,4,2,2,8,一般
C01690,22,21,41322,1,2,3,2,7,休眠・育成
C01691,15,21,58971,1,3,3,5,11,一般
C01692,77,17,36674,1,1,2,2,5,休眠・育成
C01693,12,16,37380,1,3,1,2,6,休眠・育成
C01694,37,20,57478,2,1,3,5,9,一般
C01695,5,27,51380,1,4,5,4,13,優良
C01696,12,22,43354,1,3,4,3,10,一般
C01697,1,25,57728,1,5,5,5,15,優良
C01698,58,23,44086,1,1,4,3,8,一般
C01699,7,23,43979,1,4,4,3,11,一般
C01700,14,18,40694,1,3,2,2,7,休眠・育成
C01701,26,20,43333,2,2,3,3,8,一般
C01702,3,24,52061,1,5,4,4,13,優良
C01703,10,25,56622,2,3,5,5,13,優良
C01704,1,20,44770,1,5,3,3,11,一般
C01705,34,24,51401,1,1,4,4,9,一般
C01706,9,18,46557,1,4,2,3,9,一般
C01707,10,24,49002,2,3,4,4,11,一般
C01708,7,18,39907,2,4,2,2,8,一般
C01709,36,13,29690,1,1,1,1,3,休眠・育成
C01710,3,20,34913,3,5,3,1,9,一般
C01711,2,25,55357,1,5,5,5,15,優良
C01712,2,27,61640,1,5,5,5,15,優良
C01713,20,17,33291,2,2,2,1,5,休眠・育成
C01714,56,10,26115,1,1,1,1,3,休眠・育成
C01715,19,17,30000,1,2,2,1,5,休眠・育成
C01716,44,23,66782,1,1,4,5,10,一般
C01717,106,16,34900,1,1,1,1,3,休眠・育成
C01718,32,21,46768,1,1,3,3,7,休眠・育成
C01719,14,23,59318,2,3,4,5,12,優良
C01720,14,29,73443,2,3,5,5,13,優良
C01721,32,16,29554,1,1,1,1,3,休眠・育成
C01722,25,10,18190,2,2,1,1,4,休眠・育成
C01723,45,8,16893,1,1,1,1,3,休眠・育成
C01724,1,27,52125,2,5,5,4,14,優良
C01725,17,23,43592,1,2,4,3,9,一般
C01726,1,22,55174,1,5,4,5,14,優良
C01727,22,19,43050,2,2,2,3,7,休眠・育成
C01728,3,21,50351,1,5,3,4,12,優良
C01729,19,21,46206,1,2,3,3,8,一般
C01730,12,22,53702,1,3,4,4,11,一般
C01731,1,20,37045,1,5,3,2,10,一般
C01732,3,21,42518,2,5,3,3,11,一般
C01733,41,20,43673,2,1,3,3,7,休眠・育成
C01734,8,19,52121,1,4,2,4,10,一般
C01735,27,14,31291,1,2,1,1,4,休眠・育成
C01736,4,17,38968,2,4,2,2,8,一般
C01737,12,11,28720,1,3,1,1,5,休眠・育成
C01738,24,15,47278,1,2,1,3,6,休眠・育成
C01739,1,22,49048,1,5,4,4,13,優良
C01740,19,18,45287,1,2,2,3,7,休眠・育成
C01741,7,25,50736,1,4,5,4,13,優良
C01742,38,20,40909,2,1,3,2,6,休眠・育成
C01743,12,22,58229,1,3,4,5,12,優良
C01744,20,11,28094,1,2,1,1,4,休眠・育成
C01745,15,18,32996,1,3,2,1,6,休眠・育成
C01746,6,8,23110,1,4,1,1,6,休眠・育成
C01747,15,19,43748,1,3,3,3,9,一般
C01748,65,23,44276,2,1,4,3,8,一般
C01749,11,28,63489,2,3,5,5,13,優良
C01750,11,23,51737,1,3,4,4,11,一般
C01751,15,33,80437,2,3,5,5,13,優良
C01752,12,18,39874,1,3,2,2,7,休眠・育成
C01753,35,20,47512,1,1,3,3,7,休眠・育成
C01754,7,20,47423,1,4,3,3,10,一般
C01755,5,11,25947,1,4,1,1,6,休眠・育成
C01756,30,18,45842,1,1,2,3,6,休眠・育成
C01757,5,13,26997,1,4,1,1,6,休眠・育成
C01758,27,25,51542,1,2,5,4,11,一般
C01759,1,26,49668,1,5,5,4,14,優良
C01760,2,25,49823,1,5,5,4,14,優良
C01761,4,27,51289,1,4,5,4,13,優良
C01762,52,14,30388,1,1,1,1,3,休眠・育成
C01763,24,17,45806,1,2,2,3,7,休眠・育成
C01764,13,19,38452,2,3,3,2,8,一般
C01765,15,31,62003,1,3,5,5,13,優良
C01766,16,23,57040,1,3,4,5,12,優良
C01767,9,23,51147,1,4,4,4,12,優良
C01768,18,24,44639,1,2,4,3,9,一般
C01769,5,22,49430,2,4,4,4,12,優良
C01770,7,17,41514,2,4,2,2,8,一般
C01771,18,27,57886,1,2,5,5,12,優良
C01772,1,30,55907,1,5,5,5,15,優良
C01773,34,15,30668,2,1,1,1,3,休眠・育成
C01774,21,33,70081,3,2,5,5,12,優良
C01775,14,14,24347,1,3,1,1,5,休眠・育成
C01776,10,13,22877,1,3,1,1,5,休眠・育成
C01777,6,27,54062,2,4,5,4,13,優良
C01778,39,17,31209,3,1,2,1,4,休眠・育成
C01779,14,16,47819,1,3,1,4,8,一般
C01780,52,30,76587,2,1,5,5,11,一般
C01781,5,16,45300,1,4,1,3,8,一般
C01782,43,24,62730,2,1,4,5,10,一般
C01783,7,20,42358,1,4,3,3,10,一般
C01784,20,18,37328,1,2,2,2,6,休眠・育成
C01785,17,17,35858,1,2,2,2,6,休眠・育成
C01786,11,22,44029,2,3,4,3,10,一般
C01787,1,17,33821,1,5,2,1,8,一般
C01788,4,16,26669,1,4,1,1,6,休眠・育成
C01789,10,26,55215,1,3,5,5,13,優良
C01790,1,17,35980,1,5,2,2,9,一般
C01791,4,18,53144,2,4,2,4,10,一般
C01792,1,17,33970,2,5,2,1,8,一般
C01793,9,16,34686,1,4,1,1,6,休眠・育成
C01794,42,14,32374,1,1,1,1,3,休眠・育成
C01795,13,25,56388,2,3,5,5,13,優良
C01796,3,15,31862,1,5,1,1,7,休眠・育成
C01797,28,20,52615,1,2,3,4,9,一般
C01798,24,19,36989,1,2,3,2,7,休眠・育成
C01799,6,16,32429,1,4,1,1,6,休眠・育成
C01800,7,18,43407,1,4,2,3,9,一般
C01801,2,28,51978,2,5,5,4,14,優良
C01802,17,21,51666,1,2,3,4,9,一般
C01803,4,20,45472,1,4,3,3,10,一般
C01804,10,15,33196,1,3,1,1,5,休眠・育成
C01805,29,22,43569,2,2,4,3,9,一般
C01806,62,24,47786,1,1,4,4,9,一般
C01807,6,22,45494,2,4,4,3,11,一般
C01808,33,18,28769,2,1,2,1,4,休眠・育成
C01809,25,11,24976,1,2,1,1,4,休眠・育成
C01810,11,25,57704,2,3,5,5,13,優良
C01811,71,12,27608,1,1,1,1,3,休眠・育成
C01812,22,15,43153,1,2,1,3,6,休眠・育成
C01813,4,20,40330,1,4,3,2,9,一般
C01814,42,11,25817,1,1,1,1,3,休眠・育成
C01815,23,36,87406,2,2,5,5,12,優良
C01816,9,25,50753,1,4,5,4,13,優良
C01817,16,25,57776,1,3,5,5,13,優良
C01818,8,19,43403,2,4,3,3,10,一般
C01819,34,20,50153,1,1,3,4,8,一般
C01820,22,18,47811,1,2,2,4,8,一般
C01821,19,23,47338,1,2,4,3,9,一般
C01822,7,21,56650,2,4,3,5,12,優良
C01823,20,24,61143,1,2,4,5,11,一般
C01824,1,19,45235,1,5,3,3,11,一般
C01825,15,18,50289,2,3,2,4,9,一般
C01826,17,18,40125,1,2,2,2,6,休眠・育成
C01827,23,23,51228,2,2,4,4,10,一般
C01828,2,18,31000,1,5,2,1,8,一般
C01829,25,29,66549,1,2,5,5,12,優良
C01830,1,18,41658,2,5,2,2,9,一般
C01831,70,17,31256,1,1,2,1,4,休眠・育成
C01832,12,24,59721,1,3,4,5,12,優良
C01833,11,24,56868,2,3,4,5,12,優良
C01834,6,19,43557,1,4,3,3,10,一般
C01835,3,29,62154,1,5,5,5,15,優良
C01836,11,24,54810,2,3,4,5,12,優良
C01837,4,17,38576,1,4,2,2,8,一般
C01838,5,19,47785,2,4,3,4,11,一般
C01839,1,11,22317,1,5,1,1,7,休眠・育成
C01840,7,27,67902,1,4,5,5,14,優良
C01841,1,19,41890,1,5,3,2,10,一般
C01842,4,21,49241,1,4,3,4,11,一般
C01843,50,11,20292,1,1,1,1,3,休眠・育成
C01844,28,14,25388,1,2,1,1,4,休眠・育成
C01845,6,20,42186,1,4,3,2,9,一般
C01846,1,17,32141,1,5,2,1,8,一般
C01847,53,17,40191,1,1,2,2,5,休眠・育成
C01848,80,21,36332,2,1,3,2,6,休眠・育成
C01849,28,21,45833,1,2,3,3,8,一般
C01850,4,23,49693,2,4,4,4,12,優良
C01851,17,22,44726,1,2,4,3,9,一般
C01852,26,22,51758,1,2,4,4,10,一般
C01853,1,14,36525,1,5,1,2,8,一般
C01854,4,21,49803,1,4,3,4,11,一般
C01855,3,20,44407,1,5,3,3,11,一般
C01856,1,18,41378,1,5,2,2,9,一般
C01857,43,25,52228,2,1,5,4,10,一般
C01858,5,17,41647,2,4,2,2,8,一般
C01859,25,31,71177,1,2,5,5,12,優良
C01860,87,22,44834,1,1,4,3,8,一般
C01861,10,28,74492,2,3,5,5,13,優良
C01862,3,26,51747,2,5,5,4,14,優良
C01863,17,23,44145,1,2,4,3,9,一般
C01864,34,17,46616,2,1,2,3,6,休眠・育成
C01865,29,13,34623,1,2,1,1,4,休眠・育成
C01866,15,28,66822,1,3,5,5,13,優良
C01867,16,20,46392,1,3,3,3,9,一般
C01868,14,20,39263,1,3,3,2,8,一般
C01869,19,14,25642,1,2,1,1,4,休眠・育成
C01870,3,21,54315,1,5,3,4,12,優良
C01871,10,17,41331,1,3,2,2,7,休眠・育成
C01872,7,20,48180,1,4,3,4,11,一般
C01873,9,30,62556,1,4,5,5,14,優良
C01874,3,28,63291,1,5,5,5,15,優良
C01875,32,17,41636,2,1,2,2,5,休眠・育成
C01876,20,14,41427,1,2,1,2,5,休眠・育成
C01877,21,30,58589,1,2,5,5,12,優良
C01878,3,19,49020,1,5,3,4,12,優良
C01879,27,19,42577,2,2,3,3,8,一般
C01880,14,19,44116,2,3,3,3,9,一般
C01881,23,17,38261,1,2,2,2,6,休眠・育成
C01882,5,25,53066,1,4,5,4,13,優良
C01883,46,17,35184,1,1,2,1,4,休眠・育成
C01884,99,13,26463,1,1,1,1,3,休眠・育成
C01885,6,18,31669,1,4,2,1,7,休眠・育成
C01886,29,23,54309,2,2,4,4,10,一般
C01887,5,22,58059,1,4,4,5,13,優良
C01888,14,25,55263,2,3,5,5,13,優良
C01889,10,21,39020,1,3,3,2,8,一般
C01890,45,18,41705,1,1,2,2,5,休眠・育成
C01891,8,25,55878,1,4,5,5,14,優良
C01892,9,23,52750,1,4,4,4,12,優良
C01893,17,22,43852,1,2,4,3,9,一般
C01894,4,15,36628,1,4,1,2,7,休眠・育成
C01895,19,22,49237,1,2,4,4,10,一般
C01896,16,24,49412,1,3,5,4,12,優良
C01897,12,19,40844,1,3,3,2,8,一般
C01898,18,17,34551,1,2,2,1,5,休眠・育成
C01899,20,22,43699,1,2,4,3,9,一般
C01900,2,23,45940,1,5,4,3,12,優良
C01901,25,22,41460,1,2,4,2,8,一般
C01902,1,27,61053,1,5,5,5,15,優良
C01903,4,17,31578,1,4,2,1,7,休眠・育成
C01904,38,14,31834,1,1,1,1,3,休眠・育成
C01905,32,32,66348,1,1,5,5,11,一般
C01906,2,16,31622,2,5,1,1,7,休眠・育成
C01907,13,19,47535,1,3,3,3,9,一般
C01908,18,17,40315,1,2,2,2,6,休眠・育成
C01909,30,13,33229,1,1,1,1,3,休眠・育成
C01910,16,20,40424,1,3,3,2,8,一般
C01911,20,25,51741,1,2,5,4,11,一般
C01912,4,25,59018,2,4,5,5,14,優良
C01913,5,28,57640,1,4,5,5,14,優良
C01914,22,21,42198,2,2,3,2,7,休眠・育成
C01915,30,15,31244,1,1,1,1,3,休眠・育成
C01916,2,29,76618,2,5,5,5,15,優良
C01917,46,19,37079,1,1,3,2,6,休眠・育成
C01918,11,29,69347,1,3,5,5,13,優良
C01919,16,34,76837,2,3,5,5,13,優良
C01920,12,14,25121,1,3,1,1,5,休眠・育成
C01921,19,25,54308,2,2,5,4,11,一般
C01922,31,17,32604,1,1,2,1,4,休眠・育成
C01923,9,18,28556,1,4,2,1,7,休眠・育成
C01924,46,16,31713,1,1,1,1,3,休眠・育成
C01925,61,17,35595,1,1,2,1,4,休眠・育成
C01926,45,25,58890,3,1,5,5,11,一般
C01927,47,17,33224,1,1,2,1,4,休眠・育成
C01928,25,15,42199,3,2,1,2,5,休眠・育成
C01929,8,26,56098,1,4,5,5,14,優良
C01930,20,21,54556,1,2,3,5,10,一般
C01931,88,15,33095,1,1,1,1,3,休眠・育成
C01932,34,20,46739,1,1,3,3,7,休眠・育成
C01933,5,24,50361,1,4,5,4,13,優良
C01934,50,17,35050,1,1,2,1,4,休眠・育成
C01935,24,22,40974,1,2,4,2,8,一般
C01936,7,20,46619,1,4,3,3,10,一般
C01937,29,22,46569,1,2,4,3,9,一般
C01938,3,17,36106,1,5,2,2,9,一般
C01939,27,23,46642,1,2,4,3,9,一般
C01940,18,18,45020,1,2,2,3,7,休眠・育成
C01941,1,18,40872,1,5,2,2,9,一般
C01942,1,24,48389,1,5,5,4,14,優良
C01943,2,23,42513,1,5,4,3,12,優良
C01944,21,31,67853,1,2,5,5,12,優良
C01945,59,18,37563,1,1,2,2,5,休眠・育成
C01946,25,21,43114,2,2,3,3,8,一般
C01947,6,29,63821,1,4,5,5,14,優良
C01948,7,17,44549,1,4,2,3,9,一般
C01949,10,12,28639,1,3,1,1,5,休眠・育成
C01950,4,21,49836,1,4,3,4,11,一般
C01951,10,16,33045,1,3,1,1,5,休眠・育成
C01952,18,30,64742,2,2,5,5,12,優良
C01953,12,26,56789,2,3,5,5,13,優良
C01954,5,30,61029,1,4,5,5,14,優良
C01955,11,18,38776,1,3,2,2,7,休眠・育成
C01956,7,24,63351,1,4,5,5,14,優良
C01957,56,10,26543,3,1,1,1,3,休眠・育成
C01958,8,19,44664,2,4,3,3,10,一般
C01959,1,22,44498,1,5,4,3,12,優良
C01960,15,21,52317,3,3,3,4,10,一般
C01961,38,12,31792,1,1,1,1,3,休眠・育成
C01962,10,18,45899,1,3,2,3,8,一般
C01963,42,16,30347,2,1,1,1,3,休眠・育成
C01964,58,22,45603,1,1,4,3,8,一般
C01965,37,18,42325,1,1,2,2,5,休眠・育成
C01966,21,19,34848,2,2,3,1,6,休眠・育成
C01967,42,17,44017,1,1,2,3,6,休眠・育成
C01968,66,19,34985,1,1,3,1,5,休眠・育成
C01969,52,15,26795,1,1,1,1,3,休眠・育成
C01970,79,14,28681,1,1,1,1,3,休眠・育成
C01971,6,24,49410,2,4,5,4,13,優良
C01972,5,24,53774,2,4,5,4,13,優良
C01973,3,23,48379,1,5,4,4,13,優良
C01974,1,29,58431,1,5,5,5,15,優良
C01975,18,20,42292,1,2,3,2,7,休眠・育成
C01976,25,21,45944,2,2,3,3,8,一般
C01977,8,17,39553,1,4,2,2,8,一般
C01978,31,15,29292,1,1,1,1,3,休眠・育成
C01979,40,22,48287,1,1,4,4,9,一般
C01980,17,22,50765,1,2,4,4,10,一般
C01981,5,20,44324,1,4,3,3,10,一般
C01982,19,13,28302,1,2,1,1,4,休眠・育成
C01983,2,14,33631,1,5,1,1,7,休眠・育成
C01984,41,14,30453,2,1,1,1,3,休眠・育成
C01985,4,21,43991,2,4,3,3,10,一般
C01986,31,19,35397,1,1,3,1,5,休眠・育成
C01987,20,25,61962,1,2,5,5,12,優良
C01988,35,19,34381,1,1,3,1,5,休眠・育成
C01989,3,25,58946,1,5,5,5,15,優良
C01990,4,15,31768,3,4,1,1,6,休眠・育成
C01991,28,22,47853,1,2,4,4,10,一般
C01992,4,32,81329,1,4,5,5,14,優良
C01993,17,16,40017,1,2,1,2,5,休眠・育成
C01994,9,20,41368,1,4,3,2,9,一般
C01995,31,20,39181,1,1,3,2,6,休眠・育成
C01996,13,24,49837,1,3,5,4,12,優良
C01997,36,21,49644,2,1,3,4,8,一般
C01998,50,18,40641,1,1,2,2,5,休眠・育成
C01999,56,24,55554,1,1,5,5,11,一般
C02000,9,24,51015,1,4,5,4,13,優良
