customer_id,industry,company_size,lead_source,inquiry_type
A00001,食品,小規模,Web問い合わせ,サンプル依頼
A00002,化粧品,大規模,Web問い合わせ,サンプル依頼
A00003,化粧品,小規模,営業開拓,見積依頼
A00004,その他,小規模,Web問い合わせ,サンプル依頼
A00005,その他,中規模,Web問い合わせ,サンプル依頼
A00006,化粧品,中規模,展示会,見積依頼
A00007,食品,中規模,展示会,サンプル依頼
A00008,日用品,小規模,Web問い合わせ,資料請求
A00009,研究開発,小規模,Web問い合わせ,サンプル依頼
A00010,食品,中規模,営業開拓,資料請求
A00011,食品,小規模,Web問い合わせ,資料請求
A00012,研究開発,大規模,営業開拓,情報収集
A00013,食品,小規模,Web問い合わせ,資料請求
A00014,その他,小規模,紹介,情報収集
A00015,食品,小規模,Web問い合わせ,情報収集
A00016,化粧品,中規模,展示会,資料請求
A00017,化粧品,小規模,Web問い合わせ,情報収集
A00018,化粧品,小規模,営業開拓,資料請求
A00019,その他,中規模,紹介,資料請求
A00020,日用品,小規模,紹介,資料請求
A00021,化粧品,小規模,展示会,見積依頼
A00022,化粧品,小規模,営業開拓,資料請求
A00023,研究開発,小規模,Web問い合わせ,情報収集
A00024,食品,大規模,展示会,サンプル依頼
A00025,化粧品,小規模,Web問い合わせ,資料請求
A00026,食品,小規模,Web問い合わせ,資料請求
A00027,化粧品,小規模,Web問い合わせ,情報収集
A00028,化粧品,中規模,営業開拓,資料請求
A00029,化粧品,中規模,営業開拓,情報収集
A00030,化粧品,中規模,紹介,資料請求
A00031,日用品,中規模,展示会,見積依頼
A00032,食品,小規模,展示会,資料請求
A00033,化粧品,中規模,営業開拓,資料請求
A00034,食品,小規模,営業開拓,資料請求
A00035,日用品,大規模,営業開拓,情報収集
A00036,化粧品,中規模,営業開拓,サンプル依頼
A00037,化粧品,小規模,紹介,サンプル依頼
A00038,日用品,小規模,紹介,見積依頼
A00039,食品,中規模,展示会,見積依頼
A00040,研究開発,大規模,営業開拓,サンプル依頼
A00041,日用品,小規模,Web問い合わせ,情報収集
A00042,その他,大規模,展示会,資料請求
A00043,化粧品,小規模,Web問い合わせ,サンプル依頼
A00044,化粧品,小規模,営業開拓,サンプル依頼
A00045,化粧品,大規模,Web問い合わせ,見積依頼
A00046,その他,中規模,Web問い合わせ,情報収集
A00047,日用品,中規模,営業開拓,資料請求
A00048,日用品,小規模,営業開拓,サンプル依頼
A00049,食品,中規模,展示会,サンプル依頼
A00050,化粧品,小規模,営業開拓,資料請求
A00051,化粧品,小規模,展示会,サンプル依頼
A00052,研究開発,中規模,紹介,資料請求
A00053,食品,小規模,Web問い合わせ,サンプル依頼
A00054,その他,大規模,営業開拓,見積依頼
A00055,化粧品,大規模,紹介,情報収集
A00056,その他,小規模,営業開拓,情報収集
A00057,化粧品,小規模,Web問い合わせ,資料請求
A00058,その他,小規模,Web問い合わせ,情報収集
A00059,化粧品,大規模,展示会,情報収集
A00060,化粧品,小規模,Web問い合わせ,情報収集
A00061,食品,大規模,Web問い合わせ,情報収集
A00062,日用品,中規模,紹介,情報収集
A00063,化粧品,中規模,Web問い合わせ,資料請求
A00064,研究開発,小規模,営業開拓,情報収集
A00065,その他,中規模,展示会,資料請求
A00066,化粧品,中規模,展示会,サンプル依頼
A00067,化粧品,小規模,Web問い合わせ,資料請求
A00068,研究開発,大規模,営業開拓,情報収集
A00069,化粧品,中規模,Web問い合わせ,情報収集
A00070,日用品,中規模,Web問い合わせ,資料請求
A00071,研究開発,中規模,営業開拓,見積依頼
A00072,その他,中規模,紹介,情報収集
A00073,日用品,小規模,展示会,情報収集
A00074,食品,小規模,紹介,サンプル依頼
A00075,化粧品,大規模,Web問い合わせ,資料請求
A00076,化粧品,中規模,Web問い合わせ,資料請求
A00077,化粧品,小規模,Web問い合わせ,資料請求
A00078,日用品,中規模,紹介,資料請求
A00079,化粧品,小規模,展示会,資料請求
A00080,研究開発,大規模,Web問い合わせ,資料請求
A00081,その他,小規模,Web問い合わせ,見積依頼
A00082,化粧品,小規模,展示会,見積依頼
A00083,日用品,小規模,展示会,見積依頼
A00084,その他,小規模,営業開拓,情報収集
A00085,化粧品,中規模,営業開拓,情報収集
A00086,その他,中規模,営業開拓,情報収集
A00087,研究開発,小規模,Web問い合わせ,資料請求
A00088,研究開発,中規模,Web問い合わせ,資料請求
A00089,化粧品,中規模,営業開拓,資料請求
A00090,研究開発,中規模,展示会,見積依頼
A00091,研究開発,小規模,営業開拓,見積依頼
A00092,その他,小規模,営業開拓,資料請求
A00093,日用品,小規模,展示会,見積依頼
A00094,化粧品,中規模,展示会,サンプル依頼
A00095,日用品,小規模,Web問い合わせ,サンプル依頼
A00096,食品,中規模,展示会,見積依頼
A00097,その他,小規模,展示会,サンプル依頼
A00098,食品,中規模,Web問い合わせ,情報収集
A00099,日用品,小規模,展示会,情報収集
A00100,日用品,中規模,紹介,資料請求
A00101,化粧品,小規模,Web問い合わせ,資料請求
A00102,研究開発,小規模,Web問い合わせ,資料請求
A00103,食品,小規模,展示会,サンプル依頼
A00104,日用品,大規模,営業開拓,情報収集
A00105,食品,中規模,Web問い合わせ,見積依頼
A00106,化粧品,小規模,展示会,資料請求
A00107,化粧品,小規模,Web問い合わせ,サンプル依頼
A00108,日用品,中規模,展示会,見積依頼
A00109,食品,小規模,紹介,見積依頼
A00110,食品,小規模,Web問い合わせ,情報収集
A00111,化粧品,小規模,展示会,資料請求
A00112,日用品,中規模,営業開拓,情報収集
A00113,食品,中規模,展示会,資料請求
A00114,食品,中規模,営業開拓,資料請求
A00115,日用品,中規模,展示会,資料請求
A00116,その他,小規模,営業開拓,情報収集
A00117,研究開発,小規模,紹介,サンプル依頼
A00118,日用品,小規模,紹介,サンプル依頼
A00119,研究開発,中規模,紹介,サンプル依頼
A00120,化粧品,小規模,Web問い合わせ,資料請求
A00121,研究開発,中規模,展示会,情報収集
A00122,化粧品,大規模,Web問い合わせ,情報収集
A00123,日用品,小規模,展示会,情報収集
A00124,化粧品,小規模,Web問い合わせ,資料請求
A00125,研究開発,小規模,営業開拓,資料請求
A00126,食品,大規模,展示会,資料請求
A00127,その他,小規模,Web問い合わせ,見積依頼
A00128,研究開発,中規模,紹介,サンプル依頼
A00129,その他,小規模,展示会,情報収集
A00130,研究開発,小規模,営業開拓,資料請求
A00131,食品,小規模,Web問い合わせ,見積依頼
A00132,化粧品,大規模,営業開拓,見積依頼
A00133,その他,小規模,Web問い合わせ,情報収集
A00134,化粧品,小規模,営業開拓,資料請求
A00135,その他,小規模,Web問い合わせ,情報収集
A00136,化粧品,中規模,紹介,資料請求
A00137,日用品,大規模,展示会,見積依頼
A00138,日用品,小規模,展示会,見積依頼
A00139,研究開発,中規模,営業開拓,資料請求
A00140,化粧品,大規模,展示会,サンプル依頼
A00141,食品,中規模,Web問い合わせ,サンプル依頼
A00142,日用品,小規模,営業開拓,情報収集
A00143,研究開発,中規模,Web問い合わせ,サンプル依頼
A00144,日用品,小規模,紹介,資料請求
A00145,日用品,小規模,紹介,情報収集
A00146,化粧品,小規模,展示会,見積依頼
A00147,食品,中規模,展示会,サンプル依頼
A00148,日用品,小規模,営業開拓,サンプル依頼
A00149,食品,大規模,展示会,資料請求
A00150,研究開発,中規模,展示会,サンプル依頼
A00151,その他,大規模,紹介,資料請求
A00152,化粧品,大規模,展示会,サンプル依頼
A00153,食品,小規模,営業開拓,サンプル依頼
A00154,化粧品,小規模,Web問い合わせ,資料請求
A00155,日用品,中規模,Web問い合わせ,情報収集
A00156,その他,小規模,展示会,サンプル依頼
A00157,食品,小規模,営業開拓,サンプル依頼
A00158,食品,中規模,展示会,見積依頼
A00159,食品,小規模,Web問い合わせ,情報収集
A00160,食品,中規模,Web問い合わせ,情報収集
A00161,食品,中規模,紹介,見積依頼
A00162,食品,中規模,展示会,資料請求
A00163,研究開発,小規模,営業開拓,情報収集
A00164,食品,中規模,展示会,情報収集
A00165,日用品,中規模,営業開拓,資料請求
A00166,化粧品,中規模,Web問い合わせ,資料請求
A00167,食品,中規模,営業開拓,サンプル依頼
A00168,食品,小規模,営業開拓,資料請求
A00169,その他,小規模,Web問い合わせ,見積依頼
A00170,研究開発,小規模,Web問い合わせ,サンプル依頼
A00171,化粧品,中規模,Web問い合わせ,サンプル依頼
A00172,その他,小規模,Web問い合わせ,サンプル依頼
A00173,研究開発,小規模,展示会,見積依頼
A00174,その他,中規模,展示会,サンプル依頼
A00175,研究開発,小規模,Web問い合わせ,資料請求
A00176,化粧品,中規模,Web問い合わせ,情報収集
A00177,食品,中規模,Web問い合わせ,情報収集
A00178,化粧品,中規模,紹介,サンプル依頼
A00179,日用品,小規模,Web問い合わせ,資料請求
A00180,研究開発,大規模,Web問い合わせ,見積依頼
A00181,化粧品,小規模,営業開拓,サンプル依頼
A00182,日用品,小規模,Web問い合わせ,情報収集
A00183,化粧品,小規模,Web問い合わせ,サンプル依頼
A00184,食品,中規模,紹介,サンプル依頼
A00185,化粧品,大規模,展示会,情報収集
A00186,化粧品,小規模,Web問い合わせ,情報収集
A00187,日用品,中規模,展示会,資料請求
A00188,その他,中規模,展示会,資料請求
A00189,研究開発,中規模,紹介,サンプル依頼
A00190,日用品,中規模,営業開拓,情報収集
A00191,食品,小規模,営業開拓,見積依頼
A00192,化粧品,小規模,展示会,サンプル依頼
A00193,その他,大規模,Web問い合わせ,情報収集
A00194,研究開発,中規模,Web問い合わせ,資料請求
A00195,日用品,大規模,紹介,情報収集
A00196,化粧品,中規模,Web問い合わせ,サンプル依頼
A00197,食品,大規模,展示会,見積依頼
A00198,食品,中規模,紹介,情報収集
A00199,食品,中規模,Web問い合わせ,資料請求
A00200,日用品,大規模,Web問い合わせ,サンプル依頼
A00201,日用品,中規模,展示会,情報収集
A00202,食品,大規模,Web問い合わせ,資料請求
A00203,研究開発,中規模,紹介,サンプル依頼
A00204,化粧品,中規模,Web問い合わせ,情報収集
A00205,その他,中規模,Web問い合わせ,資料請求
A00206,食品,小規模,展示会,資料請求
A00207,化粧品,小規模,紹介,サンプル依頼
A00208,化粧品,中規模,営業開拓,資料請求
A00209,食品,大規模,紹介,サンプル依頼
A00210,食品,小規模,Web問い合わせ,見積依頼
A00211,日用品,小規模,展示会,情報収集
A00212,日用品,大規模,Web問い合わせ,サンプル依頼
A00213,食品,大規模,営業開拓,資料請求
A00214,研究開発,小規模,紹介,情報収集
A00215,化粧品,小規模,Web問い合わせ,サンプル依頼
A00216,化粧品,大規模,紹介,見積依頼
A00217,その他,大規模,紹介,サンプル依頼
A00218,食品,中規模,紹介,資料請求
A00219,その他,中規模,展示会,サンプル依頼
A00220,その他,小規模,Web問い合わせ,情報収集
A00221,研究開発,小規模,Web問い合わせ,情報収集
A00222,化粧品,小規模,Web問い合わせ,情報収集
A00223,食品,小規模,展示会,サンプル依頼
A00224,研究開発,大規模,Web問い合わせ,情報収集
A00225,化粧品,中規模,営業開拓,サンプル依頼
A00226,その他,中規模,Web問い合わせ,情報収集
A00227,化粧品,中規模,展示会,資料請求
A00228,その他,小規模,展示会,情報収集
A00229,食品,小規模,営業開拓,サンプル依頼
A00230,食品,小規模,Web問い合わせ,サンプル依頼
A00231,食品,小規模,展示会,見積依頼
A00232,化粧品,中規模,営業開拓,情報収集
A00233,日用品,大規模,Web問い合わせ,サンプル依頼
A00234,日用品,中規模,営業開拓,資料請求
A00235,その他,小規模,展示会,資料請求
A00236,食品,小規模,Web問い合わせ,見積依頼
A00237,その他,中規模,紹介,情報収集
A00238,化粧品,小規模,Web問い合わせ,見積依頼
A00239,その他,小規模,Web問い合わせ,資料請求
A00240,その他,小規模,Web問い合わせ,サンプル依頼
A00241,食品,中規模,展示会,資料請求
A00242,その他,中規模,展示会,見積依頼
A00243,食品,中規模,営業開拓,情報収集
A00244,食品,大規模,営業開拓,資料請求
A00245,食品,大規模,紹介,資料請求
A00246,その他,小規模,展示会,サンプル依頼
A00247,化粧品,小規模,紹介,見積依頼
A00248,化粧品,中規模,紹介,見積依頼
A00249,化粧品,中規模,展示会,情報収集
A00250,日用品,小規模,展示会,資料請求
A00251,研究開発,小規模,営業開拓,サンプル依頼
A00252,食品,大規模,Web問い合わせ,サンプル依頼
A00253,化粧品,中規模,Web問い合わせ,資料請求
A00254,その他,小規模,Web問い合わせ,見積依頼
A00255,その他,中規模,Web問い合わせ,情報収集
A00256,化粧品,小規模,紹介,サンプル依頼
A00257,化粧品,小規模,Web問い合わせ,資料請求
A00258,日用品,小規模,展示会,サンプル依頼
A00259,食品,中規模,営業開拓,資料請求
A00260,化粧品,大規模,展示会,資料請求
A00261,日用品,小規模,紹介,資料請求
A00262,その他,小規模,営業開拓,資料請求
A00263,食品,小規模,Web問い合わせ,情報収集
A00264,日用品,小規模,営業開拓,サンプル依頼
A00265,研究開発,小規模,営業開拓,資料請求
A00266,日用品,大規模,Web問い合わせ,情報収集
A00267,食品,中規模,展示会,資料請求
A00268,日用品,小規模,Web問い合わせ,サンプル依頼
A00269,化粧品,小規模,営業開拓,資料請求
A00270,研究開発,小規模,紹介,サンプル依頼
A00271,化粧品,小規模,営業開拓,情報収集
A00272,化粧品,小規模,紹介,情報収集
A00273,化粧品,小規模,展示会,情報収集
A00274,研究開発,小規模,紹介,サンプル依頼
A00275,日用品,小規模,展示会,見積依頼
A00276,化粧品,中規模,営業開拓,情報収集
A00277,その他,大規模,紹介,情報収集
A00278,日用品,小規模,展示会,サンプル依頼
A00279,食品,大規模,Web問い合わせ,見積依頼
A00280,食品,小規模,Web問い合わせ,見積依頼
A00281,食品,小規模,Web問い合わせ,資料請求
A00282,化粧品,小規模,展示会,サンプル依頼
A00283,研究開発,小規模,営業開拓,資料請求
A00284,研究開発,小規模,展示会,資料請求
A00285,研究開発,小規模,Web問い合わせ,資料請求
A00286,食品,小規模,営業開拓,サンプル依頼
A00287,その他,小規模,Web問い合わせ,見積依頼
A00288,日用品,小規模,Web問い合わせ,見積依頼
A00289,化粧品,中規模,紹介,情報収集
A00290,化粧品,大規模,紹介,資料請求
A00291,食品,中規模,紹介,資料請求
A00292,日用品,小規模,Web問い合わせ,サンプル依頼
A00293,化粧品,小規模,Web問い合わせ,サンプル依頼
A00294,日用品,小規模,Web問い合わせ,資料請求
A00295,その他,小規模,Web問い合わせ,情報収集
A00296,日用品,中規模,紹介,資料請求
A00297,日用品,小規模,Web問い合わせ,サンプル依頼
A00298,化粧品,中規模,紹介,見積依頼
A00299,化粧品,中規模,営業開拓,見積依頼
A00300,日用品,大規模,Web問い合わせ,情報収集
A00301,食品,小規模,Web問い合わせ,情報収集
A00302,研究開発,小規模,営業開拓,見積依頼
A00303,その他,大規模,営業開拓,情報収集
A00304,食品,中規模,展示会,情報収集
A00305,化粧品,中規模,Web問い合わせ,見積依頼
A00306,研究開発,中規模,Web問い合わせ,資料請求
A00307,化粧品,中規模,営業開拓,サンプル依頼
A00308,化粧品,小規模,営業開拓,資料請求
A00309,研究開発,大規模,Web問い合わせ,資料請求
A00310,その他,小規模,Web問い合わせ,情報収集
A00311,化粧品,小規模,展示会,サンプル依頼
A00312,化粧品,小規模,紹介,資料請求
A00313,その他,小規模,展示会,情報収集
A00314,日用品,小規模,営業開拓,情報収集
A00315,その他,小規模,展示会,サンプル依頼
A00316,その他,小規模,展示会,見積依頼
A00317,化粧品,大規模,営業開拓,情報収集
A00318,日用品,中規模,Web問い合わせ,資料請求
A00319,研究開発,中規模,展示会,見積依頼
A00320,日用品,小規模,Web問い合わせ,サンプル依頼
A00321,日用品,小規模,営業開拓,見積依頼
A00322,食品,大規模,Web問い合わせ,サンプル依頼
A00323,食品,中規模,Web問い合わせ,資料請求
A00324,日用品,小規模,紹介,資料請求
A00325,化粧品,小規模,紹介,資料請求
A00326,研究開発,小規模,営業開拓,資料請求
A00327,日用品,小規模,Web問い合わせ,情報収集
A00328,化粧品,中規模,展示会,資料請求
A00329,食品,中規模,営業開拓,見積依頼
A00330,食品,小規模,営業開拓,資料請求
A00331,化粧品,大規模,Web問い合わせ,見積依頼
A00332,日用品,大規模,Web問い合わせ,情報収集
A00333,日用品,中規模,営業開拓,資料請求
A00334,その他,中規模,Web問い合わせ,見積依頼
A00335,化粧品,大規模,営業開拓,資料請求
A00336,日用品,中規模,紹介,資料請求
A00337,化粧品,大規模,展示会,サンプル依頼
A00338,その他,小規模,展示会,資料請求
A00339,研究開発,中規模,展示会,サンプル依頼
A00340,研究開発,小規模,Web問い合わせ,資料請求
A00341,食品,小規模,Web問い合わせ,見積依頼
A00342,研究開発,中規模,展示会,情報収集
A00343,化粧品,小規模,紹介,情報収集
A00344,化粧品,中規模,Web問い合わせ,資料請求
A00345,化粧品,小規模,Web問い合わせ,情報収集
A00346,化粧品,小規模,Web問い合わせ,資料請求
A00347,食品,小規模,展示会,資料請求
A00348,化粧品,大規模,Web問い合わせ,資料請求
A00349,日用品,中規模,営業開拓,情報収集
A00350,研究開発,中規模,紹介,見積依頼
A00351,食品,大規模,Web問い合わせ,見積依頼
A00352,日用品,小規模,紹介,資料請求
A00353,食品,中規模,営業開拓,サンプル依頼
A00354,日用品,中規模,紹介,サンプル依頼
A00355,化粧品,中規模,Web問い合わせ,情報収集
A00356,その他,小規模,営業開拓,見積依頼
A00357,化粧品,小規模,営業開拓,資料請求
A00358,食品,中規模,展示会,情報収集
A00359,化粧品,大規模,展示会,見積依頼
A00360,化粧品,中規模,展示会,資料請求
A00361,日用品,中規模,営業開拓,サンプル依頼
A00362,その他,小規模,Web問い合わせ,資料請求
A00363,化粧品,中規模,Web問い合わせ,サンプル依頼
A00364,研究開発,中規模,展示会,サンプル依頼
A00365,その他,中規模,Web問い合わせ,見積依頼
A00366,日用品,中規模,展示会,サンプル依頼
A00367,化粧品,大規模,営業開拓,情報収集
A00368,食品,小規模,紹介,見積依頼
A00369,食品,小規模,営業開拓,資料請求
A00370,食品,小規模,展示会,資料請求
A00371,食品,大規模,Web問い合わせ,情報収集
A00372,日用品,小規模,営業開拓,資料請求
A00373,化粧品,小規模,展示会,サンプル依頼
A00374,日用品,中規模,展示会,情報収集
A00375,食品,小規模,営業開拓,資料請求
A00376,化粧品,小規模,展示会,情報収集
A00377,化粧品,大規模,Web問い合わせ,資料請求
A00378,食品,小規模,Web問い合わせ,資料請求
A00379,食品,小規模,紹介,情報収集
A00380,その他,大規模,Web問い合わせ,サンプル依頼
A00381,研究開発,大規模,紹介,情報収集
A00382,食品,中規模,営業開拓,資料請求
A00383,研究開発,小規模,Web問い合わせ,資料請求
A00384,日用品,小規模,営業開拓,情報収集
A00385,食品,中規模,Web問い合わせ,情報収集
A00386,化粧品,中規模,展示会,見積依頼
A00387,その他,小規模,営業開拓,情報収集
A00388,化粧品,中規模,Web問い合わせ,資料請求
A00389,化粧品,中規模,紹介,情報収集
A00390,研究開発,小規模,展示会,資料請求
A00391,食品,小規模,展示会,資料請求
A00392,日用品,小規模,展示会,見積依頼
A00393,化粧品,中規模,展示会,情報収集
A00394,研究開発,小規模,展示会,サンプル依頼
A00395,食品,大規模,Web問い合わせ,情報収集
A00396,食品,小規模,Web問い合わせ,情報収集
A00397,化粧品,中規模,Web問い合わせ,サンプル依頼
A00398,化粧品,大規模,営業開拓,情報収集
A00399,食品,小規模,展示会,サンプル依頼
A00400,化粧品,中規模,展示会,資料請求
A00401,食品,中規模,紹介,情報収集
A00402,食品,中規模,展示会,資料請求
A00403,食品,小規模,営業開拓,見積依頼
A00404,食品,中規模,営業開拓,資料請求
A00405,日用品,中規模,紹介,サンプル依頼
A00406,化粧品,中規模,営業開拓,情報収集
A00407,研究開発,中規模,展示会,サンプル依頼
A00408,化粧品,中規模,展示会,資料請求
A00409,食品,大規模,Web問い合わせ,サンプル依頼
A00410,日用品,中規模,展示会,資料請求
A00411,その他,小規模,Web問い合わせ,サンプル依頼
A00412,化粧品,大規模,Web問い合わせ,情報収集
A00413,その他,大規模,Web問い合わせ,情報収集
A00414,化粧品,小規模,Web問い合わせ,情報収集
A00415,日用品,中規模,展示会,情報収集
A00416,食品,小規模,営業開拓,資料請求
A00417,化粧品,中規模,営業開拓,情報収集
A00418,食品,中規模,Web問い合わせ,サンプル依頼
A00419,化粧品,中規模,Web問い合わせ,情報収集
A00420,食品,中規模,展示会,サンプル依頼
A00421,日用品,小規模,営業開拓,資料請求
A00422,日用品,小規模,Web問い合わせ,情報収集
A00423,食品,中規模,展示会,見積依頼
A00424,食品,中規模,営業開拓,サンプル依頼
A00425,化粧品,小規模,展示会,情報収集
A00426,食品,中規模,紹介,情報収集
A00427,食品,小規模,Web問い合わせ,サンプル依頼
A00428,化粧品,中規模,営業開拓,資料請求
A00429,その他,小規模,紹介,資料請求
A00430,その他,大規模,Web問い合わせ,見積依頼
A00431,化粧品,中規模,営業開拓,サンプル依頼
A00432,化粧品,小規模,営業開拓,サンプル依頼
A00433,その他,大規模,紹介,情報収集
A00434,化粧品,小規模,Web問い合わせ,情報収集
A00435,化粧品,大規模,紹介,情報収集
A00436,その他,小規模,Web問い合わせ,資料請求
A00437,その他,小規模,Web問い合わせ,サンプル依頼
A00438,化粧品,小規模,紹介,資料請求
A00439,日用品,大規模,Web問い合わせ,資料請求
A00440,食品,小規模,営業開拓,資料請求
A00441,食品,中規模,営業開拓,サンプル依頼
A00442,化粧品,小規模,営業開拓,サンプル依頼
A00443,食品,大規模,営業開拓,資料請求
A00444,その他,中規模,展示会,情報収集
A00445,化粧品,小規模,営業開拓,見積依頼
A00446,化粧品,中規模,展示会,サンプル依頼
A00447,その他,小規模,営業開拓,サンプル依頼
A00448,その他,中規模,展示会,資料請求
A00449,研究開発,小規模,紹介,情報収集
A00450,日用品,小規模,展示会,見積依頼
A00451,食品,小規模,Web問い合わせ,情報収集
A00452,食品,大規模,Web問い合わせ,サンプル依頼
A00453,その他,中規模,営業開拓,資料請求
A00454,その他,中規模,営業開拓,資料請求
A00455,化粧品,中規模,営業開拓,情報収集
A00456,研究開発,中規模,Web問い合わせ,見積依頼
A00457,研究開発,小規模,紹介,見積依頼
A00458,化粧品,小規模,Web問い合わせ,サンプル依頼
A00459,食品,中規模,Web問い合わせ,資料請求
A00460,その他,小規模,紹介,情報収集
A00461,化粧品,大規模,Web問い合わせ,サンプル依頼
A00462,日用品,中規模,展示会,資料請求
A00463,化粧品,中規模,展示会,見積依頼
A00464,その他,大規模,営業開拓,情報収集
A00465,日用品,小規模,Web問い合わせ,見積依頼
A00466,化粧品,小規模,Web問い合わせ,資料請求
A00467,化粧品,中規模,Web問い合わせ,資料請求
A00468,化粧品,中規模,展示会,見積依頼
A00469,研究開発,中規模,営業開拓,サンプル依頼
A00470,研究開発,中規模,展示会,サンプル依頼
A00471,化粧品,大規模,営業開拓,サンプル依頼
A00472,日用品,中規模,展示会,サンプル依頼
A00473,食品,中規模,Web問い合わせ,資料請求
A00474,その他,大規模,展示会,資料請求
A00475,食品,小規模,Web問い合わせ,資料請求
A00476,化粧品,中規模,紹介,サンプル依頼
A00477,食品,大規模,営業開拓,サンプル依頼
A00478,その他,小規模,展示会,資料請求
A00479,化粧品,小規模,Web問い合わせ,資料請求
A00480,研究開発,中規模,営業開拓,情報収集
A00481,化粧品,中規模,営業開拓,資料請求
A00482,日用品,小規模,紹介,資料請求
A00483,その他,小規模,Web問い合わせ,見積依頼
A00484,研究開発,大規模,Web問い合わせ,資料請求
A00485,食品,小規模,営業開拓,情報収集
A00486,その他,中規模,展示会,資料請求
A00487,その他,小規模,Web問い合わせ,サンプル依頼
A00488,研究開発,小規模,Web問い合わせ,サンプル依頼
A00489,その他,小規模,Web問い合わせ,情報収集
A00490,食品,小規模,展示会,情報収集
A00491,その他,小規模,営業開拓,資料請求
A00492,化粧品,小規模,営業開拓,見積依頼
A00493,日用品,中規模,Web問い合わせ,資料請求
A00494,化粧品,中規模,展示会,サンプル依頼
A00495,食品,小規模,紹介,サンプル依頼
A00496,化粧品,小規模,Web問い合わせ,資料請求
A00497,研究開発,大規模,Web問い合わせ,見積依頼
A00498,食品,小規模,紹介,資料請求
A00499,日用品,大規模,営業開拓,情報収集
A00500,食品,中規模,展示会,資料請求
A00501,研究開発,中規模,営業開拓,資料請求
A00502,化粧品,小規模,Web問い合わせ,情報収集
A00503,日用品,中規模,紹介,資料請求
A00504,研究開発,中規模,展示会,サンプル依頼
A00505,化粧品,大規模,展示会,見積依頼
A00506,日用品,小規模,Web問い合わせ,サンプル依頼
A00507,食品,大規模,営業開拓,資料請求
A00508,食品,中規模,展示会,情報収集
A00509,研究開発,小規模,Web問い合わせ,情報収集
A00510,化粧品,中規模,Web問い合わせ,情報収集
A00511,食品,大規模,Web問い合わせ,情報収集
A00512,化粧品,大規模,営業開拓,資料請求
A00513,研究開発,小規模,展示会,資料請求
A00514,日用品,中規模,Web問い合わせ,見積依頼
A00515,化粧品,中規模,営業開拓,サンプル依頼
A00516,化粧品,小規模,Web問い合わせ,資料請求
A00517,食品,小規模,展示会,情報収集
A00518,食品,小規模,Web問い合わせ,資料請求
A00519,その他,小規模,紹介,情報収集
A00520,化粧品,小規模,紹介,情報収集
A00521,研究開発,中規模,営業開拓,情報収集
A00522,化粧品,小規模,Web問い合わせ,資料請求
A00523,化粧品,大規模,営業開拓,見積依頼
A00524,研究開発,小規模,Web問い合わせ,サンプル依頼
A00525,研究開発,小規模,Web問い合わせ,資料請求
A00526,日用品,小規模,営業開拓,情報収集
A00527,日用品,小規模,紹介,見積依頼
A00528,研究開発,中規模,Web問い合わせ,資料請求
A00529,その他,中規模,Web問い合わせ,情報収集
A00530,日用品,大規模,紹介,資料請求
A00531,日用品,小規模,紹介,サンプル依頼
A00532,日用品,中規模,Web問い合わせ,サンプル依頼
A00533,日用品,小規模,展示会,資料請求
A00534,化粧品,大規模,紹介,資料請求
A00535,日用品,中規模,展示会,資料請求
A00536,化粧品,小規模,営業開拓,資料請求
A00537,日用品,中規模,Web問い合わせ,資料請求
A00538,化粧品,大規模,Web問い合わせ,情報収集
A00539,化粧品,大規模,営業開拓,資料請求
A00540,化粧品,中規模,Web問い合わせ,資料請求
A00541,日用品,中規模,紹介,資料請求
A00542,化粧品,小規模,紹介,資料請求
A00543,化粧品,大規模,Web問い合わせ,情報収集
A00544,研究開発,小規模,Web問い合わせ,見積依頼
A00545,その他,小規模,Web問い合わせ,サンプル依頼
A00546,研究開発,中規模,展示会,サンプル依頼
A00547,化粧品,小規模,展示会,資料請求
A00548,化粧品,小規模,Web問い合わせ,情報収集
A00549,研究開発,中規模,営業開拓,情報収集
A00550,食品,中規模,紹介,資料請求
A00551,日用品,大規模,営業開拓,資料請求
A00552,食品,大規模,Web問い合わせ,サンプル依頼
A00553,化粧品,中規模,Web問い合わせ,情報収集
A00554,日用品,大規模,紹介,資料請求
A00555,食品,小規模,営業開拓,資料請求
A00556,食品,小規模,営業開拓,サンプル依頼
A00557,化粧品,小規模,展示会,見積依頼
A00558,食品,中規模,Web問い合わせ,見積依頼
A00559,その他,中規模,紹介,サンプル依頼
A00560,その他,大規模,紹介,資料請求
A00561,日用品,大規模,営業開拓,サンプル依頼
A00562,日用品,中規模,紹介,資料請求
A00563,日用品,小規模,Web問い合わせ,サンプル依頼
A00564,化粧品,小規模,営業開拓,資料請求
A00565,研究開発,中規模,紹介,見積依頼
A00566,日用品,小規模,営業開拓,情報収集
A00567,その他,小規模,Web問い合わせ,サンプル依頼
A00568,研究開発,小規模,Web問い合わせ,サンプル依頼
A00569,化粧品,小規模,紹介,情報収集
A00570,日用品,小規模,営業開拓,サンプル依頼
A00571,化粧品,小規模,Web問い合わせ,資料請求
A00572,化粧品,中規模,営業開拓,情報収集
A00573,化粧品,小規模,営業開拓,情報収集
A00574,化粧品,小規模,Web問い合わせ,資料請求
A00575,食品,小規模,Web問い合わせ,情報収集
A00576,食品,小規模,紹介,情報収集
A00577,日用品,大規模,Web問い合わせ,資料請求
A00578,食品,中規模,紹介,情報収集
A00579,化粧品,小規模,営業開拓,情報収集
A00580,日用品,中規模,紹介,見積依頼
A00581,化粧品,中規模,Web問い合わせ,資料請求
A00582,研究開発,中規模,営業開拓,サンプル依頼
A00583,化粧品,中規模,営業開拓,情報収集
A00584,日用品,中規模,紹介,資料請求
A00585,化粧品,小規模,営業開拓,サンプル依頼
A00586,化粧品,中規模,紹介,サンプル依頼
A00587,化粧品,小規模,Web問い合わせ,サンプル依頼
A00588,その他,大規模,紹介,資料請求
A00589,日用品,中規模,Web問い合わせ,サンプル依頼
A00590,食品,中規模,営業開拓,サンプル依頼
A00591,研究開発,中規模,展示会,資料請求
A00592,その他,中規模,展示会,情報収集
A00593,日用品,中規模,Web問い合わせ,資料請求
A00594,化粧品,小規模,展示会,資料請求
A00595,研究開発,中規模,営業開拓,見積依頼
A00596,その他,大規模,Web問い合わせ,資料請求
A00597,研究開発,大規模,展示会,資料請求
A00598,その他,小規模,Web問い合わせ,資料請求
A00599,日用品,中規模,展示会,見積依頼
A00600,化粧品,大規模,Web問い合わせ,見積依頼
A00601,化粧品,小規模,Web問い合わせ,資料請求
A00602,化粧品,小規模,紹介,サンプル依頼
A00603,化粧品,小規模,展示会,サンプル依頼
A00604,食品,小規模,展示会,資料請求
A00605,その他,小規模,Web問い合わせ,情報収集
A00606,食品,中規模,Web問い合わせ,情報収集
A00607,その他,小規模,営業開拓,情報収集
A00608,日用品,中規模,展示会,資料請求
A00609,研究開発,中規模,展示会,資料請求
A00610,研究開発,中規模,営業開拓,情報収集
A00611,その他,小規模,紹介,サンプル依頼
A00612,化粧品,小規模,Web問い合わせ,サンプル依頼
A00613,化粧品,大規模,Web問い合わせ,見積依頼
A00614,研究開発,小規模,営業開拓,情報収集
A00615,その他,中規模,営業開拓,見積依頼
A00616,化粧品,小規模,営業開拓,サンプル依頼
A00617,化粧品,中規模,営業開拓,資料請求
A00618,化粧品,中規模,営業開拓,資料請求
A00619,食品,中規模,営業開拓,情報収集
A00620,化粧品,中規模,Web問い合わせ,資料請求
A00621,研究開発,小規模,展示会,サンプル依頼
A00622,日用品,小規模,営業開拓,情報収集
A00623,日用品,小規模,Web問い合わせ,資料請求
A00624,研究開発,小規模,営業開拓,資料請求
A00625,研究開発,中規模,紹介,サンプル依頼
A00626,日用品,小規模,紹介,サンプル依頼
A00627,その他,小規模,展示会,資料請求
A00628,化粧品,中規模,紹介,資料請求
A00629,研究開発,中規模,営業開拓,情報収集
A00630,その他,中規模,紹介,情報収集
A00631,日用品,中規模,Web問い合わせ,サンプル依頼
A00632,研究開発,小規模,営業開拓,サンプル依頼
A00633,日用品,中規模,営業開拓,情報収集
A00634,その他,中規模,営業開拓,サンプル依頼
A00635,日用品,小規模,Web問い合わせ,見積依頼
A00636,研究開発,中規模,営業開拓,情報収集
A00637,日用品,中規模,紹介,サンプル依頼
A00638,その他,小規模,Web問い合わせ,資料請求
A00639,食品,大規模,Web問い合わせ,資料請求
A00640,食品,大規模,営業開拓,サンプル依頼
A00641,食品,中規模,Web問い合わせ,情報収集
A00642,食品,小規模,営業開拓,資料請求
A00643,化粧品,中規模,Web問い合わせ,サンプル依頼
A00644,研究開発,大規模,展示会,資料請求
A00645,日用品,中規模,Web問い合わせ,見積依頼
A00646,研究開発,小規模,営業開拓,資料請求
A00647,化粧品,小規模,Web問い合わせ,情報収集
A00648,食品,中規模,営業開拓,サンプル依頼
A00649,研究開発,中規模,Web問い合わせ,情報収集
A00650,研究開発,小規模,紹介,資料請求
A00651,その他,中規模,展示会,資料請求
A00652,日用品,小規模,紹介,見積依頼
A00653,その他,中規模,紹介,見積依頼
A00654,研究開発,大規模,営業開拓,資料請求
A00655,食品,中規模,Web問い合わせ,サンプル依頼
A00656,その他,中規模,営業開拓,情報収集
A00657,その他,大規模,展示会,サンプル依頼
A00658,食品,大規模,Web問い合わせ,サンプル依頼
A00659,化粧品,小規模,Web問い合わせ,資料請求
A00660,日用品,小規模,営業開拓,サンプル依頼
A00661,その他,中規模,営業開拓,サンプル依頼
A00662,研究開発,小規模,営業開拓,見積依頼
A00663,その他,小規模,営業開拓,見積依頼
A00664,研究開発,中規模,紹介,情報収集
A00665,食品,中規模,Web問い合わせ,サンプル依頼
A00666,日用品,中規模,Web問い合わせ,サンプル依頼
A00667,食品,中規模,紹介,サンプル依頼
A00668,化粧品,小規模,紹介,見積依頼
A00669,化粧品,小規模,Web問い合わせ,サンプル依頼
A00670,化粧品,小規模,紹介,情報収集
A00671,研究開発,中規模,展示会,情報収集
A00672,日用品,小規模,Web問い合わせ,サンプル依頼
A00673,化粧品,小規模,紹介,見積依頼
A00674,その他,小規模,展示会,情報収集
A00675,化粧品,小規模,展示会,見積依頼
A00676,日用品,大規模,営業開拓,見積依頼
A00677,日用品,中規模,紹介,情報収集
A00678,化粧品,小規模,紹介,資料請求
A00679,研究開発,中規模,展示会,資料請求
A00680,その他,小規模,Web問い合わせ,資料請求
A00681,研究開発,中規模,Web問い合わせ,見積依頼
A00682,食品,小規模,Web問い合わせ,資料請求
A00683,研究開発,小規模,Web問い合わせ,資料請求
A00684,その他,大規模,Web問い合わせ,情報収集
A00685,研究開発,中規模,紹介,情報収集
A00686,化粧品,中規模,Web問い合わせ,見積依頼
A00687,その他,大規模,展示会,見積依頼
A00688,その他,中規模,営業開拓,資料請求
A00689,日用品,小規模,展示会,サンプル依頼
A00690,日用品,大規模,Web問い合わせ,資料請求
A00691,その他,小規模,Web問い合わせ,資料請求
A00692,化粧品,小規模,展示会,見積依頼
A00693,日用品,中規模,営業開拓,資料請求
A00694,化粧品,小規模,展示会,見積依頼
A00695,日用品,中規模,Web問い合わせ,見積依頼
A00696,食品,中規模,営業開拓,資料請求
A00697,日用品,大規模,Web問い合わせ,見積依頼
A00698,研究開発,中規模,紹介,資料請求
A00699,化粧品,中規模,Web問い合わせ,資料請求
A00700,化粧品,中規模,営業開拓,サンプル依頼
A00701,日用品,小規模,紹介,資料請求
A00702,研究開発,小規模,営業開拓,資料請求
A00703,日用品,小規模,展示会,サンプル依頼
A00704,化粧品,中規模,展示会,見積依頼
A00705,研究開発,中規模,紹介,情報収集
A00706,研究開発,中規模,展示会,資料請求
A00707,食品,中規模,Web問い合わせ,資料請求
A00708,食品,中規模,展示会,資料請求
A00709,日用品,小規模,営業開拓,情報収集
A00710,食品,小規模,展示会,情報収集
A00711,食品,中規模,展示会,見積依頼
A00712,化粧品,中規模,営業開拓,情報収集
A00713,研究開発,中規模,展示会,情報収集
A00714,日用品,中規模,Web問い合わせ,資料請求
A00715,食品,小規模,展示会,情報収集
A00716,日用品,小規模,営業開拓,資料請求
A00717,その他,小規模,展示会,資料請求
A00718,研究開発,小規模,紹介,情報収集
A00719,化粧品,小規模,Web問い合わせ,情報収集
A00720,研究開発,小規模,紹介,サンプル依頼
A00721,化粧品,小規模,紹介,資料請求
A00722,日用品,大規模,Web問い合わせ,見積依頼
A00723,化粧品,中規模,営業開拓,資料請求
A00724,その他,小規模,Web問い合わせ,見積依頼
A00725,化粧品,中規模,営業開拓,資料請求
A00726,その他,中規模,Web問い合わせ,サンプル依頼
A00727,日用品,小規模,Web問い合わせ,資料請求
A00728,食品,中規模,紹介,サンプル依頼
A00729,研究開発,中規模,展示会,情報収集
A00730,研究開発,小規模,紹介,資料請求
A00731,その他,小規模,展示会,情報収集
A00732,食品,中規模,展示会,資料請求
A00733,その他,大規模,紹介,資料請求
A00734,日用品,小規模,Web問い合わせ,見積依頼
A00735,化粧品,大規模,展示会,見積依頼
A00736,食品,小規模,営業開拓,サンプル依頼
A00737,研究開発,小規模,Web問い合わせ,資料請求
A00738,その他,小規模,営業開拓,資料請求
A00739,研究開発,中規模,展示会,資料請求
A00740,食品,中規模,紹介,情報収集
A00741,その他,中規模,Web問い合わせ,見積依頼
A00742,日用品,小規模,紹介,サンプル依頼
A00743,化粧品,小規模,展示会,情報収集
A00744,化粧品,中規模,営業開拓,見積依頼
A00745,食品,中規模,Web問い合わせ,サンプル依頼
A00746,その他,中規模,Web問い合わせ,サンプル依頼
A00747,化粧品,小規模,紹介,見積依頼
A00748,研究開発,大規模,紹介,サンプル依頼
A00749,その他,中規模,営業開拓,情報収集
A00750,その他,小規模,展示会,サンプル依頼
A00751,日用品,小規模,展示会,サンプル依頼
A00752,日用品,小規模,営業開拓,見積依頼
A00753,化粧品,小規模,Web問い合わせ,情報収集
A00754,化粧品,小規模,展示会,資料請求
A00755,化粧品,中規模,Web問い合わせ,資料請求
A00756,日用品,小規模,展示会,資料請求
A00757,研究開発,小規模,営業開拓,情報収集
A00758,日用品,中規模,営業開拓,見積依頼
A00759,食品,大規模,Web問い合わせ,サンプル依頼
A00760,食品,大規模,展示会,資料請求
A00761,日用品,小規模,営業開拓,サンプル依頼
A00762,日用品,大規模,展示会,情報収集
A00763,食品,大規模,Web問い合わせ,見積依頼
A00764,食品,大規模,Web問い合わせ,資料請求
A00765,化粧品,小規模,Web問い合わせ,見積依頼
A00766,その他,中規模,紹介,サンプル依頼
A00767,化粧品,中規模,Web問い合わせ,資料請求
A00768,化粧品,小規模,営業開拓,情報収集
A00769,日用品,小規模,紹介,情報収集
A00770,化粧品,大規模,展示会,サンプル依頼
A00771,食品,大規模,営業開拓,資料請求
A00772,日用品,大規模,Web問い合わせ,サンプル依頼
A00773,化粧品,中規模,展示会,情報収集
A00774,化粧品,小規模,Web問い合わせ,資料請求
A00775,研究開発,小規模,営業開拓,サンプル依頼
A00776,研究開発,大規模,営業開拓,サンプル依頼
A00777,日用品,中規模,紹介,資料請求
A00778,日用品,中規模,展示会,サンプル依頼
A00779,食品,中規模,Web問い合わせ,見積依頼
A00780,化粧品,小規模,Web問い合わせ,サンプル依頼
A00781,化粧品,大規模,営業開拓,情報収集
A00782,その他,中規模,紹介,資料請求
A00783,食品,小規模,営業開拓,資料請求
A00784,日用品,中規模,展示会,情報収集
A00785,その他,小規模,Web問い合わせ,見積依頼
A00786,化粧品,小規模,展示会,資料請求
A00787,研究開発,小規模,営業開拓,情報収集
A00788,化粧品,小規模,営業開拓,情報収集
A00789,研究開発,大規模,展示会,見積依頼
A00790,化粧品,小規模,紹介,見積依頼
A00791,日用品,小規模,展示会,資料請求
A00792,化粧品,中規模,営業開拓,資料請求
A00793,その他,中規模,Web問い合わせ,サンプル依頼
A00794,化粧品,中規模,展示会,情報収集
A00795,化粧品,小規模,Web問い合わせ,情報収集
A00796,化粧品,大規模,営業開拓,情報収集
A00797,日用品,小規模,営業開拓,資料請求
A00798,化粧品,中規模,営業開拓,見積依頼
A00799,その他,小規模,営業開拓,情報収集
A00800,日用品,中規模,Web問い合わせ,資料請求
A00801,日用品,小規模,Web問い合わせ,情報収集
A00802,化粧品,中規模,Web問い合わせ,資料請求
A00803,食品,大規模,Web問い合わせ,資料請求
A00804,日用品,小規模,Web問い合わせ,サンプル依頼
A00805,その他,大規模,Web問い合わせ,サンプル依頼
A00806,化粧品,小規模,展示会,情報収集
A00807,その他,中規模,営業開拓,情報収集
A00808,その他,小規模,展示会,情報収集
A00809,日用品,小規模,Web問い合わせ,サンプル依頼
A00810,日用品,小規模,営業開拓,情報収集
A00811,食品,中規模,展示会,サンプル依頼
A00812,化粧品,大規模,展示会,資料請求
A00813,日用品,大規模,Web問い合わせ,情報収集
A00814,研究開発,大規模,紹介,資料請求
A00815,日用品,小規模,Web問い合わせ,資料請求
A00816,食品,小規模,Web問い合わせ,情報収集
A00817,研究開発,大規模,紹介,見積依頼
A00818,化粧品,小規模,営業開拓,資料請求
A00819,化粧品,小規模,Web問い合わせ,資料請求
A00820,研究開発,小規模,展示会,資料請求
A00821,研究開発,中規模,展示会,サンプル依頼
A00822,研究開発,大規模,Web問い合わせ,見積依頼
A00823,日用品,小規模,Web問い合わせ,情報収集
A00824,研究開発,大規模,営業開拓,資料請求
A00825,化粧品,大規模,営業開拓,サンプル依頼
A00826,食品,中規模,Web問い合わせ,サンプル依頼
A00827,食品,中規模,展示会,サンプル依頼
A00828,化粧品,中規模,営業開拓,見積依頼
A00829,その他,中規模,Web問い合わせ,情報収集
A00830,その他,中規模,紹介,情報収集
A00831,研究開発,小規模,営業開拓,サンプル依頼
A00832,食品,中規模,Web問い合わせ,見積依頼
A00833,化粧品,大規模,Web問い合わせ,情報収集
A00834,日用品,中規模,紹介,資料請求
A00835,日用品,小規模,展示会,サンプル依頼
A00836,化粧品,中規模,紹介,見積依頼
A00837,日用品,小規模,営業開拓,見積依頼
A00838,化粧品,中規模,展示会,資料請求
A00839,化粧品,大規模,展示会,資料請求
A00840,研究開発,小規模,展示会,資料請求
A00841,その他,中規模,Web問い合わせ,情報収集
A00842,研究開発,小規模,Web問い合わせ,資料請求
A00843,研究開発,中規模,展示会,サンプル依頼
A00844,日用品,小規模,紹介,情報収集
A00845,日用品,小規模,Web問い合わせ,情報収集
A00846,日用品,小規模,Web問い合わせ,資料請求
A00847,研究開発,小規模,営業開拓,サンプル依頼
A00848,その他,小規模,Web問い合わせ,資料請求
A00849,化粧品,中規模,Web問い合わせ,資料請求
A00850,日用品,小規模,展示会,資料請求
A00851,化粧品,大規模,営業開拓,見積依頼
A00852,日用品,中規模,営業開拓,資料請求
A00853,その他,小規模,営業開拓,資料請求
A00854,研究開発,小規模,Web問い合わせ,見積依頼
A00855,化粧品,大規模,Web問い合わせ,資料請求
A00856,その他,小規模,紹介,資料請求
A00857,食品,中規模,Web問い合わせ,サンプル依頼
A00858,化粧品,小規模,営業開拓,見積依頼
A00859,化粧品,小規模,展示会,資料請求
A00860,研究開発,中規模,営業開拓,サンプル依頼
A00861,食品,大規模,展示会,資料請求
A00862,研究開発,中規模,展示会,資料請求
A00863,その他,大規模,展示会,サンプル依頼
A00864,化粧品,中規模,展示会,情報収集
A00865,化粧品,小規模,営業開拓,サンプル依頼
A00866,食品,中規模,Web問い合わせ,資料請求
A00867,研究開発,中規模,Web問い合わせ,情報収集
A00868,研究開発,小規模,営業開拓,見積依頼
A00869,食品,大規模,営業開拓,資料請求
A00870,食品,中規模,Web問い合わせ,サンプル依頼
A00871,食品,小規模,Web問い合わせ,サンプル依頼
A00872,化粧品,小規模,営業開拓,情報収集
A00873,その他,中規模,営業開拓,見積依頼
A00874,日用品,中規模,営業開拓,資料請求
A00875,化粧品,中規模,展示会,見積依頼
A00876,研究開発,小規模,紹介,情報収集
A00877,化粧品,中規模,紹介,見積依頼
A00878,食品,小規模,展示会,情報収集
A00879,化粧品,小規模,Web問い合わせ,情報収集
A00880,その他,小規模,Web問い合わせ,資料請求
A00881,食品,中規模,Web問い合わせ,情報収集
A00882,その他,大規模,展示会,情報収集
A00883,食品,大規模,Web問い合わせ,資料請求
A00884,化粧品,小規模,展示会,資料請求
A00885,化粧品,中規模,Web問い合わせ,資料請求
A00886,食品,小規模,Web問い合わせ,資料請求
A00887,日用品,大規模,Web問い合わせ,サンプル依頼
A00888,日用品,小規模,営業開拓,資料請求
A00889,食品,中規模,営業開拓,サンプル依頼
A00890,化粧品,小規模,Web問い合わせ,情報収集
A00891,研究開発,中規模,展示会,情報収集
A00892,研究開発,小規模,営業開拓,情報収集
A00893,日用品,小規模,Web問い合わせ,資料請求
A00894,その他,小規模,展示会,サンプル依頼
A00895,日用品,小規模,Web問い合わせ,情報収集
A00896,研究開発,中規模,営業開拓,資料請求
A00897,食品,小規模,展示会,資料請求
A00898,化粧品,小規模,展示会,資料請求
A00899,化粧品,中規模,紹介,資料請求
A00900,化粧品,大規模,展示会,資料請求
A00901,化粧品,小規模,営業開拓,サンプル依頼
A00902,化粧品,小規模,Web問い合わせ,サンプル依頼
A00903,その他,中規模,展示会,資料請求
A00904,研究開発,小規模,営業開拓,サンプル依頼
A00905,食品,小規模,展示会,資料請求
A00906,食品,中規模,展示会,情報収集
A00907,日用品,小規模,展示会,情報収集
A00908,日用品,中規模,Web問い合わせ,サンプル依頼
A00909,その他,小規模,Web問い合わせ,情報収集
A00910,化粧品,中規模,Web問い合わせ,情報収集
A00911,化粧品,大規模,Web問い合わせ,見積依頼
A00912,日用品,中規模,Web問い合わせ,情報収集
A00913,化粧品,中規模,紹介,資料請求
A00914,日用品,中規模,Web問い合わせ,情報収集
A00915,化粧品,大規模,Web問い合わせ,資料請求
A00916,化粧品,大規模,営業開拓,サンプル依頼
A00917,化粧品,中規模,展示会,情報収集
A00918,化粧品,大規模,展示会,資料請求
A00919,食品,中規模,展示会,サンプル依頼
A00920,化粧品,中規模,Web問い合わせ,サンプル依頼
A00921,化粧品,小規模,Web問い合わせ,見積依頼
A00922,その他,小規模,Web問い合わせ,見積依頼
A00923,研究開発,中規模,Web問い合わせ,サンプル依頼
A00924,化粧品,中規模,紹介,資料請求
A00925,日用品,大規模,紹介,見積依頼
A00926,化粧品,小規模,紹介,情報収集
A00927,食品,小規模,Web問い合わせ,サンプル依頼
A00928,研究開発,小規模,紹介,サンプル依頼
A00929,研究開発,中規模,紹介,資料請求
A00930,食品,大規模,Web問い合わせ,資料請求
A00931,化粧品,大規模,営業開拓,情報収集
A00932,研究開発,小規模,Web問い合わせ,情報収集
A00933,その他,中規模,紹介,情報収集
A00934,研究開発,中規模,Web問い合わせ,資料請求
A00935,化粧品,中規模,Web問い合わせ,資料請求
A00936,化粧品,小規模,営業開拓,サンプル依頼
A00937,日用品,大規模,営業開拓,サンプル依頼
A00938,食品,小規模,展示会,見積依頼
A00939,食品,中規模,展示会,情報収集
A00940,日用品,中規模,営業開拓,情報収集
A00941,その他,小規模,Web問い合わせ,資料請求
A00942,食品,中規模,展示会,資料請求
A00943,研究開発,小規模,紹介,見積依頼
A00944,その他,小規模,営業開拓,資料請求
A00945,食品,小規模,展示会,資料請求
A00946,その他,小規模,Web問い合わせ,見積依頼
A00947,日用品,中規模,紹介,サンプル依頼
A00948,研究開発,小規模,Web問い合わせ,資料請求
A00949,食品,小規模,紹介,サンプル依頼
A00950,研究開発,大規模,紹介,資料請求
A00951,その他,中規模,営業開拓,サンプル依頼
A00952,その他,中規模,営業開拓,サンプル依頼
A00953,その他,小規模,営業開拓,資料請求
A00954,日用品,小規模,Web問い合わせ,見積依頼
A00955,その他,中規模,紹介,情報収集
A00956,研究開発,大規模,紹介,見積依頼
A00957,食品,中規模,紹介,資料請求
A00958,研究開発,小規模,Web問い合わせ,サンプル依頼
A00959,日用品,大規模,営業開拓,資料請求
A00960,日用品,大規模,展示会,資料請求
A00961,食品,小規模,紹介,サンプル依頼
A00962,研究開発,小規模,展示会,見積依頼
A00963,その他,中規模,Web問い合わせ,資料請求
A00964,食品,小規模,営業開拓,情報収集
A00965,その他,中規模,Web問い合わせ,サンプル依頼
A00966,研究開発,小規模,営業開拓,情報収集
A00967,食品,小規模,展示会,情報収集
A00968,その他,中規模,展示会,情報収集
A00969,化粧品,小規模,展示会,情報収集
A00970,食品,小規模,営業開拓,情報収集
A00971,研究開発,小規模,営業開拓,見積依頼
A00972,食品,中規模,Web問い合わせ,資料請求
A00973,化粧品,大規模,展示会,サンプル依頼
A00974,食品,小規模,Web問い合わせ,見積依頼
A00975,化粧品,大規模,展示会,見積依頼
A00976,食品,大規模,展示会,情報収集
A00977,化粧品,小規模,展示会,サンプル依頼
A00978,化粧品,中規模,営業開拓,サンプル依頼
A00979,その他,中規模,Web問い合わせ,資料請求
A00980,食品,小規模,展示会,情報収集
A00981,日用品,小規模,Web問い合わせ,資料請求
A00982,日用品,小規模,Web問い合わせ,資料請求
A00983,研究開発,大規模,紹介,情報収集
A00984,日用品,小規模,展示会,情報収集
A00985,食品,大規模,展示会,資料請求
A00986,化粧品,大規模,Web問い合わせ,見積依頼
A00987,食品,大規模,Web問い合わせ,情報収集
A00988,研究開発,小規模,営業開拓,情報収集
A00989,日用品,小規模,Web問い合わせ,資料請求
A00990,日用品,中規模,Web問い合わせ,情報収集
A00991,化粧品,中規模,展示会,サンプル依頼
A00992,化粧品,大規模,Web問い合わせ,資料請求
A00993,日用品,中規模,展示会,資料請求
A00994,食品,中規模,展示会,情報収集
A00995,食品,小規模,紹介,情報収集
A00996,食品,中規模,営業開拓,資料請求
A00997,研究開発,小規模,展示会,情報収集
A00998,日用品,小規模,Web問い合わせ,見積依頼
A00999,研究開発,小規模,展示会,サンプル依頼
A01000,食品,小規模,紹介,サンプル依頼
A01001,日用品,小規模,営業開拓,サンプル依頼
A01002,化粧品,中規模,Web問い合わせ,情報収集
A01003,食品,小規模,展示会,資料請求
A01004,化粧品,中規模,Web問い合わせ,情報収集
A01005,化粧品,中規模,営業開拓,サンプル依頼
A01006,化粧品,中規模,営業開拓,資料請求
A01007,日用品,中規模,展示会,見積依頼
A01008,食品,小規模,Web問い合わせ,資料請求
A01009,化粧品,中規模,Web問い合わせ,資料請求
A01010,研究開発,中規模,Web問い合わせ,資料請求
A01011,日用品,中規模,紹介,資料請求
A01012,日用品,中規模,紹介,見積依頼
A01013,化粧品,中規模,Web問い合わせ,資料請求
A01014,化粧品,大規模,紹介,情報収集
A01015,日用品,小規模,営業開拓,見積依頼
A01016,その他,中規模,Web問い合わせ,見積依頼
A01017,日用品,小規模,紹介,情報収集
A01018,化粧品,小規模,Web問い合わせ,サンプル依頼
A01019,日用品,中規模,展示会,情報収集
A01020,日用品,中規模,展示会,見積依頼
A01021,日用品,中規模,展示会,サンプル依頼
A01022,日用品,小規模,Web問い合わせ,情報収集
A01023,研究開発,小規模,営業開拓,見積依頼
A01024,食品,小規模,Web問い合わせ,見積依頼
A01025,日用品,中規模,Web問い合わせ,資料請求
A01026,その他,小規模,Web問い合わせ,見積依頼
A01027,その他,中規模,Web問い合わせ,サンプル依頼
A01028,研究開発,小規模,展示会,資料請求
A01029,化粧品,小規模,Web問い合わせ,資料請求
A01030,研究開発,中規模,紹介,情報収集
A01031,研究開発,小規模,紹介,資料請求
A01032,食品,小規模,営業開拓,サンプル依頼
A01033,その他,中規模,紹介,サンプル依頼
A01034,食品,中規模,紹介,情報収集
A01035,日用品,小規模,展示会,情報収集
A01036,日用品,中規模,展示会,資料請求
A01037,食品,大規模,紹介,見積依頼
A01038,日用品,小規模,展示会,見積依頼
A01039,日用品,小規模,Web問い合わせ,資料請求
A01040,化粧品,中規模,展示会,資料請求
A01041,化粧品,中規模,紹介,資料請求
A01042,日用品,中規模,展示会,サンプル依頼
A01043,食品,小規模,営業開拓,見積依頼
A01044,化粧品,小規模,営業開拓,サンプル依頼
A01045,研究開発,中規模,営業開拓,見積依頼
A01046,化粧品,小規模,Web問い合わせ,サンプル依頼
A01047,その他,中規模,紹介,サンプル依頼
A01048,食品,中規模,営業開拓,見積依頼
A01049,化粧品,小規模,営業開拓,資料請求
A01050,研究開発,中規模,Web問い合わせ,資料請求
A01051,化粧品,小規模,営業開拓,サンプル依頼
A01052,食品,小規模,営業開拓,資料請求
A01053,食品,大規模,紹介,サンプル依頼
A01054,化粧品,大規模,営業開拓,資料請求
A01055,食品,小規模,展示会,情報収集
A01056,研究開発,小規模,営業開拓,見積依頼
A01057,日用品,小規模,展示会,資料請求
A01058,日用品,小規模,紹介,資料請求
A01059,その他,中規模,展示会,情報収集
A01060,その他,小規模,営業開拓,資料請求
A01061,日用品,小規模,展示会,資料請求
A01062,食品,中規模,Web問い合わせ,資料請求
A01063,その他,小規模,営業開拓,資料請求
A01064,食品,小規模,Web問い合わせ,サンプル依頼
A01065,化粧品,小規模,Web問い合わせ,情報収集
A01066,化粧品,小規模,紹介,資料請求
A01067,食品,小規模,展示会,情報収集
A01068,化粧品,大規模,営業開拓,資料請求
A01069,化粧品,中規模,紹介,資料請求
A01070,食品,小規模,Web問い合わせ,サンプル依頼
A01071,化粧品,中規模,Web問い合わせ,見積依頼
A01072,日用品,中規模,紹介,情報収集
A01073,食品,中規模,紹介,情報収集
A01074,食品,中規模,Web問い合わせ,情報収集
A01075,化粧品,小規模,展示会,見積依頼
A01076,化粧品,中規模,展示会,サンプル依頼
A01077,日用品,中規模,紹介,資料請求
A01078,食品,中規模,営業開拓,サンプル依頼
A01079,化粧品,小規模,展示会,情報収集
A01080,食品,中規模,営業開拓,資料請求
A01081,その他,大規模,Web問い合わせ,資料請求
A01082,研究開発,中規模,営業開拓,資料請求
A01083,化粧品,中規模,営業開拓,情報収集
A01084,日用品,中規模,Web問い合わせ,情報収集
A01085,研究開発,中規模,Web問い合わせ,情報収集
A01086,日用品,中規模,営業開拓,資料請求
A01087,その他,小規模,展示会,資料請求
A01088,日用品,中規模,展示会,情報収集
A01089,日用品,大規模,Web問い合わせ,資料請求
A01090,日用品,中規模,Web問い合わせ,サンプル依頼
A01091,食品,大規模,紹介,サンプル依頼
A01092,化粧品,小規模,Web問い合わせ,資料請求
A01093,化粧品,中規模,Web問い合わせ,資料請求
A01094,日用品,小規模,Web問い合わせ,サンプル依頼
A01095,その他,小規模,Web問い合わせ,情報収集
A01096,食品,小規模,紹介,見積依頼
A01097,食品,小規模,紹介,資料請求
A01098,化粧品,小規模,展示会,見積依頼
A01099,研究開発,大規模,紹介,資料請求
A01100,日用品,中規模,展示会,サンプル依頼
A01101,化粧品,中規模,展示会,資料請求
A01102,化粧品,小規模,展示会,資料請求
A01103,化粧品,中規模,Web問い合わせ,サンプル依頼
A01104,日用品,中規模,営業開拓,情報収集
A01105,その他,小規模,営業開拓,見積依頼
A01106,日用品,中規模,紹介,サンプル依頼
A01107,その他,小規模,Web問い合わせ,資料請求
A01108,日用品,中規模,展示会,情報収集
A01109,研究開発,小規模,展示会,情報収集
A01110,研究開発,大規模,Web問い合わせ,情報収集
A01111,その他,中規模,紹介,情報収集
A01112,研究開発,大規模,営業開拓,サンプル依頼
A01113,日用品,小規模,紹介,サンプル依頼
A01114,研究開発,小規模,営業開拓,情報収集
A01115,日用品,小規模,展示会,資料請求
A01116,研究開発,中規模,Web問い合わせ,情報収集
A01117,化粧品,中規模,展示会,資料請求
A01118,研究開発,中規模,営業開拓,サンプル依頼
A01119,日用品,小規模,紹介,資料請求
A01120,食品,小規模,営業開拓,見積依頼
A01121,研究開発,中規模,紹介,サンプル依頼
A01122,その他,中規模,Web問い合わせ,サンプル依頼
A01123,化粧品,小規模,営業開拓,資料請求
A01124,研究開発,小規模,紹介,見積依頼
A01125,化粧品,小規模,Web問い合わせ,情報収集
A01126,化粧品,中規模,Web問い合わせ,サンプル依頼
A01127,食品,中規模,紹介,資料請求
A01128,研究開発,中規模,営業開拓,見積依頼
A01129,日用品,大規模,Web問い合わせ,情報収集
A01130,研究開発,小規模,紹介,資料請求
A01131,その他,中規模,展示会,サンプル依頼
A01132,その他,中規模,営業開拓,情報収集
A01133,研究開発,大規模,営業開拓,見積依頼
A01134,食品,小規模,Web問い合わせ,資料請求
A01135,化粧品,小規模,営業開拓,資料請求
A01136,食品,小規模,営業開拓,見積依頼
A01137,食品,中規模,営業開拓,情報収集
A01138,化粧品,小規模,展示会,サンプル依頼
A01139,日用品,小規模,Web問い合わせ,情報収集
A01140,その他,小規模,営業開拓,見積依頼
A01141,食品,中規模,営業開拓,資料請求
A01142,日用品,小規模,展示会,資料請求
A01143,化粧品,小規模,営業開拓,情報収集
A01144,化粧品,大規模,展示会,資料請求
A01145,その他,中規模,Web問い合わせ,情報収集
A01146,化粧品,小規模,展示会,見積依頼
A01147,化粧品,大規模,紹介,見積依頼
A01148,その他,大規模,Web問い合わせ,資料請求
A01149,その他,小規模,営業開拓,情報収集
A01150,研究開発,小規模,Web問い合わせ,サンプル依頼
A01151,日用品,小規模,紹介,サンプル依頼
A01152,その他,小規模,Web問い合わせ,サンプル依頼
A01153,食品,中規模,Web問い合わせ,資料請求
A01154,化粧品,小規模,営業開拓,情報収集
A01155,化粧品,中規模,営業開拓,資料請求
A01156,食品,大規模,Web問い合わせ,資料請求
A01157,化粧品,中規模,紹介,資料請求
A01158,食品,大規模,営業開拓,サンプル依頼
A01159,その他,小規模,紹介,情報収集
A01160,化粧品,大規模,営業開拓,サンプル依頼
A01161,日用品,中規模,Web問い合わせ,情報収集
A01162,日用品,中規模,Web問い合わせ,サンプル依頼
A01163,日用品,小規模,紹介,情報収集
A01164,化粧品,大規模,展示会,資料請求
A01165,研究開発,小規模,Web問い合わせ,情報収集
A01166,食品,中規模,展示会,資料請求
A01167,食品,小規模,営業開拓,見積依頼
A01168,化粧品,小規模,紹介,資料請求
A01169,化粧品,中規模,Web問い合わせ,情報収集
A01170,化粧品,中規模,展示会,サンプル依頼
A01171,食品,大規模,紹介,サンプル依頼
A01172,食品,中規模,紹介,資料請求
A01173,化粧品,小規模,Web問い合わせ,見積依頼
A01174,日用品,中規模,紹介,情報収集
A01175,化粧品,小規模,Web問い合わせ,資料請求
A01176,日用品,小規模,Web問い合わせ,見積依頼
A01177,化粧品,小規模,Web問い合わせ,サンプル依頼
A01178,化粧品,小規模,Web問い合わせ,資料請求
A01179,化粧品,中規模,Web問い合わせ,資料請求
A01180,日用品,小規模,Web問い合わせ,資料請求
A01181,日用品,小規模,Web問い合わせ,情報収集
A01182,食品,中規模,Web問い合わせ,資料請求
A01183,化粧品,小規模,紹介,情報収集
A01184,研究開発,小規模,営業開拓,資料請求
A01185,日用品,小規模,営業開拓,情報収集
A01186,研究開発,大規模,Web問い合わせ,資料請求
A01187,日用品,大規模,Web問い合わせ,情報収集
A01188,研究開発,中規模,紹介,サンプル依頼
A01189,化粧品,中規模,Web問い合わせ,見積依頼
A01190,化粧品,大規模,展示会,資料請求
A01191,その他,大規模,紹介,サンプル依頼
A01192,食品,中規模,展示会,見積依頼
A01193,食品,大規模,営業開拓,サンプル依頼
A01194,日用品,小規模,紹介,資料請求
A01195,日用品,小規模,紹介,見積依頼
A01196,化粧品,大規模,Web問い合わせ,サンプル依頼
A01197,食品,中規模,営業開拓,サンプル依頼
A01198,食品,小規模,Web問い合わせ,情報収集
A01199,研究開発,小規模,Web問い合わせ,情報収集
A01200,化粧品,中規模,営業開拓,資料請求
A01201,その他,小規模,営業開拓,情報収集
A01202,化粧品,大規模,Web問い合わせ,情報収集
A01203,化粧品,中規模,Web問い合わせ,見積依頼
A01204,日用品,小規模,Web問い合わせ,サンプル依頼
A01205,化粧品,小規模,営業開拓,資料請求
A01206,日用品,中規模,営業開拓,情報収集
A01207,日用品,小規模,Web問い合わせ,資料請求
A01208,化粧品,小規模,Web問い合わせ,サンプル依頼
A01209,食品,小規模,Web問い合わせ,見積依頼
A01210,食品,大規模,Web問い合わせ,情報収集
A01211,研究開発,大規模,展示会,資料請求
A01212,日用品,小規模,展示会,情報収集
A01213,その他,大規模,展示会,見積依頼
A01214,研究開発,小規模,Web問い合わせ,情報収集
A01215,食品,中規模,Web問い合わせ,見積依頼
A01216,化粧品,中規模,紹介,サンプル依頼
A01217,化粧品,中規模,Web問い合わせ,情報収集
A01218,研究開発,中規模,Web問い合わせ,サンプル依頼
A01219,食品,小規模,Web問い合わせ,サンプル依頼
A01220,食品,小規模,営業開拓,情報収集
A01221,日用品,小規模,Web問い合わせ,見積依頼
A01222,日用品,中規模,展示会,資料請求
A01223,その他,大規模,Web問い合わせ,資料請求
A01224,研究開発,中規模,Web問い合わせ,見積依頼
A01225,日用品,小規模,Web問い合わせ,サンプル依頼
A01226,食品,小規模,Web問い合わせ,資料請求
A01227,食品,小規模,展示会,資料請求
A01228,食品,大規模,Web問い合わせ,見積依頼
A01229,化粧品,小規模,Web問い合わせ,情報収集
A01230,食品,中規模,展示会,見積依頼
A01231,化粧品,小規模,Web問い合わせ,情報収集
A01232,研究開発,中規模,展示会,見積依頼
A01233,日用品,中規模,営業開拓,情報収集
A01234,その他,小規模,展示会,情報収集
A01235,日用品,小規模,営業開拓,資料請求
A01236,化粧品,小規模,展示会,情報収集
A01237,食品,小規模,Web問い合わせ,資料請求
A01238,その他,中規模,Web問い合わせ,情報収集
A01239,化粧品,小規模,紹介,資料請求
A01240,化粧品,小規模,展示会,資料請求
A01241,化粧品,中規模,展示会,情報収集
A01242,化粧品,中規模,営業開拓,見積依頼
A01243,化粧品,中規模,営業開拓,情報収集
A01244,化粧品,中規模,紹介,情報収集
A01245,研究開発,小規模,紹介,資料請求
A01246,その他,中規模,Web問い合わせ,サンプル依頼
A01247,その他,小規模,営業開拓,サンプル依頼
A01248,化粧品,中規模,営業開拓,資料請求
A01249,研究開発,小規模,Web問い合わせ,見積依頼
A01250,食品,中規模,営業開拓,サンプル依頼
A01251,食品,中規模,展示会,資料請求
A01252,その他,中規模,Web問い合わせ,サンプル依頼
A01253,日用品,大規模,Web問い合わせ,サンプル依頼
A01254,研究開発,中規模,紹介,資料請求
A01255,化粧品,大規模,営業開拓,資料請求
A01256,食品,中規模,営業開拓,情報収集
A01257,食品,中規模,紹介,資料請求
A01258,日用品,小規模,紹介,情報収集
A01259,食品,中規模,紹介,資料請求
A01260,研究開発,小規模,営業開拓,情報収集
A01261,研究開発,中規模,Web問い合わせ,サンプル依頼
A01262,日用品,大規模,展示会,情報収集
A01263,化粧品,中規模,Web問い合わせ,情報収集
A01264,食品,小規模,Web問い合わせ,資料請求
A01265,食品,小規模,Web問い合わせ,資料請求
A01266,日用品,大規模,展示会,資料請求
A01267,研究開発,大規模,Web問い合わせ,サンプル依頼
A01268,化粧品,小規模,紹介,資料請求
A01269,研究開発,小規模,展示会,サンプル依頼
A01270,日用品,中規模,営業開拓,情報収集
A01271,化粧品,小規模,展示会,情報収集
A01272,化粧品,中規模,営業開拓,資料請求
A01273,化粧品,小規模,Web問い合わせ,資料請求
A01274,食品,小規模,営業開拓,情報収集
A01275,食品,大規模,展示会,資料請求
A01276,食品,小規模,Web問い合わせ,情報収集
A01277,研究開発,小規模,営業開拓,情報収集
A01278,食品,中規模,営業開拓,資料請求
A01279,その他,中規模,営業開拓,サンプル依頼
A01280,その他,小規模,Web問い合わせ,サンプル依頼
A01281,食品,中規模,Web問い合わせ,サンプル依頼
A01282,食品,中規模,Web問い合わせ,資料請求
A01283,食品,中規模,Web問い合わせ,サンプル依頼
A01284,日用品,小規模,営業開拓,情報収集
A01285,化粧品,中規模,展示会,資料請求
A01286,化粧品,中規模,Web問い合わせ,資料請求
A01287,その他,中規模,営業開拓,情報収集
A01288,その他,小規模,営業開拓,情報収集
A01289,化粧品,中規模,Web問い合わせ,情報収集
A01290,化粧品,小規模,Web問い合わせ,資料請求
A01291,その他,中規模,Web問い合わせ,見積依頼
A01292,食品,小規模,展示会,見積依頼
A01293,化粧品,中規模,Web問い合わせ,見積依頼
A01294,その他,小規模,展示会,情報収集
A01295,研究開発,小規模,Web問い合わせ,資料請求
A01296,日用品,大規模,Web問い合わせ,情報収集
A01297,化粧品,小規模,展示会,資料請求
A01298,日用品,小規模,営業開拓,情報収集
A01299,化粧品,小規模,Web問い合わせ,資料請求
A01300,研究開発,中規模,Web問い合わせ,情報収集
A01301,その他,小規模,営業開拓,サンプル依頼
A01302,食品,小規模,Web問い合わせ,見積依頼
A01303,その他,大規模,Web問い合わせ,資料請求
A01304,研究開発,中規模,紹介,情報収集
A01305,日用品,中規模,紹介,情報収集
A01306,食品,大規模,紹介,資料請求
A01307,化粧品,小規模,Web問い合わせ,サンプル依頼
A01308,化粧品,中規模,営業開拓,情報収集
A01309,食品,小規模,Web問い合わせ,情報収集
A01310,化粧品,小規模,展示会,サンプル依頼
A01311,研究開発,小規模,紹介,見積依頼
A01312,化粧品,小規模,営業開拓,資料請求
A01313,研究開発,小規模,営業開拓,資料請求
A01314,研究開発,小規模,Web問い合わせ,情報収集
A01315,その他,中規模,Web問い合わせ,情報収集
A01316,化粧品,中規模,展示会,情報収集
A01317,化粧品,中規模,展示会,見積依頼
A01318,日用品,中規模,Web問い合わせ,見積依頼
A01319,化粧品,大規模,Web問い合わせ,情報収集
A01320,食品,小規模,展示会,情報収集
A01321,食品,中規模,紹介,情報収集
A01322,食品,小規模,紹介,見積依頼
A01323,化粧品,小規模,展示会,サンプル依頼
A01324,研究開発,小規模,展示会,資料請求
A01325,その他,中規模,営業開拓,情報収集
A01326,研究開発,小規模,Web問い合わせ,資料請求
A01327,その他,小規模,Web問い合わせ,見積依頼
A01328,研究開発,小規模,営業開拓,資料請求
A01329,食品,中規模,Web問い合わせ,情報収集
A01330,日用品,大規模,展示会,資料請求
A01331,日用品,小規模,営業開拓,見積依頼
A01332,化粧品,小規模,展示会,情報収集
A01333,日用品,小規模,営業開拓,見積依頼
A01334,その他,小規模,紹介,資料請求
A01335,その他,中規模,展示会,見積依頼
A01336,化粧品,中規模,Web問い合わせ,情報収集
A01337,日用品,中規模,展示会,見積依頼
A01338,化粧品,小規模,営業開拓,見積依頼
A01339,食品,小規模,展示会,サンプル依頼
A01340,化粧品,小規模,営業開拓,サンプル依頼
A01341,研究開発,中規模,営業開拓,サンプル依頼
A01342,日用品,大規模,展示会,資料請求
A01343,日用品,小規模,展示会,見積依頼
A01344,その他,小規模,営業開拓,見積依頼
A01345,研究開発,小規模,営業開拓,サンプル依頼
A01346,化粧品,小規模,Web問い合わせ,見積依頼
A01347,その他,小規模,Web問い合わせ,資料請求
A01348,研究開発,中規模,紹介,情報収集
A01349,研究開発,中規模,Web問い合わせ,資料請求
A01350,化粧品,小規模,展示会,サンプル依頼
A01351,その他,中規模,Web問い合わせ,見積依頼
A01352,研究開発,中規模,展示会,情報収集
A01353,化粧品,中規模,展示会,情報収集
A01354,日用品,小規模,展示会,資料請求
A01355,食品,小規模,展示会,情報収集
A01356,日用品,小規模,営業開拓,資料請求
A01357,研究開発,小規模,展示会,資料請求
A01358,食品,小規模,Web問い合わせ,情報収集
A01359,研究開発,中規模,Web問い合わせ,見積依頼
A01360,化粧品,小規模,展示会,情報収集
A01361,食品,小規模,Web問い合わせ,資料請求
A01362,食品,小規模,営業開拓,情報収集
A01363,研究開発,大規模,Web問い合わせ,情報収集
A01364,日用品,小規模,Web問い合わせ,情報収集
A01365,食品,中規模,展示会,情報収集
A01366,食品,小規模,営業開拓,情報収集
A01367,化粧品,大規模,紹介,情報収集
A01368,化粧品,小規模,Web問い合わせ,情報収集
A01369,化粧品,中規模,紹介,情報収集
A01370,食品,大規模,紹介,情報収集
A01371,食品,中規模,Web問い合わせ,情報収集
A01372,化粧品,小規模,Web問い合わせ,見積依頼
A01373,日用品,中規模,Web問い合わせ,資料請求
A01374,化粧品,中規模,展示会,見積依頼
A01375,食品,小規模,Web問い合わせ,見積依頼
A01376,その他,小規模,展示会,情報収集
A01377,研究開発,中規模,紹介,情報収集
A01378,研究開発,小規模,展示会,情報収集
A01379,食品,小規模,展示会,資料請求
A01380,食品,小規模,Web問い合わせ,サンプル依頼
A01381,化粧品,小規模,営業開拓,資料請求
A01382,化粧品,小規模,Web問い合わせ,資料請求
A01383,食品,大規模,Web問い合わせ,サンプル依頼
A01384,日用品,中規模,営業開拓,資料請求
A01385,食品,小規模,展示会,サンプル依頼
A01386,その他,中規模,展示会,見積依頼
A01387,研究開発,小規模,Web問い合わせ,資料請求
A01388,日用品,中規模,展示会,情報収集
A01389,食品,大規模,展示会,情報収集
A01390,化粧品,大規模,Web問い合わせ,情報収集
A01391,研究開発,大規模,営業開拓,情報収集
A01392,研究開発,大規模,Web問い合わせ,見積依頼
A01393,化粧品,大規模,Web問い合わせ,資料請求
A01394,日用品,小規模,紹介,サンプル依頼
A01395,化粧品,小規模,営業開拓,サンプル依頼
A01396,化粧品,小規模,展示会,情報収集
A01397,化粧品,小規模,Web問い合わせ,資料請求
A01398,化粧品,大規模,営業開拓,サンプル依頼
A01399,食品,小規模,紹介,サンプル依頼
A01400,その他,小規模,展示会,資料請求
A01401,化粧品,中規模,Web問い合わせ,サンプル依頼
A01402,食品,小規模,紹介,資料請求
A01403,研究開発,小規模,営業開拓,情報収集
A01404,その他,小規模,Web問い合わせ,資料請求
A01405,化粧品,大規模,紹介,資料請求
A01406,食品,小規模,Web問い合わせ,見積依頼
A01407,その他,中規模,紹介,サンプル依頼
A01408,その他,中規模,Web問い合わせ,見積依頼
A01409,化粧品,中規模,紹介,見積依頼
A01410,その他,中規模,展示会,見積依頼
A01411,研究開発,大規模,展示会,資料請求
A01412,化粧品,小規模,営業開拓,情報収集
A01413,研究開発,小規模,Web問い合わせ,情報収集
A01414,研究開発,中規模,Web問い合わせ,サンプル依頼
A01415,研究開発,小規模,展示会,見積依頼
A01416,研究開発,小規模,Web問い合わせ,サンプル依頼
A01417,食品,中規模,営業開拓,資料請求
A01418,食品,中規模,紹介,サンプル依頼
A01419,研究開発,小規模,営業開拓,資料請求
A01420,日用品,小規模,営業開拓,資料請求
A01421,化粧品,小規模,Web問い合わせ,見積依頼
A01422,日用品,大規模,営業開拓,資料請求
A01423,食品,中規模,Web問い合わせ,サンプル依頼
A01424,化粧品,中規模,展示会,サンプル依頼
A01425,その他,小規模,展示会,情報収集
A01426,研究開発,小規模,営業開拓,情報収集
A01427,食品,小規模,Web問い合わせ,資料請求
A01428,日用品,小規模,展示会,見積依頼
A01429,日用品,中規模,紹介,情報収集
A01430,その他,中規模,紹介,サンプル依頼
A01431,その他,小規模,Web問い合わせ,サンプル依頼
A01432,化粧品,中規模,展示会,情報収集
A01433,日用品,小規模,Web問い合わせ,サンプル依頼
A01434,その他,中規模,展示会,資料請求
A01435,化粧品,小規模,営業開拓,サンプル依頼
A01436,食品,小規模,Web問い合わせ,情報収集
A01437,食品,大規模,展示会,見積依頼
A01438,化粧品,小規模,紹介,サンプル依頼
A01439,化粧品,大規模,紹介,情報収集
A01440,化粧品,中規模,紹介,サンプル依頼
A01441,日用品,大規模,営業開拓,情報収集
A01442,食品,中規模,展示会,見積依頼
A01443,化粧品,小規模,Web問い合わせ,サンプル依頼
A01444,化粧品,大規模,Web問い合わせ,情報収集
A01445,その他,大規模,Web問い合わせ,サンプル依頼
A01446,化粧品,小規模,Web問い合わせ,見積依頼
A01447,食品,中規模,Web問い合わせ,見積依頼
A01448,化粧品,小規模,紹介,資料請求
A01449,食品,中規模,紹介,サンプル依頼
A01450,その他,大規模,Web問い合わせ,情報収集
A01451,食品,小規模,営業開拓,情報収集
A01452,日用品,中規模,営業開拓,見積依頼
A01453,化粧品,小規模,紹介,サンプル依頼
A01454,その他,小規模,紹介,資料請求
A01455,化粧品,小規模,Web問い合わせ,サンプル依頼
A01456,食品,小規模,展示会,資料請求
A01457,食品,中規模,営業開拓,資料請求
A01458,食品,中規模,営業開拓,見積依頼
A01459,食品,小規模,紹介,情報収集
A01460,化粧品,小規模,展示会,情報収集
A01461,その他,小規模,Web問い合わせ,サンプル依頼
A01462,食品,小規模,営業開拓,情報収集
A01463,食品,中規模,Web問い合わせ,情報収集
A01464,化粧品,小規模,Web問い合わせ,サンプル依頼
A01465,研究開発,中規模,Web問い合わせ,資料請求
A01466,食品,小規模,展示会,サンプル依頼
A01467,日用品,中規模,Web問い合わせ,情報収集
A01468,食品,小規模,紹介,サンプル依頼
A01469,化粧品,小規模,営業開拓,資料請求
A01470,その他,小規模,Web問い合わせ,情報収集
A01471,研究開発,大規模,営業開拓,情報収集
A01472,その他,小規模,Web問い合わせ,資料請求
A01473,研究開発,大規模,Web問い合わせ,資料請求
A01474,日用品,小規模,営業開拓,見積依頼
A01475,日用品,小規模,紹介,サンプル依頼
A01476,研究開発,小規模,営業開拓,サンプル依頼
A01477,日用品,中規模,展示会,資料請求
A01478,研究開発,小規模,Web問い合わせ,資料請求
A01479,日用品,中規模,営業開拓,情報収集
A01480,化粧品,大規模,営業開拓,サンプル依頼
A01481,食品,中規模,営業開拓,見積依頼
A01482,食品,中規模,Web問い合わせ,情報収集
A01483,その他,大規模,展示会,資料請求
A01484,化粧品,大規模,営業開拓,情報収集
A01485,研究開発,中規模,展示会,サンプル依頼
A01486,研究開発,小規模,Web問い合わせ,資料請求
A01487,日用品,中規模,営業開拓,サンプル依頼
A01488,日用品,小規模,営業開拓,見積依頼
A01489,日用品,中規模,Web問い合わせ,資料請求
A01490,日用品,大規模,営業開拓,サンプル依頼
A01491,食品,中規模,紹介,情報収集
A01492,食品,中規模,営業開拓,資料請求
A01493,日用品,小規模,営業開拓,サンプル依頼
A01494,化粧品,中規模,Web問い合わせ,資料請求
A01495,日用品,小規模,Web問い合わせ,見積依頼
A01496,研究開発,中規模,Web問い合わせ,情報収集
A01497,食品,小規模,営業開拓,情報収集
A01498,化粧品,中規模,展示会,情報収集
A01499,研究開発,小規模,営業開拓,情報収集
A01500,日用品,小規模,Web問い合わせ,サンプル依頼
A01501,化粧品,大規模,Web問い合わせ,サンプル依頼
A01502,その他,小規模,展示会,情報収集
A01503,化粧品,中規模,Web問い合わせ,情報収集
A01504,研究開発,大規模,Web問い合わせ,サンプル依頼
A01505,日用品,小規模,紹介,サンプル依頼
A01506,化粧品,中規模,紹介,サンプル依頼
A01507,食品,小規模,展示会,資料請求
A01508,その他,中規模,紹介,資料請求
A01509,その他,中規模,展示会,サンプル依頼
A01510,食品,中規模,展示会,サンプル依頼
A01511,その他,中規模,営業開拓,情報収集
A01512,食品,大規模,Web問い合わせ,サンプル依頼
A01513,日用品,小規模,営業開拓,情報収集
A01514,化粧品,中規模,Web問い合わせ,見積依頼
A01515,化粧品,小規模,営業開拓,見積依頼
A01516,研究開発,小規模,営業開拓,情報収集
A01517,研究開発,小規模,展示会,情報収集
A01518,化粧品,小規模,Web問い合わせ,情報収集
A01519,日用品,小規模,展示会,資料請求
A01520,日用品,小規模,Web問い合わせ,サンプル依頼
A01521,研究開発,小規模,Web問い合わせ,資料請求
A01522,日用品,小規模,展示会,資料請求
A01523,その他,中規模,展示会,情報収集
A01524,食品,小規模,Web問い合わせ,見積依頼
A01525,食品,中規模,展示会,資料請求
A01526,化粧品,小規模,Web問い合わせ,情報収集
A01527,化粧品,小規模,営業開拓,見積依頼
A01528,化粧品,中規模,展示会,資料請求
A01529,食品,小規模,営業開拓,情報収集
A01530,研究開発,小規模,Web問い合わせ,情報収集
A01531,食品,大規模,営業開拓,情報収集
A01532,研究開発,小規模,Web問い合わせ,サンプル依頼
A01533,研究開発,小規模,Web問い合わせ,資料請求
A01534,研究開発,中規模,営業開拓,情報収集
A01535,研究開発,小規模,営業開拓,情報収集
A01536,食品,大規模,紹介,見積依頼
A01537,化粧品,中規模,紹介,サンプル依頼
A01538,化粧品,小規模,紹介,サンプル依頼
A01539,化粧品,小規模,Web問い合わせ,情報収集
A01540,研究開発,小規模,Web問い合わせ,サンプル依頼
A01541,食品,小規模,営業開拓,サンプル依頼
A01542,研究開発,小規模,営業開拓,見積依頼
A01543,化粧品,中規模,紹介,見積依頼
A01544,食品,中規模,展示会,資料請求
A01545,化粧品,小規模,紹介,資料請求
A01546,日用品,大規模,Web問い合わせ,見積依頼
A01547,食品,中規模,展示会,サンプル依頼
A01548,日用品,中規模,Web問い合わせ,資料請求
A01549,その他,小規模,紹介,サンプル依頼
A01550,日用品,中規模,展示会,資料請求
A01551,その他,小規模,展示会,情報収集
A01552,日用品,小規模,展示会,資料請求
A01553,化粧品,中規模,Web問い合わせ,情報収集
A01554,研究開発,小規模,営業開拓,情報収集
A01555,その他,中規模,展示会,情報収集
A01556,化粧品,小規模,Web問い合わせ,見積依頼
A01557,食品,中規模,Web問い合わせ,資料請求
A01558,その他,中規模,紹介,情報収集
A01559,その他,中規模,紹介,情報収集
A01560,日用品,小規模,Web問い合わせ,サンプル依頼
A01561,化粧品,小規模,Web問い合わせ,サンプル依頼
A01562,その他,小規模,展示会,情報収集
A01563,食品,小規模,営業開拓,資料請求
A01564,化粧品,小規模,展示会,サンプル依頼
A01565,研究開発,大規模,営業開拓,サンプル依頼
A01566,食品,中規模,Web問い合わせ,情報収集
A01567,化粧品,中規模,展示会,情報収集
A01568,食品,大規模,営業開拓,資料請求
A01569,化粧品,中規模,紹介,情報収集
A01570,化粧品,中規模,展示会,資料請求
A01571,日用品,大規模,営業開拓,情報収集
A01572,研究開発,大規模,展示会,資料請求
A01573,食品,小規模,展示会,見積依頼
A01574,食品,中規模,展示会,サンプル依頼
A01575,その他,小規模,営業開拓,資料請求
A01576,食品,大規模,Web問い合わせ,サンプル依頼
A01577,日用品,小規模,営業開拓,見積依頼
A01578,化粧品,小規模,紹介,サンプル依頼
A01579,その他,小規模,展示会,サンプル依頼
A01580,化粧品,大規模,紹介,見積依頼
A01581,その他,小規模,Web問い合わせ,サンプル依頼
A01582,研究開発,中規模,展示会,サンプル依頼
A01583,その他,小規模,展示会,情報収集
A01584,日用品,小規模,Web問い合わせ,情報収集
A01585,その他,小規模,Web問い合わせ,情報収集
A01586,その他,小規模,紹介,資料請求
A01587,その他,大規模,展示会,サンプル依頼
A01588,化粧品,小規模,紹介,資料請求
A01589,化粧品,小規模,営業開拓,情報収集
A01590,化粧品,中規模,営業開拓,見積依頼
A01591,化粧品,中規模,Web問い合わせ,サンプル依頼
A01592,日用品,小規模,展示会,資料請求
A01593,日用品,小規模,展示会,見積依頼
A01594,その他,小規模,展示会,資料請求
A01595,研究開発,小規模,展示会,資料請求
A01596,化粧品,小規模,紹介,資料請求
A01597,その他,中規模,紹介,資料請求
A01598,日用品,中規模,展示会,サンプル依頼
A01599,その他,小規模,Web問い合わせ,情報収集
A01600,研究開発,中規模,紹介,見積依頼
A01601,食品,中規模,展示会,見積依頼
A01602,その他,大規模,展示会,情報収集
A01603,その他,大規模,営業開拓,資料請求
A01604,化粧品,中規模,Web問い合わせ,サンプル依頼
A01605,研究開発,小規模,営業開拓,見積依頼
A01606,その他,中規模,展示会,情報収集
A01607,食品,大規模,展示会,情報収集
A01608,食品,中規模,紹介,情報収集
A01609,化粧品,中規模,展示会,情報収集
A01610,研究開発,中規模,営業開拓,資料請求
A01611,化粧品,大規模,Web問い合わせ,情報収集
A01612,化粧品,中規模,紹介,情報収集
A01613,研究開発,中規模,紹介,サンプル依頼
A01614,日用品,中規模,営業開拓,資料請求
A01615,化粧品,大規模,Web問い合わせ,資料請求
A01616,化粧品,中規模,Web問い合わせ,見積依頼
A01617,食品,中規模,営業開拓,サンプル依頼
A01618,日用品,小規模,展示会,見積依頼
A01619,研究開発,小規模,展示会,見積依頼
A01620,化粧品,中規模,Web問い合わせ,見積依頼
A01621,食品,小規模,営業開拓,資料請求
A01622,その他,小規模,展示会,情報収集
A01623,日用品,大規模,Web問い合わせ,見積依頼
A01624,化粧品,中規模,Web問い合わせ,サンプル依頼
A01625,食品,小規模,Web問い合わせ,見積依頼
A01626,日用品,小規模,営業開拓,サンプル依頼
A01627,その他,中規模,展示会,資料請求
A01628,その他,中規模,展示会,情報収集
A01629,研究開発,中規模,紹介,資料請求
A01630,食品,小規模,営業開拓,資料請求
A01631,日用品,中規模,展示会,資料請求
A01632,日用品,小規模,紹介,情報収集
A01633,日用品,小規模,Web問い合わせ,情報収集
A01634,日用品,大規模,Web問い合わせ,情報収集
A01635,その他,小規模,展示会,情報収集
A01636,食品,小規模,紹介,資料請求
A01637,食品,小規模,展示会,情報収集
A01638,研究開発,大規模,展示会,サンプル依頼
A01639,化粧品,中規模,展示会,資料請求
A01640,その他,小規模,Web問い合わせ,サンプル依頼
A01641,食品,小規模,紹介,資料請求
A01642,日用品,大規模,Web問い合わせ,サンプル依頼
A01643,研究開発,小規模,展示会,資料請求
A01644,その他,中規模,Web問い合わせ,見積依頼
A01645,日用品,小規模,Web問い合わせ,見積依頼
A01646,食品,中規模,展示会,見積依頼
A01647,食品,小規模,展示会,情報収集
A01648,食品,小規模,展示会,見積依頼
A01649,化粧品,小規模,営業開拓,情報収集
A01650,研究開発,小規模,紹介,資料請求
A01651,食品,中規模,営業開拓,情報収集
A01652,日用品,小規模,紹介,サンプル依頼
A01653,食品,中規模,Web問い合わせ,情報収集
A01654,日用品,小規模,Web問い合わせ,サンプル依頼
A01655,日用品,中規模,営業開拓,情報収集
A01656,日用品,中規模,展示会,情報収集
A01657,その他,中規模,Web問い合わせ,サンプル依頼
A01658,食品,小規模,Web問い合わせ,サンプル依頼
A01659,化粧品,中規模,営業開拓,情報収集
A01660,化粧品,中規模,Web問い合わせ,情報収集
A01661,食品,小規模,展示会,見積依頼
A01662,化粧品,大規模,Web問い合わせ,情報収集
A01663,研究開発,小規模,Web問い合わせ,資料請求
A01664,日用品,中規模,紹介,サンプル依頼
A01665,日用品,小規模,営業開拓,サンプル依頼
A01666,その他,大規模,Web問い合わせ,見積依頼
A01667,その他,小規模,営業開拓,サンプル依頼
A01668,その他,大規模,展示会,資料請求
A01669,化粧品,小規模,営業開拓,見積依頼
A01670,その他,小規模,展示会,サンプル依頼
A01671,食品,中規模,Web問い合わせ,情報収集
A01672,食品,中規模,営業開拓,サンプル依頼
A01673,研究開発,大規模,展示会,情報収集
A01674,日用品,小規模,営業開拓,サンプル依頼
A01675,その他,中規模,Web問い合わせ,情報収集
A01676,その他,大規模,Web問い合わせ,情報収集
A01677,その他,大規模,Web問い合わせ,サンプル依頼
A01678,食品,大規模,紹介,情報収集
A01679,食品,中規模,Web問い合わせ,資料請求
A01680,研究開発,小規模,紹介,サンプル依頼
A01681,日用品,小規模,営業開拓,見積依頼
A01682,化粧品,大規模,Web問い合わせ,資料請求
A01683,日用品,小規模,展示会,資料請求
A01684,化粧品,小規模,Web問い合わせ,情報収集
A01685,化粧品,大規模,展示会,資料請求
A01686,研究開発,小規模,営業開拓,資料請求
A01687,研究開発,小規模,営業開拓,資料請求
A01688,化粧品,大規模,Web問い合わせ,見積依頼
A01689,食品,大規模,営業開拓,情報収集
A01690,化粧品,大規模,展示会,見積依頼
A01691,その他,中規模,紹介,資料請求
A01692,その他,中規模,営業開拓,情報収集
A01693,化粧品,大規模,営業開拓,見積依頼
A01694,化粧品,小規模,Web問い合わせ,資料請求
A01695,研究開発,中規模,紹介,資料請求
A01696,日用品,大規模,紹介,資料請求
A01697,化粧品,中規模,紹介,情報収集
A01698,その他,中規模,展示会,見積依頼
A01699,食品,小規模,展示会,見積依頼
A01700,化粧品,小規模,展示会,サンプル依頼
A01701,研究開発,小規模,Web問い合わせ,資料請求
A01702,日用品,大規模,営業開拓,情報収集
A01703,その他,小規模,紹介,資料請求
A01704,化粧品,大規模,Web問い合わせ,情報収集
A01705,その他,中規模,Web問い合わせ,情報収集
A01706,化粧品,小規模,営業開拓,情報収集
A01707,化粧品,小規模,展示会,資料請求
A01708,食品,小規模,営業開拓,資料請求
A01709,日用品,中規模,紹介,情報収集
A01710,日用品,小規模,Web問い合わせ,サンプル依頼
A01711,日用品,大規模,営業開拓,見積依頼
A01712,化粧品,中規模,営業開拓,見積依頼
A01713,化粧品,小規模,営業開拓,資料請求
A01714,化粧品,中規模,紹介,情報収集
A01715,食品,小規模,営業開拓,サンプル依頼
A01716,日用品,小規模,展示会,資料請求
A01717,日用品,小規模,営業開拓,情報収集
A01718,化粧品,小規模,Web問い合わせ,資料請求
A01719,その他,中規模,Web問い合わせ,資料請求
A01720,食品,中規模,Web問い合わせ,情報収集
A01721,日用品,中規模,Web問い合わせ,見積依頼
A01722,日用品,小規模,展示会,サンプル依頼
A01723,化粧品,中規模,Web問い合わせ,情報収集
A01724,食品,中規模,紹介,資料請求
A01725,研究開発,小規模,Web問い合わせ,資料請求
A01726,食品,中規模,Web問い合わせ,情報収集
A01727,食品,小規模,展示会,見積依頼
A01728,食品,中規模,Web問い合わせ,資料請求
A01729,化粧品,大規模,展示会,見積依頼
A01730,食品,小規模,展示会,資料請求
A01731,研究開発,小規模,展示会,サンプル依頼
A01732,日用品,小規模,営業開拓,情報収集
A01733,日用品,中規模,展示会,資料請求
A01734,化粧品,小規模,紹介,資料請求
A01735,その他,中規模,Web問い合わせ,サンプル依頼
A01736,日用品,小規模,Web問い合わせ,情報収集
A01737,その他,小規模,営業開拓,見積依頼
A01738,日用品,小規模,展示会,資料請求
A01739,研究開発,小規模,Web問い合わせ,見積依頼
A01740,食品,大規模,Web問い合わせ,資料請求
A01741,その他,小規模,Web問い合わせ,情報収集
A01742,研究開発,小規模,展示会,見積依頼
A01743,化粧品,中規模,営業開拓,サンプル依頼
A01744,その他,中規模,展示会,資料請求
A01745,食品,中規模,Web問い合わせ,見積依頼
A01746,化粧品,小規模,紹介,情報収集
A01747,研究開発,大規模,展示会,資料請求
A01748,日用品,小規模,営業開拓,サンプル依頼
A01749,食品,中規模,Web問い合わせ,見積依頼
A01750,日用品,大規模,営業開拓,サンプル依頼
A01751,日用品,中規模,営業開拓,資料請求
A01752,日用品,中規模,展示会,資料請求
A01753,食品,小規模,Web問い合わせ,見積依頼
A01754,その他,小規模,紹介,サンプル依頼
A01755,食品,大規模,Web問い合わせ,見積依頼
A01756,化粧品,中規模,営業開拓,情報収集
A01757,研究開発,小規模,営業開拓,サンプル依頼
A01758,化粧品,大規模,Web問い合わせ,資料請求
A01759,日用品,小規模,紹介,サンプル依頼
A01760,化粧品,小規模,展示会,情報収集
A01761,研究開発,大規模,紹介,情報収集
A01762,化粧品,中規模,Web問い合わせ,サンプル依頼
A01763,その他,小規模,展示会,資料請求
A01764,研究開発,小規模,展示会,情報収集
A01765,化粧品,大規模,Web問い合わせ,資料請求
A01766,化粧品,中規模,営業開拓,資料請求
A01767,日用品,小規模,展示会,資料請求
A01768,食品,中規模,紹介,サンプル依頼
A01769,化粧品,小規模,展示会,サンプル依頼
A01770,化粧品,大規模,Web問い合わせ,見積依頼
A01771,化粧品,小規模,Web問い合わせ,資料請求
A01772,食品,小規模,Web問い合わせ,資料請求
A01773,日用品,小規模,営業開拓,情報収集
A01774,食品,小規模,展示会,資料請求
A01775,化粧品,小規模,Web問い合わせ,サンプル依頼
A01776,食品,中規模,営業開拓,サンプル依頼
A01777,化粧品,小規模,Web問い合わせ,情報収集
A01778,その他,小規模,展示会,情報収集
A01779,日用品,小規模,Web問い合わせ,資料請求
A01780,化粧品,大規模,Web問い合わせ,見積依頼
A01781,その他,大規模,Web問い合わせ,見積依頼
A01782,化粧品,小規模,Web問い合わせ,見積依頼
A01783,食品,小規模,展示会,情報収集
A01784,化粧品,中規模,Web問い合わせ,サンプル依頼
A01785,研究開発,中規模,営業開拓,資料請求
A01786,研究開発,大規模,Web問い合わせ,サンプル依頼
A01787,食品,小規模,営業開拓,サンプル依頼
A01788,化粧品,小規模,営業開拓,情報収集
A01789,日用品,中規模,展示会,情報収集
A01790,日用品,小規模,展示会,資料請求
A01791,その他,中規模,展示会,資料請求
A01792,食品,大規模,営業開拓,資料請求
A01793,日用品,中規模,紹介,見積依頼
A01794,その他,小規模,Web問い合わせ,サンプル依頼
A01795,化粧品,小規模,Web問い合わせ,資料請求
A01796,研究開発,中規模,Web問い合わせ,資料請求
A01797,日用品,中規模,Web問い合わせ,サンプル依頼
A01798,研究開発,中規模,Web問い合わせ,資料請求
A01799,研究開発,中規模,営業開拓,資料請求
A01800,食品,小規模,Web問い合わせ,情報収集
A01801,研究開発,中規模,紹介,情報収集
A01802,化粧品,中規模,営業開拓,サンプル依頼
A01803,食品,小規模,展示会,サンプル依頼
A01804,化粧品,大規模,Web問い合わせ,資料請求
A01805,食品,中規模,営業開拓,情報収集
A01806,その他,中規模,展示会,資料請求
A01807,その他,中規模,営業開拓,資料請求
A01808,日用品,大規模,紹介,資料請求
A01809,日用品,中規模,Web問い合わせ,情報収集
A01810,日用品,中規模,営業開拓,情報収集
A01811,その他,中規模,営業開拓,情報収集
A01812,その他,大規模,紹介,サンプル依頼
A01813,食品,中規模,展示会,サンプル依頼
A01814,研究開発,小規模,展示会,情報収集
A01815,食品,中規模,営業開拓,サンプル依頼
A01816,食品,小規模,展示会,見積依頼
A01817,化粧品,小規模,紹介,資料請求
A01818,食品,小規模,展示会,情報収集
A01819,化粧品,大規模,展示会,資料請求
A01820,日用品,中規模,Web問い合わせ,見積依頼
A01821,日用品,小規模,展示会,見積依頼
A01822,食品,中規模,営業開拓,資料請求
A01823,食品,小規模,営業開拓,サンプル依頼
A01824,化粧品,中規模,Web問い合わせ,サンプル依頼
A01825,日用品,小規模,展示会,情報収集
A01826,研究開発,小規模,Web問い合わせ,見積依頼
A01827,研究開発,小規模,展示会,見積依頼
A01828,その他,小規模,Web問い合わせ,情報収集
A01829,その他,小規模,Web問い合わせ,資料請求
A01830,研究開発,小規模,紹介,サンプル依頼
A01831,化粧品,中規模,営業開拓,資料請求
A01832,日用品,小規模,Web問い合わせ,資料請求
A01833,その他,中規模,展示会,サンプル依頼
A01834,化粧品,大規模,営業開拓,サンプル依頼
A01835,化粧品,中規模,営業開拓,サンプル依頼
A01836,研究開発,小規模,展示会,資料請求
A01837,化粧品,大規模,紹介,見積依頼
A01838,化粧品,中規模,Web問い合わせ,資料請求
A01839,食品,小規模,展示会,情報収集
A01840,食品,大規模,紹介,見積依頼
A01841,研究開発,小規模,展示会,サンプル依頼
A01842,研究開発,大規模,Web問い合わせ,情報収集
A01843,日用品,大規模,Web問い合わせ,サンプル依頼
A01844,日用品,小規模,Web問い合わせ,サンプル依頼
A01845,その他,小規模,Web問い合わせ,サンプル依頼
A01846,その他,大規模,営業開拓,情報収集
A01847,研究開発,大規模,紹介,サンプル依頼
A01848,食品,小規模,展示会,サンプル依頼
A01849,その他,小規模,紹介,情報収集
A01850,日用品,中規模,紹介,情報収集
A01851,その他,中規模,営業開拓,資料請求
A01852,研究開発,小規模,紹介,情報収集
A01853,食品,大規模,展示会,見積依頼
A01854,日用品,中規模,Web問い合わせ,資料請求
A01855,化粧品,中規模,Web問い合わせ,見積依頼
A01856,化粧品,中規模,展示会,資料請求
A01857,化粧品,中規模,営業開拓,見積依頼
A01858,食品,小規模,Web問い合わせ,サンプル依頼
A01859,食品,小規模,Web問い合わせ,情報収集
A01860,化粧品,大規模,紹介,サンプル依頼
A01861,化粧品,中規模,営業開拓,サンプル依頼
A01862,日用品,中規模,展示会,見積依頼
A01863,化粧品,大規模,営業開拓,サンプル依頼
A01864,化粧品,小規模,Web問い合わせ,情報収集
A01865,化粧品,小規模,展示会,サンプル依頼
A01866,その他,小規模,紹介,サンプル依頼
A01867,日用品,小規模,Web問い合わせ,資料請求
A01868,化粧品,中規模,展示会,資料請求
A01869,日用品,中規模,営業開拓,サンプル依頼
A01870,化粧品,大規模,紹介,資料請求
A01871,その他,小規模,営業開拓,見積依頼
A01872,化粧品,小規模,営業開拓,資料請求
A01873,日用品,小規模,展示会,情報収集
A01874,化粧品,小規模,営業開拓,サンプル依頼
A01875,研究開発,小規模,展示会,サンプル依頼
A01876,日用品,小規模,Web問い合わせ,サンプル依頼
A01877,食品,中規模,展示会,情報収集
A01878,化粧品,中規模,営業開拓,資料請求
A01879,日用品,小規模,展示会,情報収集
A01880,化粧品,中規模,Web問い合わせ,サンプル依頼
A01881,化粧品,中規模,展示会,サンプル依頼
A01882,化粧品,中規模,Web問い合わせ,情報収集
A01883,食品,小規模,展示会,資料請求
A01884,食品,小規模,紹介,資料請求
A01885,その他,中規模,Web問い合わせ,資料請求
A01886,その他,大規模,Web問い合わせ,資料請求
A01887,研究開発,大規模,展示会,資料請求
A01888,その他,中規模,営業開拓,資料請求
A01889,化粧品,小規模,展示会,資料請求
A01890,化粧品,小規模,Web問い合わせ,サンプル依頼
A01891,食品,小規模,Web問い合わせ,サンプル依頼
A01892,日用品,小規模,Web問い合わせ,資料請求
A01893,研究開発,小規模,営業開拓,情報収集
A01894,その他,大規模,Web問い合わせ,見積依頼
A01895,化粧品,小規模,Web問い合わせ,サンプル依頼
A01896,食品,中規模,営業開拓,資料請求
A01897,研究開発,小規模,営業開拓,見積依頼
A01898,日用品,小規模,Web問い合わせ,情報収集
A01899,日用品,中規模,紹介,見積依頼
A01900,食品,小規模,Web問い合わせ,サンプル依頼
A01901,その他,中規模,展示会,見積依頼
A01902,日用品,大規模,営業開拓,見積依頼
A01903,食品,中規模,Web問い合わせ,見積依頼
A01904,化粧品,小規模,Web問い合わせ,サンプル依頼
A01905,食品,小規模,展示会,見積依頼
A01906,化粧品,小規模,Web問い合わせ,資料請求
A01907,研究開発,小規模,営業開拓,見積依頼
A01908,化粧品,小規模,展示会,見積依頼
A01909,食品,中規模,Web問い合わせ,資料請求
A01910,研究開発,大規模,展示会,見積依頼
A01911,研究開発,小規模,紹介,サンプル依頼
A01912,研究開発,大規模,営業開拓,情報収集
A01913,化粧品,中規模,Web問い合わせ,資料請求
A01914,日用品,小規模,紹介,サンプル依頼
A01915,日用品,小規模,Web問い合わせ,情報収集
A01916,食品,小規模,Web問い合わせ,見積依頼
A01917,その他,中規模,展示会,サンプル依頼
A01918,食品,小規模,Web問い合わせ,サンプル依頼
A01919,その他,小規模,営業開拓,情報収集
A01920,食品,中規模,紹介,サンプル依頼
A01921,日用品,中規模,展示会,サンプル依頼
A01922,食品,小規模,Web問い合わせ,見積依頼
A01923,化粧品,小規模,展示会,サンプル依頼
A01924,研究開発,中規模,営業開拓,見積依頼
A01925,化粧品,中規模,Web問い合わせ,資料請求
A01926,日用品,中規模,Web問い合わせ,サンプル依頼
A01927,研究開発,中規模,Web問い合わせ,資料請求
A01928,研究開発,小規模,展示会,情報収集
A01929,日用品,中規模,紹介,サンプル依頼
A01930,化粧品,小規模,営業開拓,情報収集
A01931,食品,小規模,紹介,資料請求
A01932,研究開発,大規模,紹介,見積依頼
A01933,日用品,中規模,営業開拓,サンプル依頼
A01934,日用品,中規模,紹介,見積依頼
A01935,日用品,大規模,Web問い合わせ,資料請求
A01936,その他,小規模,Web問い合わせ,情報収集
A01937,化粧品,小規模,展示会,資料請求
A01938,日用品,中規模,Web問い合わせ,情報収集
A01939,化粧品,中規模,展示会,情報収集
A01940,食品,中規模,紹介,資料請求
A01941,食品,中規模,営業開拓,サンプル依頼
A01942,化粧品,小規模,営業開拓,サンプル依頼
A01943,食品,小規模,Web問い合わせ,情報収集
A01944,化粧品,大規模,Web問い合わせ,サンプル依頼
A01945,化粧品,中規模,Web問い合わせ,見積依頼
A01946,食品,中規模,展示会,資料請求
A01947,化粧品,小規模,営業開拓,資料請求
A01948,研究開発,小規模,Web問い合わせ,見積依頼
A01949,食品,中規模,展示会,資料請求
A01950,食品,小規模,営業開拓,サンプル依頼
A01951,研究開発,大規模,紹介,サンプル依頼
A01952,化粧品,大規模,営業開拓,情報収集
A01953,日用品,小規模,Web問い合わせ,サンプル依頼
A01954,食品,中規模,紹介,サンプル依頼
A01955,化粧品,小規模,展示会,サンプル依頼
A01956,化粧品,大規模,展示会,情報収集
A01957,化粧品,小規模,Web問い合わせ,情報収集
A01958,研究開発,中規模,営業開拓,サンプル依頼
A01959,化粧品,小規模,営業開拓,資料請求
A01960,化粧品,小規模,紹介,サンプル依頼
A01961,日用品,中規模,展示会,資料請求
A01962,食品,大規模,展示会,資料請求
A01963,日用品,大規模,展示会,サンプル依頼
A01964,食品,小規模,紹介,資料請求
A01965,食品,小規模,営業開拓,見積依頼
A01966,化粧品,小規模,Web問い合わせ,サンプル依頼
A01967,食品,小規模,営業開拓,資料請求
A01968,その他,小規模,展示会,資料請求
A01969,食品,中規模,Web問い合わせ,サンプル依頼
A01970,化粧品,中規模,展示会,情報収集
A01971,食品,小規模,営業開拓,見積依頼
A01972,化粧品,中規模,Web問い合わせ,資料請求
A01973,化粧品,小規模,営業開拓,資料請求
A01974,化粧品,中規模,Web問い合わせ,資料請求
A01975,食品,中規模,展示会,情報収集
A01976,研究開発,小規模,紹介,サンプル依頼
A01977,研究開発,小規模,営業開拓,情報収集
A01978,食品,大規模,Web問い合わせ,資料請求
A01979,日用品,小規模,Web問い合わせ,資料請求
A01980,化粧品,中規模,営業開拓,情報収集
A01981,研究開発,中規模,紹介,見積依頼
A01982,食品,小規模,Web問い合わせ,資料請求
A01983,化粧品,小規模,Web問い合わせ,サンプル依頼
A01984,日用品,小規模,紹介,情報収集
A01985,研究開発,小規模,Web問い合わせ,資料請求
A01986,化粧品,大規模,展示会,資料請求
A01987,化粧品,中規模,紹介,情報収集
A01988,化粧品,中規模,Web問い合わせ,情報収集
A01989,日用品,大規模,展示会,資料請求
A01990,食品,小規模,展示会,資料請求
A01991,研究開発,小規模,Web問い合わせ,資料請求
A01992,その他,中規模,紹介,資料請求
A01993,食品,中規模,紹介,サンプル依頼
A01994,日用品,小規模,営業開拓,資料請求
A01995,食品,小規模,営業開拓,資料請求
A01996,化粧品,中規模,営業開拓,情報収集
A01997,食品,中規模,紹介,資料請求
A01998,日用品,中規模,展示会,資料請求
A01999,食品,大規模,Web問い合わせ,見積依頼
A02000,その他,小規模,展示会,情報収集
A02001,食品,中規模,営業開拓,資料請求
A02002,研究開発,小規模,紹介,情報収集
A02003,化粧品,大規模,展示会,資料請求
A02004,食品,小規模,展示会,情報収集
A02005,日用品,大規模,Web問い合わせ,資料請求
A02006,食品,中規模,営業開拓,見積依頼
A02007,日用品,小規模,営業開拓,サンプル依頼
A02008,食品,小規模,営業開拓,情報収集
A02009,化粧品,中規模,紹介,資料請求
A02010,日用品,大規模,紹介,見積依頼
A02011,研究開発,中規模,営業開拓,資料請求
A02012,化粧品,小規模,展示会,見積依頼
A02013,その他,小規模,Web問い合わせ,資料請求
A02014,化粧品,大規模,Web問い合わせ,見積依頼
A02015,その他,小規模,Web問い合わせ,資料請求
A02016,化粧品,中規模,営業開拓,見積依頼
A02017,その他,中規模,展示会,情報収集
A02018,その他,小規模,Web問い合わせ,サンプル依頼
A02019,食品,大規模,Web問い合わせ,見積依頼
A02020,食品,小規模,Web問い合わせ,資料請求
A02021,食品,小規模,Web問い合わせ,サンプル依頼
A02022,化粧品,小規模,紹介,情報収集
A02023,その他,小規模,営業開拓,サンプル依頼
A02024,日用品,小規模,Web問い合わせ,サンプル依頼
A02025,研究開発,小規模,Web問い合わせ,サンプル依頼
A02026,日用品,大規模,展示会,サンプル依頼
A02027,化粧品,大規模,Web問い合わせ,情報収集
A02028,その他,小規模,展示会,資料請求
A02029,研究開発,中規模,営業開拓,サンプル依頼
A02030,研究開発,中規模,紹介,資料請求
A02031,日用品,中規模,Web問い合わせ,情報収集
A02032,その他,中規模,Web問い合わせ,サンプル依頼
A02033,日用品,大規模,営業開拓,見積依頼
A02034,研究開発,中規模,Web問い合わせ,サンプル依頼
A02035,その他,大規模,紹介,情報収集
A02036,日用品,小規模,Web問い合わせ,情報収集
A02037,食品,中規模,Web問い合わせ,サンプル依頼
A02038,日用品,小規模,紹介,資料請求
A02039,研究開発,小規模,紹介,見積依頼
A02040,化粧品,小規模,紹介,見積依頼
A02041,日用品,小規模,Web問い合わせ,サンプル依頼
A02042,化粧品,中規模,営業開拓,サンプル依頼
A02043,日用品,小規模,紹介,資料請求
A02044,研究開発,小規模,Web問い合わせ,資料請求
A02045,日用品,中規模,Web問い合わせ,資料請求
A02046,その他,小規模,紹介,資料請求
A02047,食品,中規模,展示会,情報収集
A02048,食品,中規模,Web問い合わせ,情報収集
A02049,日用品,中規模,紹介,情報収集
A02050,食品,小規模,Web問い合わせ,サンプル依頼
A02051,その他,大規模,紹介,サンプル依頼
A02052,日用品,小規模,紹介,情報収集
A02053,食品,小規模,展示会,サンプル依頼
A02054,食品,小規模,営業開拓,情報収集
A02055,日用品,小規模,Web問い合わせ,資料請求
A02056,食品,中規模,営業開拓,見積依頼
A02057,化粧品,小規模,紹介,情報収集
A02058,食品,小規模,紹介,資料請求
A02059,日用品,大規模,展示会,サンプル依頼
A02060,化粧品,小規模,Web問い合わせ,サンプル依頼
A02061,研究開発,小規模,営業開拓,見積依頼
A02062,研究開発,中規模,営業開拓,情報収集
A02063,化粧品,中規模,展示会,見積依頼
A02064,食品,大規模,展示会,資料請求
A02065,日用品,小規模,営業開拓,見積依頼
A02066,化粧品,小規模,営業開拓,サンプル依頼
A02067,食品,中規模,営業開拓,情報収集
A02068,化粧品,小規模,営業開拓,サンプル依頼
A02069,研究開発,中規模,展示会,資料請求
A02070,食品,中規模,Web問い合わせ,資料請求
A02071,化粧品,小規模,営業開拓,見積依頼
A02072,その他,小規模,営業開拓,サンプル依頼
A02073,研究開発,小規模,Web問い合わせ,サンプル依頼
A02074,日用品,大規模,展示会,情報収集
A02075,化粧品,中規模,Web問い合わせ,資料請求
A02076,その他,小規模,営業開拓,情報収集
A02077,食品,小規模,営業開拓,情報収集
A02078,化粧品,小規模,Web問い合わせ,資料請求
A02079,化粧品,中規模,紹介,サンプル依頼
A02080,食品,小規模,Web問い合わせ,資料請求
A02081,食品,中規模,Web問い合わせ,資料請求
A02082,研究開発,小規模,Web問い合わせ,サンプル依頼
A02083,研究開発,小規模,展示会,サンプル依頼
A02084,その他,小規模,Web問い合わせ,資料請求
A02085,食品,中規模,展示会,資料請求
A02086,日用品,大規模,紹介,サンプル依頼
A02087,化粧品,中規模,展示会,情報収集
A02088,研究開発,小規模,Web問い合わせ,サンプル依頼
A02089,日用品,小規模,営業開拓,サンプル依頼
A02090,化粧品,小規模,営業開拓,見積依頼
A02091,食品,小規模,Web問い合わせ,見積依頼
A02092,化粧品,中規模,Web問い合わせ,見積依頼
A02093,化粧品,小規模,展示会,情報収集
A02094,日用品,小規模,Web問い合わせ,資料請求
A02095,食品,中規模,営業開拓,資料請求
A02096,化粧品,中規模,紹介,情報収集
A02097,その他,大規模,Web問い合わせ,サンプル依頼
A02098,化粧品,中規模,Web問い合わせ,見積依頼
A02099,食品,大規模,営業開拓,資料請求
A02100,食品,小規模,展示会,見積依頼
A02101,食品,中規模,紹介,サンプル依頼
A02102,その他,小規模,紹介,情報収集
A02103,その他,中規模,Web問い合わせ,情報収集
A02104,その他,中規模,営業開拓,資料請求
A02105,化粧品,大規模,紹介,サンプル依頼
A02106,化粧品,中規模,紹介,情報収集
A02107,日用品,中規模,展示会,情報収集
A02108,その他,小規模,展示会,見積依頼
A02109,食品,中規模,紹介,資料請求
A02110,日用品,中規模,展示会,情報収集
A02111,化粧品,小規模,Web問い合わせ,資料請求
A02112,日用品,中規模,営業開拓,資料請求
A02113,その他,小規模,Web問い合わせ,情報収集
A02114,日用品,小規模,展示会,資料請求
A02115,日用品,大規模,営業開拓,サンプル依頼
A02116,食品,中規模,展示会,見積依頼
A02117,日用品,中規模,営業開拓,サンプル依頼
A02118,化粧品,中規模,営業開拓,資料請求
A02119,化粧品,中規模,紹介,資料請求
A02120,化粧品,小規模,営業開拓,サンプル依頼
A02121,日用品,小規模,紹介,資料請求
A02122,その他,中規模,Web問い合わせ,資料請求
A02123,食品,中規模,紹介,情報収集
A02124,食品,中規模,営業開拓,情報収集
A02125,食品,中規模,Web問い合わせ,情報収集
A02126,研究開発,中規模,Web問い合わせ,情報収集
A02127,日用品,小規模,展示会,見積依頼
A02128,食品,小規模,Web問い合わせ,資料請求
A02129,食品,中規模,Web問い合わせ,サンプル依頼
A02130,化粧品,中規模,Web問い合わせ,見積依頼
A02131,化粧品,小規模,Web問い合わせ,情報収集
A02132,化粧品,中規模,Web問い合わせ,資料請求
A02133,研究開発,小規模,Web問い合わせ,情報収集
A02134,化粧品,中規模,展示会,サンプル依頼
A02135,食品,小規模,Web問い合わせ,資料請求
A02136,化粧品,小規模,営業開拓,見積依頼
A02137,日用品,大規模,営業開拓,サンプル依頼
A02138,その他,中規模,紹介,サンプル依頼
A02139,日用品,中規模,Web問い合わせ,情報収集
A02140,その他,中規模,Web問い合わせ,サンプル依頼
A02141,化粧品,中規模,展示会,情報収集
A02142,その他,小規模,Web問い合わせ,サンプル依頼
A02143,化粧品,中規模,展示会,情報収集
A02144,食品,中規模,営業開拓,資料請求
A02145,食品,小規模,展示会,資料請求
A02146,食品,中規模,紹介,情報収集
A02147,食品,小規模,Web問い合わせ,サンプル依頼
A02148,化粧品,小規模,営業開拓,サンプル依頼
A02149,化粧品,大規模,営業開拓,見積依頼
A02150,食品,小規模,展示会,サンプル依頼
A02151,化粧品,中規模,紹介,見積依頼
A02152,研究開発,小規模,営業開拓,情報収集
A02153,食品,中規模,展示会,資料請求
A02154,日用品,小規模,紹介,情報収集
A02155,日用品,小規模,展示会,サンプル依頼
A02156,化粧品,大規模,展示会,サンプル依頼
A02157,その他,大規模,営業開拓,見積依頼
A02158,化粧品,小規模,展示会,資料請求
A02159,その他,小規模,展示会,資料請求
A02160,化粧品,中規模,Web問い合わせ,資料請求
A02161,食品,中規模,Web問い合わせ,サンプル依頼
A02162,日用品,中規模,Web問い合わせ,情報収集
A02163,その他,小規模,Web問い合わせ,見積依頼
A02164,食品,小規模,展示会,サンプル依頼
A02165,研究開発,中規模,Web問い合わせ,サンプル依頼
A02166,食品,中規模,展示会,情報収集
A02167,化粧品,中規模,展示会,資料請求
A02168,食品,小規模,紹介,資料請求
A02169,研究開発,中規模,Web問い合わせ,情報収集
A02170,化粧品,小規模,紹介,見積依頼
A02171,その他,大規模,紹介,見積依頼
A02172,研究開発,小規模,営業開拓,資料請求
A02173,化粧品,小規模,Web問い合わせ,サンプル依頼
A02174,研究開発,中規模,Web問い合わせ,情報収集
A02175,その他,小規模,Web問い合わせ,情報収集
A02176,化粧品,小規模,Web問い合わせ,サンプル依頼
A02177,日用品,小規模,展示会,見積依頼
A02178,化粧品,小規模,営業開拓,サンプル依頼
A02179,食品,大規模,営業開拓,資料請求
A02180,研究開発,小規模,Web問い合わせ,資料請求
A02181,研究開発,中規模,展示会,サンプル依頼
A02182,研究開発,小規模,営業開拓,資料請求
A02183,研究開発,中規模,展示会,資料請求
A02184,研究開発,小規模,Web問い合わせ,資料請求
A02185,日用品,大規模,展示会,サンプル依頼
A02186,その他,中規模,営業開拓,情報収集
A02187,その他,小規模,営業開拓,資料請求
A02188,食品,小規模,営業開拓,資料請求
A02189,化粧品,小規模,営業開拓,見積依頼
A02190,その他,大規模,紹介,資料請求
A02191,研究開発,中規模,Web問い合わせ,資料請求
A02192,日用品,小規模,Web問い合わせ,見積依頼
A02193,研究開発,小規模,展示会,資料請求
A02194,その他,中規模,営業開拓,見積依頼
A02195,化粧品,小規模,展示会,サンプル依頼
A02196,日用品,小規模,営業開拓,資料請求
A02197,日用品,中規模,営業開拓,資料請求
A02198,日用品,小規模,Web問い合わせ,資料請求
A02199,化粧品,小規模,展示会,サンプル依頼
A02200,その他,小規模,営業開拓,資料請求
A02201,日用品,中規模,Web問い合わせ,情報収集
A02202,その他,中規模,紹介,サンプル依頼
A02203,化粧品,小規模,展示会,情報収集
A02204,化粧品,中規模,営業開拓,資料請求
A02205,日用品,大規模,紹介,サンプル依頼
A02206,化粧品,小規模,展示会,見積依頼
A02207,研究開発,中規模,営業開拓,情報収集
A02208,食品,大規模,Web問い合わせ,情報収集
A02209,化粧品,小規模,展示会,情報収集
A02210,化粧品,小規模,紹介,資料請求
A02211,その他,大規模,展示会,資料請求
A02212,食品,小規模,紹介,情報収集
A02213,日用品,中規模,展示会,情報収集
A02214,研究開発,大規模,営業開拓,情報収集
A02215,その他,大規模,展示会,情報収集
A02216,その他,小規模,Web問い合わせ,見積依頼
A02217,化粧品,中規模,Web問い合わせ,見積依頼
A02218,化粧品,小規模,Web問い合わせ,資料請求
A02219,その他,小規模,紹介,サンプル依頼
A02220,化粧品,小規模,営業開拓,見積依頼
A02221,その他,小規模,展示会,情報収集
A02222,食品,大規模,展示会,資料請求
A02223,日用品,小規模,展示会,情報収集
A02224,食品,大規模,営業開拓,資料請求
A02225,研究開発,中規模,展示会,サンプル依頼
A02226,日用品,小規模,紹介,資料請求
A02227,その他,中規模,営業開拓,サンプル依頼
A02228,食品,小規模,紹介,サンプル依頼
A02229,化粧品,小規模,営業開拓,資料請求
A02230,その他,小規模,営業開拓,サンプル依頼
A02231,その他,中規模,営業開拓,見積依頼
A02232,化粧品,大規模,営業開拓,資料請求
A02233,化粧品,小規模,Web問い合わせ,サンプル依頼
A02234,食品,中規模,営業開拓,サンプル依頼
A02235,化粧品,中規模,展示会,情報収集
A02236,日用品,小規模,Web問い合わせ,資料請求
A02237,その他,中規模,紹介,情報収集
A02238,食品,大規模,営業開拓,情報収集
A02239,食品,中規模,紹介,資料請求
A02240,食品,小規模,Web問い合わせ,見積依頼
A02241,研究開発,中規模,Web問い合わせ,サンプル依頼
A02242,化粧品,小規模,Web問い合わせ,情報収集
A02243,化粧品,中規模,紹介,サンプル依頼
A02244,研究開発,中規模,営業開拓,サンプル依頼
A02245,日用品,小規模,Web問い合わせ,見積依頼
A02246,化粧品,中規模,紹介,サンプル依頼
A02247,食品,小規模,Web問い合わせ,サンプル依頼
A02248,日用品,小規模,Web問い合わせ,見積依頼
A02249,化粧品,小規模,展示会,資料請求
A02250,研究開発,大規模,紹介,資料請求
A02251,研究開発,中規模,展示会,情報収集
A02252,食品,中規模,営業開拓,資料請求
A02253,研究開発,小規模,紹介,見積依頼
A02254,化粧品,小規模,展示会,情報収集
A02255,研究開発,小規模,Web問い合わせ,資料請求
A02256,化粧品,小規模,営業開拓,サンプル依頼
A02257,その他,小規模,Web問い合わせ,情報収集
A02258,食品,中規模,Web問い合わせ,サンプル依頼
A02259,その他,小規模,Web問い合わせ,資料請求
A02260,その他,大規模,Web問い合わせ,資料請求
A02261,化粧品,小規模,営業開拓,見積依頼
A02262,化粧品,中規模,Web問い合わせ,資料請求
A02263,化粧品,中規模,営業開拓,サンプル依頼
A02264,化粧品,中規模,営業開拓,情報収集
A02265,研究開発,大規模,Web問い合わせ,資料請求
A02266,化粧品,中規模,展示会,見積依頼
A02267,食品,小規模,営業開拓,見積依頼
A02268,食品,大規模,Web問い合わせ,情報収集
A02269,その他,中規模,Web問い合わせ,情報収集
A02270,食品,大規模,Web問い合わせ,見積依頼
A02271,化粧品,大規模,営業開拓,資料請求
A02272,食品,中規模,営業開拓,見積依頼
A02273,食品,小規模,Web問い合わせ,資料請求
A02274,その他,小規模,展示会,サンプル依頼
A02275,食品,小規模,営業開拓,情報収集
A02276,日用品,中規模,営業開拓,見積依頼
A02277,その他,小規模,Web問い合わせ,情報収集
A02278,食品,小規模,紹介,資料請求
A02279,食品,中規模,紹介,見積依頼
A02280,その他,小規模,営業開拓,情報収集
A02281,化粧品,中規模,展示会,資料請求
A02282,その他,中規模,Web問い合わせ,資料請求
A02283,食品,中規模,Web問い合わせ,見積依頼
A02284,化粧品,中規模,紹介,資料請求
A02285,研究開発,小規模,Web問い合わせ,サンプル依頼
A02286,その他,中規模,紹介,見積依頼
A02287,化粧品,小規模,営業開拓,サンプル依頼
A02288,食品,大規模,展示会,見積依頼
A02289,化粧品,大規模,Web問い合わせ,見積依頼
A02290,食品,大規模,営業開拓,見積依頼
A02291,その他,小規模,紹介,情報収集
A02292,化粧品,中規模,展示会,サンプル依頼
A02293,日用品,中規模,展示会,情報収集
A02294,その他,小規模,営業開拓,サンプル依頼
A02295,その他,中規模,Web問い合わせ,情報収集
A02296,その他,大規模,展示会,資料請求
A02297,食品,小規模,展示会,見積依頼
A02298,化粧品,中規模,Web問い合わせ,資料請求
A02299,化粧品,小規模,紹介,情報収集
A02300,化粧品,小規模,営業開拓,サンプル依頼
A02301,日用品,中規模,営業開拓,資料請求
A02302,食品,小規模,営業開拓,サンプル依頼
A02303,その他,中規模,展示会,見積依頼
A02304,食品,小規模,営業開拓,サンプル依頼
A02305,研究開発,小規模,展示会,サンプル依頼
A02306,日用品,小規模,営業開拓,サンプル依頼
A02307,日用品,大規模,展示会,情報収集
A02308,食品,小規模,展示会,資料請求
A02309,その他,小規模,展示会,資料請求
A02310,化粧品,中規模,Web問い合わせ,情報収集
A02311,食品,小規模,営業開拓,資料請求
A02312,食品,小規模,展示会,情報収集
A02313,化粧品,小規模,営業開拓,資料請求
A02314,化粧品,小規模,Web問い合わせ,サンプル依頼
A02315,食品,中規模,営業開拓,情報収集
A02316,研究開発,中規模,Web問い合わせ,情報収集
A02317,研究開発,中規模,紹介,資料請求
A02318,化粧品,小規模,営業開拓,情報収集
A02319,化粧品,小規模,展示会,情報収集
A02320,食品,小規模,Web問い合わせ,情報収集
A02321,日用品,中規模,Web問い合わせ,情報収集
A02322,日用品,小規模,営業開拓,見積依頼
A02323,化粧品,小規模,Web問い合わせ,サンプル依頼
A02324,化粧品,中規模,営業開拓,資料請求
A02325,日用品,小規模,展示会,資料請求
A02326,食品,小規模,Web問い合わせ,情報収集
A02327,日用品,小規模,Web問い合わせ,情報収集
A02328,研究開発,小規模,紹介,情報収集
A02329,その他,中規模,Web問い合わせ,情報収集
A02330,食品,小規模,営業開拓,資料請求
A02331,化粧品,中規模,営業開拓,資料請求
A02332,化粧品,中規模,紹介,サンプル依頼
A02333,その他,中規模,展示会,資料請求
A02334,化粧品,小規模,営業開拓,サンプル依頼
A02335,日用品,中規模,Web問い合わせ,資料請求
A02336,化粧品,小規模,営業開拓,サンプル依頼
A02337,化粧品,中規模,営業開拓,資料請求
A02338,食品,小規模,Web問い合わせ,見積依頼
A02339,化粧品,小規模,Web問い合わせ,情報収集
A02340,日用品,中規模,Web問い合わせ,情報収集
A02341,研究開発,中規模,Web問い合わせ,サンプル依頼
A02342,日用品,中規模,展示会,情報収集
A02343,その他,小規模,紹介,資料請求
A02344,日用品,中規模,Web問い合わせ,情報収集
A02345,その他,小規模,Web問い合わせ,見積依頼
A02346,その他,中規模,展示会,見積依頼
A02347,化粧品,中規模,展示会,情報収集
A02348,化粧品,中規模,展示会,見積依頼
A02349,日用品,大規模,営業開拓,資料請求
A02350,日用品,小規模,Web問い合わせ,情報収集
A02351,日用品,中規模,紹介,情報収集
A02352,食品,中規模,展示会,見積依頼
A02353,化粧品,中規模,紹介,資料請求
A02354,食品,中規模,営業開拓,サンプル依頼
A02355,研究開発,小規模,展示会,資料請求
A02356,その他,大規模,営業開拓,資料請求
A02357,化粧品,小規模,展示会,サンプル依頼
A02358,日用品,小規模,紹介,見積依頼
A02359,日用品,大規模,Web問い合わせ,情報収集
A02360,食品,小規模,Web問い合わせ,情報収集
A02361,その他,中規模,Web問い合わせ,情報収集
A02362,食品,小規模,Web問い合わせ,見積依頼
A02363,研究開発,中規模,Web問い合わせ,サンプル依頼
A02364,食品,中規模,紹介,サンプル依頼
A02365,その他,小規模,展示会,資料請求
A02366,化粧品,大規模,営業開拓,情報収集
A02367,化粧品,小規模,紹介,サンプル依頼
A02368,食品,小規模,Web問い合わせ,資料請求
A02369,日用品,中規模,営業開拓,見積依頼
A02370,食品,小規模,営業開拓,情報収集
A02371,食品,小規模,展示会,見積依頼
A02372,食品,中規模,営業開拓,見積依頼
A02373,化粧品,大規模,Web問い合わせ,資料請求
A02374,化粧品,小規模,営業開拓,サンプル依頼
A02375,日用品,小規模,Web問い合わせ,サンプル依頼
A02376,食品,中規模,Web問い合わせ,情報収集
A02377,化粧品,小規模,営業開拓,資料請求
A02378,日用品,小規模,Web問い合わせ,サンプル依頼
A02379,日用品,中規模,Web問い合わせ,見積依頼
A02380,食品,中規模,Web問い合わせ,資料請求
A02381,日用品,中規模,営業開拓,見積依頼
A02382,日用品,中規模,Web問い合わせ,見積依頼
A02383,日用品,小規模,紹介,サンプル依頼
A02384,日用品,小規模,営業開拓,情報収集
A02385,化粧品,中規模,展示会,サンプル依頼
A02386,研究開発,大規模,営業開拓,見積依頼
A02387,食品,大規模,紹介,資料請求
A02388,日用品,中規模,展示会,情報収集
A02389,その他,中規模,Web問い合わせ,サンプル依頼
A02390,食品,大規模,Web問い合わせ,情報収集
A02391,研究開発,大規模,展示会,見積依頼
A02392,化粧品,小規模,Web問い合わせ,情報収集
A02393,化粧品,中規模,展示会,見積依頼
A02394,その他,大規模,Web問い合わせ,情報収集
A02395,その他,中規模,紹介,資料請求
A02396,食品,中規模,営業開拓,サンプル依頼
A02397,日用品,小規模,営業開拓,サンプル依頼
A02398,研究開発,小規模,営業開拓,サンプル依頼
A02399,その他,中規模,紹介,資料請求
A02400,その他,小規模,Web問い合わせ,サンプル依頼
A02401,化粧品,中規模,Web問い合わせ,情報収集
A02402,その他,小規模,営業開拓,情報収集
A02403,食品,小規模,紹介,サンプル依頼
A02404,日用品,小規模,Web問い合わせ,サンプル依頼
A02405,食品,小規模,展示会,見積依頼
A02406,その他,小規模,営業開拓,情報収集
A02407,研究開発,中規模,紹介,資料請求
A02408,食品,中規模,紹介,情報収集
A02409,食品,小規模,紹介,サンプル依頼
A02410,日用品,大規模,展示会,情報収集
A02411,化粧品,小規模,営業開拓,サンプル依頼
A02412,日用品,小規模,Web問い合わせ,資料請求
A02413,化粧品,小規模,営業開拓,情報収集
A02414,日用品,中規模,展示会,サンプル依頼
A02415,食品,小規模,Web問い合わせ,情報収集
A02416,その他,小規模,Web問い合わせ,見積依頼
A02417,食品,小規模,営業開拓,資料請求
A02418,その他,小規模,紹介,サンプル依頼
A02419,その他,中規模,展示会,見積依頼
A02420,化粧品,小規模,紹介,サンプル依頼
A02421,研究開発,小規模,Web問い合わせ,資料請求
A02422,食品,小規模,営業開拓,見積依頼
A02423,化粧品,小規模,展示会,情報収集
A02424,日用品,小規模,Web問い合わせ,見積依頼
A02425,化粧品,大規模,Web問い合わせ,見積依頼
A02426,研究開発,小規模,Web問い合わせ,見積依頼
A02427,食品,中規模,紹介,見積依頼
A02428,研究開発,小規模,Web問い合わせ,資料請求
A02429,その他,中規模,営業開拓,情報収集
A02430,食品,小規模,Web問い合わせ,資料請求
A02431,研究開発,小規模,営業開拓,見積依頼
A02432,日用品,中規模,営業開拓,情報収集
A02433,化粧品,大規模,Web問い合わせ,見積依頼
A02434,その他,小規模,展示会,見積依頼
A02435,食品,中規模,Web問い合わせ,見積依頼
A02436,化粧品,小規模,展示会,資料請求
A02437,その他,中規模,展示会,サンプル依頼
A02438,その他,小規模,紹介,見積依頼
A02439,その他,小規模,Web問い合わせ,見積依頼
A02440,化粧品,中規模,展示会,サンプル依頼
A02441,その他,小規模,営業開拓,サンプル依頼
A02442,化粧品,小規模,営業開拓,見積依頼
A02443,化粧品,小規模,展示会,資料請求
A02444,日用品,中規模,営業開拓,サンプル依頼
A02445,その他,中規模,営業開拓,資料請求
A02446,化粧品,中規模,営業開拓,サンプル依頼
A02447,食品,中規模,展示会,資料請求
A02448,化粧品,大規模,紹介,資料請求
A02449,その他,中規模,Web問い合わせ,見積依頼
A02450,化粧品,中規模,営業開拓,資料請求
A02451,その他,小規模,展示会,サンプル依頼
A02452,食品,大規模,展示会,見積依頼
A02453,日用品,中規模,Web問い合わせ,見積依頼
A02454,食品,中規模,営業開拓,資料請求
A02455,日用品,小規模,営業開拓,資料請求
A02456,その他,小規模,Web問い合わせ,資料請求
A02457,その他,小規模,Web問い合わせ,サンプル依頼
A02458,その他,大規模,Web問い合わせ,資料請求
A02459,食品,小規模,Web問い合わせ,資料請求
A02460,化粧品,小規模,紹介,資料請求
A02461,日用品,中規模,紹介,見積依頼
A02462,食品,小規模,Web問い合わせ,情報収集
A02463,研究開発,中規模,営業開拓,見積依頼
A02464,日用品,中規模,Web問い合わせ,見積依頼
A02465,日用品,中規模,展示会,見積依頼
A02466,化粧品,中規模,紹介,資料請求
A02467,研究開発,小規模,展示会,見積依頼
A02468,食品,小規模,紹介,資料請求
A02469,化粧品,中規模,Web問い合わせ,サンプル依頼
A02470,その他,小規模,Web問い合わせ,資料請求
A02471,日用品,中規模,Web問い合わせ,資料請求
A02472,食品,小規模,営業開拓,サンプル依頼
A02473,その他,大規模,展示会,見積依頼
A02474,日用品,中規模,展示会,情報収集
A02475,日用品,小規模,紹介,資料請求
A02476,その他,小規模,Web問い合わせ,サンプル依頼
A02477,日用品,中規模,Web問い合わせ,情報収集
A02478,化粧品,大規模,展示会,情報収集
A02479,その他,中規模,営業開拓,情報収集
A02480,食品,中規模,営業開拓,資料請求
A02481,その他,中規模,Web問い合わせ,情報収集
A02482,食品,小規模,Web問い合わせ,情報収集
A02483,研究開発,中規模,営業開拓,情報収集
A02484,日用品,中規模,紹介,資料請求
A02485,食品,大規模,展示会,資料請求
A02486,研究開発,小規模,紹介,資料請求
A02487,食品,小規模,紹介,見積依頼
A02488,日用品,小規模,Web問い合わせ,見積依頼
A02489,研究開発,小規模,Web問い合わせ,サンプル依頼
A02490,日用品,大規模,展示会,資料請求
A02491,研究開発,小規模,営業開拓,情報収集
A02492,化粧品,小規模,紹介,情報収集
A02493,食品,小規模,Web問い合わせ,見積依頼
A02494,食品,小規模,営業開拓,資料請求
A02495,化粧品,小規模,営業開拓,資料請求
A02496,研究開発,中規模,展示会,サンプル依頼
A02497,食品,中規模,Web問い合わせ,見積依頼
A02498,研究開発,小規模,展示会,情報収集
A02499,その他,中規模,営業開拓,情報収集
A02500,日用品,小規模,Web問い合わせ,情報収集
A02501,食品,中規模,営業開拓,サンプル依頼
A02502,化粧品,大規模,Web問い合わせ,サンプル依頼
A02503,研究開発,中規模,営業開拓,サンプル依頼
A02504,研究開発,中規模,営業開拓,サンプル依頼
A02505,化粧品,小規模,営業開拓,資料請求
A02506,化粧品,小規模,展示会,資料請求
A02507,化粧品,大規模,Web問い合わせ,資料請求
A02508,研究開発,中規模,営業開拓,情報収集
A02509,食品,小規模,営業開拓,資料請求
A02510,その他,中規模,Web問い合わせ,資料請求
A02511,化粧品,大規模,展示会,資料請求
A02512,日用品,小規模,営業開拓,サンプル依頼
A02513,その他,中規模,紹介,資料請求
A02514,食品,小規模,紹介,資料請求
A02515,日用品,中規模,Web問い合わせ,見積依頼
A02516,研究開発,小規模,Web問い合わせ,情報収集
A02517,その他,大規模,Web問い合わせ,サンプル依頼
A02518,日用品,中規模,展示会,サンプル依頼
A02519,その他,小規模,Web問い合わせ,サンプル依頼
A02520,食品,小規模,展示会,情報収集
A02521,研究開発,大規模,紹介,見積依頼
A02522,研究開発,小規模,Web問い合わせ,資料請求
A02523,化粧品,中規模,営業開拓,資料請求
A02524,化粧品,中規模,展示会,サンプル依頼
A02525,食品,中規模,営業開拓,見積依頼
A02526,日用品,中規模,展示会,サンプル依頼
A02527,その他,小規模,営業開拓,情報収集
A02528,食品,大規模,紹介,サンプル依頼
A02529,その他,小規模,Web問い合わせ,見積依頼
A02530,食品,中規模,展示会,サンプル依頼
A02531,日用品,小規模,紹介,見積依頼
A02532,食品,中規模,営業開拓,サンプル依頼
A02533,その他,中規模,Web問い合わせ,情報収集
A02534,化粧品,大規模,展示会,サンプル依頼
A02535,食品,小規模,営業開拓,情報収集
A02536,化粧品,小規模,営業開拓,資料請求
A02537,日用品,中規模,紹介,サンプル依頼
A02538,研究開発,中規模,営業開拓,情報収集
A02539,日用品,小規模,営業開拓,資料請求
A02540,その他,大規模,Web問い合わせ,サンプル依頼
A02541,研究開発,小規模,Web問い合わせ,サンプル依頼
A02542,日用品,小規模,紹介,サンプル依頼
A02543,食品,小規模,展示会,情報収集
A02544,日用品,小規模,紹介,情報収集
A02545,化粧品,中規模,営業開拓,資料請求
A02546,化粧品,中規模,展示会,サンプル依頼
A02547,化粧品,中規模,Web問い合わせ,情報収集
A02548,食品,小規模,展示会,情報収集
A02549,日用品,小規模,Web問い合わせ,サンプル依頼
A02550,研究開発,小規模,営業開拓,見積依頼
A02551,化粧品,中規模,Web問い合わせ,資料請求
A02552,その他,中規模,Web問い合わせ,サンプル依頼
A02553,食品,小規模,展示会,サンプル依頼
A02554,日用品,中規模,Web問い合わせ,見積依頼
A02555,食品,中規模,営業開拓,資料請求
A02556,研究開発,小規模,展示会,見積依頼
A02557,研究開発,大規模,Web問い合わせ,サンプル依頼
A02558,その他,小規模,展示会,資料請求
A02559,その他,大規模,紹介,見積依頼
A02560,化粧品,中規模,営業開拓,資料請求
A02561,研究開発,中規模,紹介,情報収集
A02562,その他,小規模,展示会,資料請求
A02563,化粧品,小規模,Web問い合わせ,情報収集
A02564,日用品,小規模,Web問い合わせ,情報収集
A02565,研究開発,中規模,紹介,サンプル依頼
A02566,化粧品,小規模,紹介,見積依頼
A02567,食品,中規模,営業開拓,サンプル依頼
A02568,研究開発,中規模,展示会,情報収集
A02569,日用品,中規模,展示会,情報収集
A02570,その他,中規模,Web問い合わせ,見積依頼
A02571,化粧品,小規模,展示会,資料請求
A02572,日用品,中規模,Web問い合わせ,資料請求
A02573,化粧品,中規模,営業開拓,情報収集
A02574,研究開発,小規模,Web問い合わせ,資料請求
A02575,その他,小規模,Web問い合わせ,見積依頼
A02576,化粧品,中規模,営業開拓,情報収集
A02577,日用品,小規模,Web問い合わせ,見積依頼
A02578,日用品,中規模,営業開拓,情報収集
A02579,食品,小規模,Web問い合わせ,資料請求
A02580,化粧品,中規模,展示会,情報収集
A02581,化粧品,大規模,展示会,情報収集
A02582,食品,中規模,営業開拓,サンプル依頼
A02583,研究開発,中規模,Web問い合わせ,サンプル依頼
A02584,化粧品,小規模,展示会,情報収集
A02585,化粧品,大規模,営業開拓,情報収集
A02586,化粧品,中規模,紹介,情報収集
A02587,研究開発,小規模,営業開拓,資料請求
A02588,食品,中規模,紹介,資料請求
A02589,化粧品,小規模,営業開拓,見積依頼
A02590,化粧品,小規模,展示会,情報収集
A02591,食品,小規模,Web問い合わせ,見積依頼
A02592,化粧品,中規模,営業開拓,見積依頼
A02593,化粧品,小規模,紹介,資料請求
A02594,化粧品,小規模,営業開拓,情報収集
A02595,研究開発,小規模,Web問い合わせ,情報収集
A02596,化粧品,小規模,Web問い合わせ,見積依頼
A02597,食品,小規模,Web問い合わせ,サンプル依頼
A02598,日用品,小規模,営業開拓,見積依頼
A02599,研究開発,中規模,営業開拓,資料請求
A02600,日用品,小規模,Web問い合わせ,サンプル依頼
A02601,日用品,大規模,Web問い合わせ,サンプル依頼
A02602,日用品,小規模,紹介,資料請求
A02603,研究開発,大規模,Web問い合わせ,情報収集
A02604,食品,中規模,展示会,見積依頼
A02605,食品,中規模,営業開拓,見積依頼
A02606,日用品,小規模,Web問い合わせ,サンプル依頼
A02607,日用品,小規模,Web問い合わせ,資料請求
A02608,化粧品,小規模,営業開拓,資料請求
A02609,その他,中規模,営業開拓,見積依頼
A02610,食品,中規模,営業開拓,資料請求
A02611,化粧品,小規模,展示会,資料請求
A02612,研究開発,小規模,営業開拓,情報収集
A02613,食品,小規模,Web問い合わせ,情報収集
A02614,化粧品,小規模,営業開拓,サンプル依頼
A02615,研究開発,小規模,Web問い合わせ,情報収集
A02616,化粧品,小規模,Web問い合わせ,情報収集
A02617,化粧品,小規模,営業開拓,サンプル依頼
A02618,食品,中規模,Web問い合わせ,サンプル依頼
A02619,その他,中規模,Web問い合わせ,サンプル依頼
A02620,その他,小規模,紹介,サンプル依頼
A02621,食品,中規模,営業開拓,資料請求
A02622,その他,小規模,Web問い合わせ,情報収集
A02623,食品,小規模,営業開拓,情報収集
A02624,日用品,中規模,紹介,資料請求
A02625,食品,大規模,Web問い合わせ,サンプル依頼
A02626,化粧品,小規模,Web問い合わせ,資料請求
A02627,化粧品,中規模,Web問い合わせ,サンプル依頼
A02628,研究開発,小規模,展示会,資料請求
A02629,日用品,小規模,営業開拓,情報収集
A02630,その他,中規模,Web問い合わせ,資料請求
A02631,研究開発,大規模,Web問い合わせ,サンプル依頼
A02632,その他,中規模,Web問い合わせ,サンプル依頼
A02633,その他,中規模,展示会,見積依頼
A02634,化粧品,小規模,展示会,サンプル依頼
A02635,日用品,中規模,Web問い合わせ,見積依頼
A02636,化粧品,中規模,展示会,情報収集
A02637,食品,中規模,Web問い合わせ,見積依頼
A02638,食品,小規模,展示会,情報収集
A02639,食品,中規模,展示会,資料請求
A02640,その他,小規模,Web問い合わせ,資料請求
A02641,日用品,中規模,Web問い合わせ,サンプル依頼
A02642,食品,小規模,Web問い合わせ,サンプル依頼
A02643,化粧品,中規模,Web問い合わせ,情報収集
A02644,化粧品,大規模,展示会,資料請求
A02645,その他,中規模,Web問い合わせ,サンプル依頼
A02646,化粧品,小規模,営業開拓,サンプル依頼
A02647,日用品,中規模,Web問い合わせ,資料請求
A02648,食品,大規模,Web問い合わせ,情報収集
A02649,日用品,小規模,紹介,見積依頼
A02650,食品,中規模,展示会,情報収集
A02651,研究開発,小規模,展示会,情報収集
A02652,研究開発,小規模,紹介,情報収集
A02653,日用品,小規模,Web問い合わせ,資料請求
A02654,研究開発,大規模,Web問い合わせ,サンプル依頼
A02655,その他,小規模,Web問い合わせ,情報収集
A02656,化粧品,中規模,営業開拓,サンプル依頼
A02657,その他,小規模,Web問い合わせ,情報収集
A02658,研究開発,中規模,営業開拓,サンプル依頼
A02659,その他,中規模,Web問い合わせ,情報収集
A02660,日用品,小規模,Web問い合わせ,サンプル依頼
A02661,その他,小規模,Web問い合わせ,見積依頼
A02662,化粧品,中規模,営業開拓,情報収集
A02663,日用品,小規模,Web問い合わせ,資料請求
A02664,研究開発,小規模,展示会,見積依頼
A02665,その他,小規模,Web問い合わせ,資料請求
A02666,化粧品,中規模,展示会,資料請求
A02667,化粧品,小規模,Web問い合わせ,資料請求
A02668,食品,中規模,展示会,サンプル依頼
A02669,日用品,中規模,Web問い合わせ,資料請求
A02670,食品,中規模,紹介,情報収集
A02671,化粧品,小規模,紹介,情報収集
A02672,化粧品,中規模,営業開拓,資料請求
A02673,食品,中規模,紹介,資料請求
A02674,その他,中規模,展示会,サンプル依頼
A02675,食品,中規模,営業開拓,資料請求
A02676,研究開発,中規模,紹介,サンプル依頼
A02677,化粧品,小規模,Web問い合わせ,情報収集
A02678,化粧品,中規模,Web問い合わせ,情報収集
A02679,研究開発,中規模,営業開拓,サンプル依頼
A02680,日用品,大規模,Web問い合わせ,サンプル依頼
A02681,研究開発,大規模,紹介,資料請求
A02682,日用品,中規模,営業開拓,情報収集
A02683,食品,小規模,Web問い合わせ,サンプル依頼
A02684,食品,小規模,紹介,見積依頼
A02685,日用品,小規模,紹介,情報収集
A02686,日用品,大規模,紹介,見積依頼
A02687,食品,小規模,紹介,情報収集
A02688,食品,小規模,Web問い合わせ,資料請求
A02689,食品,中規模,展示会,サンプル依頼
A02690,食品,中規模,Web問い合わせ,資料請求
A02691,日用品,小規模,紹介,資料請求
A02692,化粧品,小規模,紹介,情報収集
A02693,化粧品,小規模,Web問い合わせ,情報収集
A02694,研究開発,中規模,紹介,資料請求
A02695,日用品,大規模,営業開拓,資料請求
A02696,日用品,中規模,展示会,情報収集
A02697,その他,小規模,展示会,サンプル依頼
A02698,日用品,小規模,営業開拓,サンプル依頼
A02699,食品,小規模,紹介,資料請求
A02700,その他,中規模,展示会,サンプル依頼
A02701,その他,大規模,展示会,見積依頼
A02702,日用品,中規模,展示会,見積依頼
A02703,食品,小規模,営業開拓,資料請求
A02704,研究開発,小規模,営業開拓,情報収集
A02705,研究開発,中規模,展示会,サンプル依頼
A02706,日用品,小規模,展示会,サンプル依頼
A02707,食品,中規模,営業開拓,サンプル依頼
A02708,化粧品,小規模,営業開拓,情報収集
A02709,食品,中規模,紹介,見積依頼
A02710,化粧品,小規模,展示会,見積依頼
A02711,日用品,小規模,営業開拓,見積依頼
A02712,化粧品,小規模,営業開拓,サンプル依頼
A02713,化粧品,中規模,営業開拓,見積依頼
A02714,研究開発,小規模,紹介,情報収集
A02715,化粧品,中規模,Web問い合わせ,サンプル依頼
A02716,化粧品,大規模,紹介,資料請求
A02717,食品,大規模,展示会,サンプル依頼
A02718,食品,中規模,Web問い合わせ,資料請求
A02719,研究開発,小規模,営業開拓,資料請求
A02720,食品,小規模,営業開拓,資料請求
A02721,化粧品,小規模,Web問い合わせ,サンプル依頼
A02722,化粧品,小規模,展示会,情報収集
A02723,化粧品,中規模,Web問い合わせ,資料請求
A02724,日用品,中規模,展示会,見積依頼
A02725,その他,大規模,紹介,情報収集
A02726,化粧品,小規模,Web問い合わせ,サンプル依頼
A02727,食品,中規模,展示会,サンプル依頼
A02728,化粧品,小規模,展示会,見積依頼
A02729,日用品,大規模,展示会,資料請求
A02730,研究開発,小規模,営業開拓,資料請求
A02731,その他,小規模,Web問い合わせ,サンプル依頼
A02732,研究開発,中規模,Web問い合わせ,サンプル依頼
A02733,化粧品,中規模,営業開拓,サンプル依頼
A02734,その他,中規模,Web問い合わせ,資料請求
A02735,化粧品,大規模,展示会,資料請求
A02736,食品,小規模,紹介,サンプル依頼
A02737,食品,小規模,紹介,資料請求
A02738,その他,小規模,Web問い合わせ,情報収集
A02739,日用品,小規模,展示会,情報収集
A02740,化粧品,中規模,Web問い合わせ,資料請求
A02741,研究開発,小規模,営業開拓,資料請求
A02742,化粧品,中規模,Web問い合わせ,サンプル依頼
A02743,その他,小規模,展示会,情報収集
A02744,その他,小規模,展示会,サンプル依頼
A02745,研究開発,大規模,展示会,サンプル依頼
A02746,化粧品,大規模,展示会,情報収集
A02747,食品,中規模,紹介,サンプル依頼
A02748,食品,大規模,営業開拓,資料請求
A02749,化粧品,小規模,Web問い合わせ,サンプル依頼
A02750,化粧品,中規模,紹介,サンプル依頼
A02751,研究開発,小規模,Web問い合わせ,資料請求
A02752,化粧品,小規模,展示会,情報収集
A02753,化粧品,中規模,営業開拓,情報収集
A02754,食品,中規模,Web問い合わせ,見積依頼
A02755,日用品,中規模,営業開拓,サンプル依頼
A02756,化粧品,中規模,Web問い合わせ,サンプル依頼
A02757,食品,大規模,Web問い合わせ,見積依頼
A02758,研究開発,小規模,営業開拓,情報収集
A02759,日用品,小規模,展示会,サンプル依頼
A02760,食品,中規模,展示会,資料請求
A02761,化粧品,小規模,営業開拓,資料請求
A02762,日用品,中規模,Web問い合わせ,サンプル依頼
A02763,食品,中規模,Web問い合わせ,サンプル依頼
A02764,食品,小規模,Web問い合わせ,サンプル依頼
A02765,食品,小規模,紹介,資料請求
A02766,日用品,小規模,展示会,情報収集
A02767,化粧品,中規模,紹介,見積依頼
A02768,研究開発,中規模,紹介,サンプル依頼
A02769,食品,中規模,展示会,資料請求
A02770,日用品,小規模,展示会,資料請求
A02771,その他,小規模,Web問い合わせ,見積依頼
A02772,研究開発,中規模,営業開拓,情報収集
A02773,化粧品,小規模,営業開拓,資料請求
A02774,その他,小規模,展示会,資料請求
A02775,日用品,中規模,営業開拓,サンプル依頼
A02776,食品,中規模,展示会,見積依頼
A02777,化粧品,小規模,展示会,資料請求
A02778,研究開発,中規模,Web問い合わせ,見積依頼
A02779,化粧品,小規模,営業開拓,サンプル依頼
A02780,食品,小規模,営業開拓,見積依頼
A02781,日用品,中規模,営業開拓,サンプル依頼
A02782,食品,小規模,展示会,サンプル依頼
A02783,食品,小規模,営業開拓,情報収集
A02784,化粧品,大規模,紹介,見積依頼
A02785,化粧品,中規模,Web問い合わせ,サンプル依頼
A02786,化粧品,小規模,Web問い合わせ,サンプル依頼
A02787,化粧品,小規模,Web問い合わせ,サンプル依頼
A02788,日用品,小規模,展示会,資料請求
A02789,研究開発,大規模,展示会,資料請求
A02790,研究開発,小規模,紹介,サンプル依頼
A02791,化粧品,小規模,紹介,見積依頼
A02792,研究開発,大規模,Web問い合わせ,見積依頼
A02793,その他,大規模,Web問い合わせ,情報収集
A02794,化粧品,小規模,展示会,情報収集
A02795,日用品,中規模,紹介,資料請求
A02796,日用品,小規模,Web問い合わせ,情報収集
A02797,食品,小規模,Web問い合わせ,サンプル依頼
A02798,食品,小規模,展示会,サンプル依頼
A02799,食品,中規模,展示会,サンプル依頼
A02800,食品,小規模,展示会,資料請求
A02801,化粧品,小規模,Web問い合わせ,資料請求
A02802,化粧品,小規模,Web問い合わせ,情報収集
A02803,その他,中規模,展示会,見積依頼
A02804,その他,小規模,紹介,資料請求
A02805,化粧品,中規模,営業開拓,資料請求
A02806,研究開発,小規模,Web問い合わせ,見積依頼
A02807,その他,小規模,展示会,サンプル依頼
A02808,食品,小規模,紹介,情報収集
A02809,研究開発,大規模,Web問い合わせ,見積依頼
A02810,研究開発,中規模,展示会,情報収集
A02811,食品,小規模,展示会,サンプル依頼
A02812,食品,小規模,展示会,資料請求
A02813,化粧品,中規模,紹介,サンプル依頼
A02814,食品,小規模,営業開拓,情報収集
A02815,化粧品,小規模,Web問い合わせ,資料請求
A02816,化粧品,小規模,営業開拓,資料請求
A02817,食品,小規模,Web問い合わせ,サンプル依頼
A02818,食品,小規模,紹介,情報収集
A02819,研究開発,小規模,Web問い合わせ,資料請求
A02820,化粧品,中規模,展示会,資料請求
A02821,化粧品,中規模,営業開拓,情報収集
A02822,その他,小規模,展示会,情報収集
A02823,食品,小規模,展示会,見積依頼
A02824,研究開発,中規模,紹介,情報収集
A02825,その他,小規模,営業開拓,見積依頼
A02826,化粧品,中規模,展示会,サンプル依頼
A02827,化粧品,小規模,Web問い合わせ,情報収集
A02828,食品,中規模,Web問い合わせ,情報収集
A02829,日用品,大規模,Web問い合わせ,資料請求
A02830,研究開発,小規模,Web問い合わせ,サンプル依頼
A02831,化粧品,中規模,展示会,資料請求
A02832,化粧品,大規模,Web問い合わせ,情報収集
A02833,食品,中規模,Web問い合わせ,見積依頼
A02834,食品,中規模,営業開拓,見積依頼
A02835,日用品,中規模,紹介,資料請求
A02836,日用品,中規模,営業開拓,情報収集
A02837,日用品,中規模,Web問い合わせ,資料請求
A02838,食品,小規模,営業開拓,サンプル依頼
A02839,食品,大規模,紹介,資料請求
A02840,化粧品,中規模,展示会,サンプル依頼
A02841,食品,小規模,紹介,サンプル依頼
A02842,その他,小規模,営業開拓,資料請求
A02843,日用品,中規模,Web問い合わせ,資料請求
A02844,研究開発,小規模,Web問い合わせ,見積依頼
A02845,化粧品,大規模,Web問い合わせ,サンプル依頼
A02846,食品,大規模,Web問い合わせ,資料請求
A02847,食品,小規模,Web問い合わせ,サンプル依頼
A02848,食品,小規模,展示会,資料請求
A02849,食品,中規模,紹介,見積依頼
A02850,化粧品,大規模,営業開拓,資料請求
A02851,食品,小規模,展示会,サンプル依頼
A02852,化粧品,小規模,営業開拓,情報収集
A02853,食品,小規模,営業開拓,資料請求
A02854,研究開発,中規模,展示会,資料請求
A02855,研究開発,中規模,営業開拓,サンプル依頼
A02856,化粧品,中規模,Web問い合わせ,資料請求
A02857,その他,小規模,展示会,情報収集
A02858,化粧品,中規模,展示会,情報収集
A02859,日用品,小規模,展示会,資料請求
A02860,その他,中規模,営業開拓,見積依頼
A02861,食品,中規模,展示会,サンプル依頼
A02862,研究開発,中規模,Web問い合わせ,資料請求
A02863,化粧品,大規模,紹介,見積依頼
A02864,研究開発,小規模,営業開拓,資料請求
A02865,食品,小規模,展示会,情報収集
A02866,化粧品,中規模,Web問い合わせ,サンプル依頼
A02867,その他,小規模,Web問い合わせ,資料請求
A02868,食品,中規模,Web問い合わせ,情報収集
A02869,食品,小規模,Web問い合わせ,資料請求
A02870,食品,中規模,紹介,資料請求
A02871,食品,小規模,紹介,見積依頼
A02872,研究開発,大規模,展示会,資料請求
A02873,その他,大規模,紹介,情報収集
A02874,日用品,小規模,営業開拓,情報収集
A02875,日用品,小規模,紹介,サンプル依頼
A02876,化粧品,中規模,営業開拓,情報収集
A02877,研究開発,中規模,営業開拓,資料請求
A02878,食品,中規模,展示会,情報収集
A02879,化粧品,小規模,紹介,サンプル依頼
A02880,その他,大規模,紹介,資料請求
A02881,日用品,中規模,展示会,情報収集
A02882,日用品,大規模,営業開拓,情報収集
A02883,日用品,中規模,展示会,情報収集
A02884,化粧品,大規模,展示会,情報収集
A02885,その他,中規模,営業開拓,情報収集
A02886,研究開発,中規模,Web問い合わせ,資料請求
A02887,その他,小規模,展示会,サンプル依頼
A02888,食品,中規模,営業開拓,資料請求
A02889,日用品,小規模,紹介,資料請求
A02890,化粧品,小規模,展示会,情報収集
A02891,化粧品,小規模,Web問い合わせ,資料請求
A02892,食品,小規模,展示会,サンプル依頼
A02893,食品,中規模,営業開拓,情報収集
A02894,日用品,大規模,紹介,情報収集
A02895,研究開発,小規模,Web問い合わせ,資料請求
A02896,研究開発,小規模,展示会,情報収集
A02897,化粧品,大規模,Web問い合わせ,資料請求
A02898,研究開発,小規模,Web問い合わせ,サンプル依頼
A02899,化粧品,小規模,展示会,資料請求
A02900,研究開発,中規模,営業開拓,資料請求
A02901,日用品,大規模,展示会,資料請求
A02902,研究開発,小規模,展示会,資料請求
A02903,その他,小規模,紹介,資料請求
A02904,化粧品,小規模,営業開拓,見積依頼
A02905,研究開発,大規模,営業開拓,情報収集
A02906,その他,小規模,展示会,サンプル依頼
A02907,化粧品,大規模,Web問い合わせ,資料請求
A02908,日用品,小規模,展示会,情報収集
A02909,日用品,小規模,展示会,サンプル依頼
A02910,研究開発,小規模,営業開拓,見積依頼
A02911,化粧品,中規模,展示会,情報収集
A02912,化粧品,中規模,展示会,資料請求
A02913,食品,大規模,Web問い合わせ,見積依頼
A02914,食品,小規模,Web問い合わせ,情報収集
A02915,食品,大規模,展示会,情報収集
A02916,研究開発,小規模,展示会,情報収集
A02917,化粧品,小規模,展示会,サンプル依頼
A02918,研究開発,中規模,紹介,情報収集
A02919,その他,小規模,展示会,資料請求
A02920,日用品,小規模,営業開拓,見積依頼
A02921,食品,中規模,Web問い合わせ,見積依頼
A02922,化粧品,小規模,展示会,サンプル依頼
A02923,食品,大規模,Web問い合わせ,見積依頼
A02924,食品,小規模,Web問い合わせ,サンプル依頼
A02925,日用品,中規模,Web問い合わせ,資料請求
A02926,研究開発,大規模,展示会,サンプル依頼
A02927,化粧品,小規模,Web問い合わせ,サンプル依頼
A02928,研究開発,小規模,Web問い合わせ,情報収集
A02929,食品,中規模,Web問い合わせ,資料請求
A02930,研究開発,小規模,営業開拓,見積依頼
A02931,その他,小規模,Web問い合わせ,資料請求
A02932,その他,小規模,Web問い合わせ,資料請求
A02933,化粧品,小規模,営業開拓,見積依頼
A02934,化粧品,中規模,Web問い合わせ,サンプル依頼
A02935,化粧品,大規模,紹介,サンプル依頼
A02936,日用品,中規模,営業開拓,サンプル依頼
A02937,研究開発,小規模,Web問い合わせ,資料請求
A02938,食品,小規模,紹介,資料請求
A02939,化粧品,小規模,Web問い合わせ,サンプル依頼
A02940,その他,小規模,展示会,資料請求
A02941,研究開発,小規模,Web問い合わせ,情報収集
A02942,食品,中規模,営業開拓,情報収集
A02943,化粧品,小規模,営業開拓,見積依頼
A02944,食品,小規模,展示会,見積依頼
A02945,その他,中規模,営業開拓,見積依頼
A02946,研究開発,中規模,展示会,情報収集
A02947,化粧品,小規模,営業開拓,見積依頼
A02948,その他,小規模,営業開拓,情報収集
A02949,研究開発,大規模,展示会,資料請求
A02950,食品,小規模,展示会,資料請求
A02951,食品,小規模,紹介,サンプル依頼
A02952,その他,中規模,Web問い合わせ,見積依頼
A02953,化粧品,中規模,展示会,情報収集
A02954,研究開発,大規模,Web問い合わせ,サンプル依頼
A02955,研究開発,中規模,Web問い合わせ,資料請求
A02956,研究開発,大規模,紹介,見積依頼
A02957,日用品,大規模,営業開拓,サンプル依頼
A02958,化粧品,小規模,展示会,情報収集
A02959,日用品,中規模,営業開拓,資料請求
A02960,化粧品,大規模,紹介,情報収集
A02961,日用品,大規模,展示会,資料請求
A02962,食品,中規模,Web問い合わせ,サンプル依頼
A02963,日用品,小規模,Web問い合わせ,情報収集
A02964,その他,大規模,Web問い合わせ,サンプル依頼
A02965,化粧品,小規模,Web問い合わせ,見積依頼
A02966,その他,中規模,Web問い合わせ,サンプル依頼
A02967,研究開発,中規模,展示会,情報収集
A02968,その他,中規模,営業開拓,見積依頼
A02969,研究開発,中規模,紹介,資料請求
A02970,食品,小規模,展示会,資料請求
A02971,食品,中規模,Web問い合わせ,見積依頼
A02972,食品,中規模,展示会,資料請求
A02973,その他,小規模,展示会,情報収集
A02974,その他,大規模,営業開拓,情報収集
A02975,食品,中規模,紹介,情報収集
A02976,日用品,小規模,Web問い合わせ,情報収集
A02977,食品,中規模,営業開拓,見積依頼
A02978,食品,小規模,Web問い合わせ,サンプル依頼
A02979,日用品,大規模,営業開拓,資料請求
A02980,その他,中規模,展示会,資料請求
A02981,化粧品,中規模,展示会,情報収集
A02982,食品,小規模,展示会,情報収集
A02983,その他,中規模,展示会,サンプル依頼
A02984,化粧品,中規模,Web問い合わせ,資料請求
A02985,日用品,中規模,Web問い合わせ,サンプル依頼
A02986,日用品,中規模,Web問い合わせ,資料請求
A02987,研究開発,小規模,Web問い合わせ,情報収集
A02988,化粧品,小規模,Web問い合わせ,情報収集
A02989,その他,小規模,Web問い合わせ,見積依頼
A02990,化粧品,大規模,展示会,資料請求
A02991,その他,小規模,Web問い合わせ,サンプル依頼
A02992,その他,中規模,紹介,資料請求
A02993,研究開発,小規模,営業開拓,サンプル依頼
A02994,化粧品,大規模,Web問い合わせ,サンプル依頼
A02995,食品,小規模,展示会,資料請求
A02996,その他,中規模,Web問い合わせ,資料請求
A02997,日用品,中規模,Web問い合わせ,情報収集
A02998,食品,中規模,営業開拓,見積依頼
A02999,化粧品,小規模,展示会,情報収集
A03000,日用品,中規模,紹介,資料請求
