opportunity_id,customer_id,stage,contracted,days_since_contact
OPP-A00001,A00001,契約,1,22
OPP-A00002,A00002,商談,0,3
OPP-A00003,A00003,接触済,0,119
OPP-A00004,A00004,未接触,0,41
OPP-A00005,A00005,接触済,0,78
OPP-A00006,A00006,契約,1,28
OPP-A00007,A00007,接触済,0,75
OPP-A00008,A00008,接触済,0,107
OPP-A00009,A00009,接触済,0,26
OPP-A00010,A00010,接触済,0,119
OPP-A00011,A00011,接触済,0,14
OPP-A00012,A00012,接触済,0,26
OPP-A00013,A00013,接触済,0,109
OPP-A00014,A00014,接触済,0,23
OPP-A00015,A00015,接触済,0,28
OPP-A00016,A00016,接触済,0,45
OPP-A00017,A00017,接触済,0,77
OPP-A00018,A00018,契約,1,14
OPP-A00019,A00019,接触済,0,18
OPP-A00020,A00020,接触済,0,61
OPP-A00021,A00021,接触済,0,61
OPP-A00022,A00022,契約,1,16
OPP-A00023,A00023,接触済,0,107
OPP-A00024,A00024,接触済,0,70
OPP-A00025,A00025,未接触,0,85
OPP-A00026,A00026,接触済,0,113
OPP-A00027,A00027,接触済,0,21
OPP-A00028,A00028,接触済,0,47
OPP-A00029,A00029,接触済,0,29
OPP-A00030,A00030,接触済,0,5
OPP-A00031,A00031,接触済,0,117
OPP-A00032,A00032,接触済,0,99
OPP-A00033,A00033,契約,1,66
OPP-A00034,A00034,接触済,0,53
OPP-A00035,A00035,接触済,0,13
OPP-A00036,A00036,接触済,0,53
OPP-A00037,A00037,接触済,0,47
OPP-A00038,A00038,接触済,0,60
OPP-A00039,A00039,接触済,0,72
OPP-A00040,A00040,接触済,0,77
OPP-A00041,A00041,接触済,0,109
OPP-A00042,A00042,接触済,0,73
OPP-A00043,A00043,接触済,0,118
OPP-A00044,A00044,接触済,0,65
OPP-A00045,A00045,接触済,0,102
OPP-A00046,A00046,接触済,0,32
OPP-A00047,A00047,接触済,0,86
OPP-A00048,A00048,接触済,0,100
OPP-A00049,A00049,接触済,0,30
OPP-A00050,A00050,接触済,0,13
OPP-A00051,A00051,契約,1,102
OPP-A00052,A00052,接触済,0,109
OPP-A00053,A00053,接触済,0,39
OPP-A00054,A00054,接触済,0,99
OPP-A00055,A00055,商談,0,70
OPP-A00056,A00056,接触済,0,94
OPP-A00057,A00057,未接触,0,41
OPP-A00058,A00058,接触済,0,23
OPP-A00059,A00059,接触済,0,120
OPP-A00060,A00060,接触済,0,50
OPP-A00061,A00061,接触済,0,95
OPP-A00062,A00062,接触済,0,117
OPP-A00063,A00063,接触済,0,113
OPP-A00064,A00064,接触済,0,9
OPP-A00065,A00065,接触済,0,94
OPP-A00066,A00066,接触済,0,85
OPP-A00067,A00067,接触済,0,57
OPP-A00068,A00068,接触済,0,67
OPP-A00069,A00069,接触済,0,66
OPP-A00070,A00070,接触済,0,72
OPP-A00071,A00071,接触済,0,0
OPP-A00072,A00072,未接触,0,89
OPP-A00073,A00073,接触済,0,2
OPP-A00074,A00074,接触済,0,1
OPP-A00075,A00075,接触済,0,80
OPP-A00076,A00076,接触済,0,83
OPP-A00077,A00077,未接触,0,26
OPP-A00078,A00078,接触済,0,70
OPP-A00079,A00079,接触済,0,107
OPP-A00080,A00080,接触済,0,22
OPP-A00081,A00081,接触済,0,109
OPP-A00082,A00082,接触済,0,17
OPP-A00083,A00083,接触済,0,99
OPP-A00084,A00084,接触済,0,11
OPP-A00085,A00085,接触済,0,78
OPP-A00086,A00086,接触済,0,40
OPP-A00087,A00087,接触済,0,7
OPP-A00088,A00088,接触済,0,49
OPP-A00089,A00089,接触済,0,51
OPP-A00090,A00090,接触済,0,6
OPP-A00091,A00091,接触済,0,4
OPP-A00092,A00092,接触済,0,59
OPP-A00093,A00093,未接触,0,81
OPP-A00094,A00094,接触済,0,4
OPP-A00095,A00095,接触済,0,88
OPP-A00096,A00096,接触済,0,61
OPP-A00097,A00097,接触済,0,100
OPP-A00098,A00098,接触済,0,65
OPP-A00099,A00099,接触済,0,58
OPP-A00100,A00100,接触済,0,83
OPP-A00101,A00101,接触済,0,18
OPP-A00102,A00102,接触済,0,22
OPP-A00103,A00103,接触済,0,32
OPP-A00104,A00104,接触済,0,76
OPP-A00105,A00105,未接触,0,90
OPP-A00106,A00106,接触済,0,64
OPP-A00107,A00107,接触済,0,57
OPP-A00108,A00108,接触済,0,73
OPP-A00109,A00109,接触済,0,1
OPP-A00110,A00110,接触済,0,36
OPP-A00111,A00111,接触済,0,21
OPP-A00112,A00112,未接触,0,103
OPP-A00113,A00113,接触済,0,112
OPP-A00114,A00114,接触済,0,85
OPP-A00115,A00115,接触済,0,29
OPP-A00116,A00116,接触済,0,86
OPP-A00117,A00117,接触済,0,29
OPP-A00118,A00118,接触済,0,53
OPP-A00119,A00119,接触済,0,99
OPP-A00120,A00120,未接触,0,35
OPP-A00121,A00121,接触済,0,46
OPP-A00122,A00122,接触済,0,50
OPP-A00123,A00123,接触済,0,73
OPP-A00124,A00124,接触済,0,119
OPP-A00125,A00125,接触済,0,70
OPP-A00126,A00126,接触済,0,2
OPP-A00127,A00127,契約,1,111
OPP-A00128,A00128,接触済,0,94
OPP-A00129,A00129,接触済,0,9
OPP-A00130,A00130,接触済,0,24
OPP-A00131,A00131,接触済,0,38
OPP-A00132,A00132,商談,0,22
OPP-A00133,A00133,接触済,0,93
OPP-A00134,A00134,接触済,0,3
OPP-A00135,A00135,接触済,0,41
OPP-A00136,A00136,接触済,0,104
OPP-A00137,A00137,未接触,0,35
OPP-A00138,A00138,接触済,0,97
OPP-A00139,A00139,接触済,0,15
OPP-A00140,A00140,契約,1,31
OPP-A00141,A00141,接触済,0,11
OPP-A00142,A00142,接触済,0,73
OPP-A00143,A00143,接触済,0,108
OPP-A00144,A00144,接触済,0,91
OPP-A00145,A00145,接触済,0,102
OPP-A00146,A00146,接触済,0,74
OPP-A00147,A00147,接触済,0,15
OPP-A00148,A00148,接触済,0,102
OPP-A00149,A00149,接触済,0,74
OPP-A00150,A00150,契約,1,18
OPP-A00151,A00151,接触済,0,85
OPP-A00152,A00152,接触済,0,68
OPP-A00153,A00153,接触済,0,26
OPP-A00154,A00154,未接触,0,54
OPP-A00155,A00155,接触済,0,59
OPP-A00156,A00156,接触済,0,33
OPP-A00157,A00157,接触済,0,2
OPP-A00158,A00158,接触済,0,44
OPP-A00159,A00159,接触済,0,92
OPP-A00160,A00160,接触済,0,98
OPP-A00161,A00161,接触済,0,40
OPP-A00162,A00162,接触済,0,42
OPP-A00163,A00163,接触済,0,36
OPP-A00164,A00164,接触済,0,17
OPP-A00165,A00165,接触済,0,9
OPP-A00166,A00166,接触済,0,113
OPP-A00167,A00167,接触済,0,56
OPP-A00168,A00168,接触済,0,26
OPP-A00169,A00169,接触済,0,107
OPP-A00170,A00170,接触済,0,81
OPP-A00171,A00171,接触済,0,30
OPP-A00172,A00172,接触済,0,100
OPP-A00173,A00173,接触済,0,82
OPP-A00174,A00174,接触済,0,70
OPP-A00175,A00175,接触済,0,98
OPP-A00176,A00176,接触済,0,79
OPP-A00177,A00177,未接触,0,12
OPP-A00178,A00178,商談,0,28
OPP-A00179,A00179,接触済,0,85
OPP-A00180,A00180,未接触,0,114
OPP-A00181,A00181,接触済,0,110
OPP-A00182,A00182,接触済,0,10
OPP-A00183,A00183,接触済,0,80
OPP-A00184,A00184,接触済,0,29
OPP-A00185,A00185,接触済,0,19
OPP-A00186,A00186,未接触,0,56
OPP-A00187,A00187,接触済,0,51
OPP-A00188,A00188,接触済,0,52
OPP-A00189,A00189,接触済,0,30
OPP-A00190,A00190,接触済,0,31
OPP-A00191,A00191,接触済,0,102
OPP-A00192,A00192,接触済,0,114
OPP-A00193,A00193,未接触,0,90
OPP-A00194,A00194,契約,1,26
OPP-A00195,A00195,接触済,0,23
OPP-A00196,A00196,接触済,0,103
OPP-A00197,A00197,接触済,0,78
OPP-A00198,A00198,接触済,0,113
OPP-A00199,A00199,接触済,0,118
OPP-A00200,A00200,接触済,0,9
OPP-A00201,A00201,接触済,0,64
OPP-A00202,A00202,接触済,0,47
OPP-A00203,A00203,未接触,0,8
OPP-A00204,A00204,接触済,0,19
OPP-A00205,A00205,接触済,0,90
OPP-A00206,A00206,接触済,0,53
OPP-A00207,A00207,接触済,0,71
OPP-A00208,A00208,接触済,0,113
OPP-A00209,A00209,接触済,0,91
OPP-A00210,A00210,接触済,0,27
OPP-A00211,A00211,接触済,0,23
OPP-A00212,A00212,契約,1,103
OPP-A00213,A00213,接触済,0,5
OPP-A00214,A00214,契約,1,87
OPP-A00215,A00215,接触済,0,27
OPP-A00216,A00216,商談,0,88
OPP-A00217,A00217,接触済,0,5
OPP-A00218,A00218,接触済,0,76
OPP-A00219,A00219,接触済,0,65
OPP-A00220,A00220,接触済,0,63
OPP-A00221,A00221,接触済,0,14
OPP-A00222,A00222,接触済,0,27
OPP-A00223,A00223,未接触,0,34
OPP-A00224,A00224,接触済,0,10
OPP-A00225,A00225,接触済,0,96
OPP-A00226,A00226,接触済,0,75
OPP-A00227,A00227,接触済,0,95
OPP-A00228,A00228,接触済,0,102
OPP-A00229,A00229,接触済,0,73
OPP-A00230,A00230,未接触,0,68
OPP-A00231,A00231,接触済,0,6
OPP-A00232,A00232,接触済,0,77
OPP-A00233,A00233,接触済,0,28
OPP-A00234,A00234,接触済,0,52
OPP-A00235,A00235,接触済,0,39
OPP-A00236,A00236,接触済,0,58
OPP-A00237,A00237,接触済,0,101
OPP-A00238,A00238,接触済,0,10
OPP-A00239,A00239,接触済,0,75
OPP-A00240,A00240,接触済,0,27
OPP-A00241,A00241,接触済,0,69
OPP-A00242,A00242,接触済,0,92
OPP-A00243,A00243,接触済,0,73
OPP-A00244,A00244,接触済,0,47
OPP-A00245,A00245,接触済,0,58
OPP-A00246,A00246,接触済,0,74
OPP-A00247,A00247,契約,1,13
OPP-A00248,A00248,契約,1,107
OPP-A00249,A00249,接触済,0,28
OPP-A00250,A00250,接触済,0,37
OPP-A00251,A00251,接触済,0,28
OPP-A00252,A00252,接触済,0,19
OPP-A00253,A00253,接触済,0,55
OPP-A00254,A00254,接触済,0,47
OPP-A00255,A00255,接触済,0,30
OPP-A00256,A00256,接触済,0,95
OPP-A00257,A00257,接触済,0,107
OPP-A00258,A00258,接触済,0,52
OPP-A00259,A00259,接触済,0,23
OPP-A00260,A00260,接触済,0,54
OPP-A00261,A00261,接触済,0,117
OPP-A00262,A00262,接触済,0,84
OPP-A00263,A00263,接触済,0,75
OPP-A00264,A00264,接触済,0,73
OPP-A00265,A00265,接触済,0,73
OPP-A00266,A00266,未接触,0,61
OPP-A00267,A00267,接触済,0,24
OPP-A00268,A00268,未接触,0,95
OPP-A00269,A00269,接触済,0,48
OPP-A00270,A00270,接触済,0,101
OPP-A00271,A00271,接触済,0,52
OPP-A00272,A00272,契約,1,113
OPP-A00273,A00273,接触済,0,89
OPP-A00274,A00274,接触済,0,78
OPP-A00275,A00275,接触済,0,102
OPP-A00276,A00276,接触済,0,36
OPP-A00277,A00277,接触済,0,38
OPP-A00278,A00278,接触済,0,117
OPP-A00279,A00279,接触済,0,10
OPP-A00280,A00280,接触済,0,90
OPP-A00281,A00281,接触済,0,24
OPP-A00282,A00282,接触済,0,113
OPP-A00283,A00283,接触済,0,98
OPP-A00284,A00284,接触済,0,57
OPP-A00285,A00285,未接触,0,114
OPP-A00286,A00286,接触済,0,4
OPP-A00287,A00287,接触済,0,107
OPP-A00288,A00288,接触済,0,6
OPP-A00289,A00289,接触済,0,66
OPP-A00290,A00290,接触済,0,82
OPP-A00291,A00291,接触済,0,71
OPP-A00292,A00292,接触済,0,13
OPP-A00293,A00293,未接触,0,111
OPP-A00294,A00294,接触済,0,7
OPP-A00295,A00295,契約,1,104
OPP-A00296,A00296,接触済,0,109
OPP-A00297,A00297,接触済,0,35
OPP-A00298,A00298,商談,0,66
OPP-A00299,A00299,接触済,0,99
OPP-A00300,A00300,接触済,0,73
OPP-A00301,A00301,接触済,0,31
OPP-A00302,A00302,契約,1,91
OPP-A00303,A00303,接触済,0,74
OPP-A00304,A00304,接触済,0,55
OPP-A00305,A00305,接触済,0,96
OPP-A00306,A00306,接触済,0,97
OPP-A00307,A00307,接触済,0,60
OPP-A00308,A00308,契約,1,3
OPP-A00309,A00309,接触済,0,30
OPP-A00310,A00310,接触済,0,112
OPP-A00311,A00311,接触済,0,119
OPP-A00312,A00312,未接触,0,38
OPP-A00313,A00313,接触済,0,60
OPP-A00314,A00314,接触済,0,62
OPP-A00315,A00315,契約,1,28
OPP-A00316,A00316,接触済,0,25
OPP-A00317,A00317,接触済,0,114
OPP-A00318,A00318,接触済,0,44
OPP-A00319,A00319,接触済,0,76
OPP-A00320,A00320,接触済,0,4
OPP-A00321,A00321,接触済,0,9
OPP-A00322,A00322,接触済,0,88
OPP-A00323,A00323,接触済,0,88
OPP-A00324,A00324,接触済,0,10
OPP-A00325,A00325,契約,1,2
OPP-A00326,A00326,接触済,0,18
OPP-A00327,A00327,未接触,0,3
OPP-A00328,A00328,接触済,0,81
OPP-A00329,A00329,接触済,0,50
OPP-A00330,A00330,接触済,0,90
OPP-A00331,A00331,接触済,0,27
OPP-A00332,A00332,接触済,0,1
OPP-A00333,A00333,接触済,0,36
OPP-A00334,A00334,接触済,0,101
OPP-A00335,A00335,接触済,0,83
OPP-A00336,A00336,未接触,0,119
OPP-A00337,A00337,接触済,0,68
OPP-A00338,A00338,接触済,0,75
OPP-A00339,A00339,接触済,0,35
OPP-A00340,A00340,接触済,0,112
OPP-A00341,A00341,接触済,0,58
OPP-A00342,A00342,接触済,0,104
OPP-A00343,A00343,接触済,0,21
OPP-A00344,A00344,未接触,0,70
OPP-A00345,A00345,未接触,0,36
OPP-A00346,A00346,接触済,0,16
OPP-A00347,A00347,接触済,0,107
OPP-A00348,A00348,接触済,0,75
OPP-A00349,A00349,接触済,0,41
OPP-A00350,A00350,接触済,0,84
OPP-A00351,A00351,接触済,0,51
OPP-A00352,A00352,未接触,0,53
OPP-A00353,A00353,接触済,0,71
OPP-A00354,A00354,接触済,0,17
OPP-A00355,A00355,接触済,0,93
OPP-A00356,A00356,接触済,0,21
OPP-A00357,A00357,接触済,0,95
OPP-A00358,A00358,接触済,0,69
OPP-A00359,A00359,接触済,0,76
OPP-A00360,A00360,接触済,0,106
OPP-A00361,A00361,接触済,0,8
OPP-A00362,A00362,接触済,0,25
OPP-A00363,A00363,商談,0,4
OPP-A00364,A00364,接触済,0,98
OPP-A00365,A00365,接触済,0,51
OPP-A00366,A00366,接触済,0,72
OPP-A00367,A00367,接触済,0,112
OPP-A00368,A00368,契約,1,83
OPP-A00369,A00369,接触済,0,53
OPP-A00370,A00370,接触済,0,0
OPP-A00371,A00371,接触済,0,6
OPP-A00372,A00372,接触済,0,37
OPP-A00373,A00373,接触済,0,23
OPP-A00374,A00374,接触済,0,38
OPP-A00375,A00375,接触済,0,31
OPP-A00376,A00376,接触済,0,35
OPP-A00377,A00377,未接触,0,111
OPP-A00378,A00378,接触済,0,90
OPP-A00379,A00379,契約,1,30
OPP-A00380,A00380,契約,1,60
OPP-A00381,A00381,商談,0,0
OPP-A00382,A00382,接触済,0,109
OPP-A00383,A00383,接触済,0,74
OPP-A00384,A00384,接触済,0,110
OPP-A00385,A00385,接触済,0,3
OPP-A00386,A00386,契約,1,114
OPP-A00387,A00387,接触済,0,20
OPP-A00388,A00388,接触済,0,21
OPP-A00389,A00389,接触済,0,34
OPP-A00390,A00390,未接触,0,106
OPP-A00391,A00391,接触済,0,0
OPP-A00392,A00392,接触済,0,118
OPP-A00393,A00393,接触済,0,49
OPP-A00394,A00394,接触済,0,36
OPP-A00395,A00395,接触済,0,110
OPP-A00396,A00396,接触済,0,10
OPP-A00397,A00397,接触済,0,114
OPP-A00398,A00398,接触済,0,94
OPP-A00399,A00399,接触済,0,38
OPP-A00400,A00400,接触済,0,3
OPP-A00401,A00401,未接触,0,109
OPP-A00402,A00402,接触済,0,68
OPP-A00403,A00403,接触済,0,120
OPP-A00404,A00404,接触済,0,37
OPP-A00405,A00405,接触済,0,74
OPP-A00406,A00406,未接触,0,46
OPP-A00407,A00407,接触済,0,110
OPP-A00408,A00408,接触済,0,12
OPP-A00409,A00409,接触済,0,2
OPP-A00410,A00410,接触済,0,26
OPP-A00411,A00411,接触済,0,99
OPP-A00412,A00412,未接触,0,65
OPP-A00413,A00413,接触済,0,83
OPP-A00414,A00414,接触済,0,86
OPP-A00415,A00415,接触済,0,31
OPP-A00416,A00416,接触済,0,103
OPP-A00417,A00417,接触済,0,88
OPP-A00418,A00418,接触済,0,102
OPP-A00419,A00419,接触済,0,73
OPP-A00420,A00420,接触済,0,98
OPP-A00421,A00421,接触済,0,87
OPP-A00422,A00422,接触済,0,84
OPP-A00423,A00423,接触済,0,86
OPP-A00424,A00424,接触済,0,43
OPP-A00425,A00425,契約,1,9
OPP-A00426,A00426,接触済,0,117
OPP-A00427,A00427,接触済,0,75
OPP-A00428,A00428,接触済,0,74
OPP-A00429,A00429,接触済,0,30
OPP-A00430,A00430,接触済,0,115
OPP-A00431,A00431,接触済,0,112
OPP-A00432,A00432,契約,1,6
OPP-A00433,A00433,接触済,0,88
OPP-A00434,A00434,接触済,0,73
OPP-A00435,A00435,接触済,0,37
OPP-A00436,A00436,未接触,0,106
OPP-A00437,A00437,接触済,0,23
OPP-A00438,A00438,未接触,0,88
OPP-A00439,A00439,接触済,0,83
OPP-A00440,A00440,未接触,0,95
OPP-A00441,A00441,接触済,0,103
OPP-A00442,A00442,接触済,0,83
OPP-A00443,A00443,未接触,0,61
OPP-A00444,A00444,未接触,0,119
OPP-A00445,A00445,接触済,0,0
OPP-A00446,A00446,接触済,0,28
OPP-A00447,A00447,接触済,0,84
OPP-A00448,A00448,接触済,0,103
OPP-A00449,A00449,接触済,0,87
OPP-A00450,A00450,接触済,0,72
OPP-A00451,A00451,接触済,0,98
OPP-A00452,A00452,契約,1,65
OPP-A00453,A00453,接触済,0,119
OPP-A00454,A00454,接触済,0,66
OPP-A00455,A00455,接触済,0,112
OPP-A00456,A00456,未接触,0,17
OPP-A00457,A00457,未接触,0,13
OPP-A00458,A00458,契約,1,23
OPP-A00459,A00459,接触済,0,61
OPP-A00460,A00460,接触済,0,27
OPP-A00461,A00461,契約,1,4
OPP-A00462,A00462,接触済,0,42
OPP-A00463,A00463,契約,1,50
OPP-A00464,A00464,接触済,0,108
OPP-A00465,A00465,接触済,0,58
OPP-A00466,A00466,接触済,0,12
OPP-A00467,A00467,接触済,0,31
OPP-A00468,A00468,接触済,0,94
OPP-A00469,A00469,接触済,0,83
OPP-A00470,A00470,接触済,0,86
OPP-A00471,A00471,契約,1,49
OPP-A00472,A00472,接触済,0,73
OPP-A00473,A00473,接触済,0,54
OPP-A00474,A00474,契約,1,5
OPP-A00475,A00475,接触済,0,58
OPP-A00476,A00476,契約,1,41
OPP-A00477,A00477,接触済,0,7
OPP-A00478,A00478,接触済,0,91
OPP-A00479,A00479,接触済,0,70
OPP-A00480,A00480,接触済,0,82
OPP-A00481,A00481,契約,1,14
OPP-A00482,A00482,接触済,0,19
OPP-A00483,A00483,未接触,0,20
OPP-A00484,A00484,接触済,0,35
OPP-A00485,A00485,接触済,0,99
OPP-A00486,A00486,接触済,0,82
OPP-A00487,A00487,接触済,0,5
OPP-A00488,A00488,接触済,0,106
OPP-A00489,A00489,接触済,0,119
OPP-A00490,A00490,接触済,0,40
OPP-A00491,A00491,未接触,0,109
OPP-A00492,A00492,接触済,0,111
OPP-A00493,A00493,接触済,0,3
OPP-A00494,A00494,未接触,0,11
OPP-A00495,A00495,契約,1,67
OPP-A00496,A00496,契約,1,1
OPP-A00497,A00497,接触済,0,106
OPP-A00498,A00498,契約,1,87
OPP-A00499,A00499,契約,1,78
OPP-A00500,A00500,接触済,0,118
OPP-A00501,A00501,接触済,0,97
OPP-A00502,A00502,接触済,0,119
OPP-A00503,A00503,接触済,0,45
OPP-A00504,A00504,接触済,0,37
OPP-A00505,A00505,商談,0,36
OPP-A00506,A00506,接触済,0,89
OPP-A00507,A00507,接触済,0,39
OPP-A00508,A00508,接触済,0,40
OPP-A00509,A00509,接触済,0,97
OPP-A00510,A00510,接触済,0,4
OPP-A00511,A00511,接触済,0,42
OPP-A00512,A00512,接触済,0,26
OPP-A00513,A00513,接触済,0,106
OPP-A00514,A00514,契約,1,3
OPP-A00515,A00515,接触済,0,75
OPP-A00516,A00516,接触済,0,93
OPP-A00517,A00517,未接触,0,1
OPP-A00518,A00518,接触済,0,33
OPP-A00519,A00519,接触済,0,36
OPP-A00520,A00520,未接触,0,42
OPP-A00521,A00521,接触済,0,4
OPP-A00522,A00522,接触済,0,56
OPP-A00523,A00523,接触済,0,109
OPP-A00524,A00524,接触済,0,76
OPP-A00525,A00525,接触済,0,104
OPP-A00526,A00526,接触済,0,88
OPP-A00527,A00527,接触済,0,0
OPP-A00528,A00528,接触済,0,108
OPP-A00529,A00529,接触済,0,63
OPP-A00530,A00530,接触済,0,99
OPP-A00531,A00531,接触済,0,71
OPP-A00532,A00532,接触済,0,11
OPP-A00533,A00533,接触済,0,105
OPP-A00534,A00534,接触済,0,110
OPP-A00535,A00535,接触済,0,111
OPP-A00536,A00536,接触済,0,34
OPP-A00537,A00537,接触済,0,52
OPP-A00538,A00538,接触済,0,73
OPP-A00539,A00539,接触済,0,11
OPP-A00540,A00540,接触済,0,49
OPP-A00541,A00541,接触済,0,32
OPP-A00542,A00542,契約,1,36
OPP-A00543,A00543,接触済,0,43
OPP-A00544,A00544,接触済,0,14
OPP-A00545,A00545,接触済,0,35
OPP-A00546,A00546,接触済,0,0
OPP-A00547,A00547,接触済,0,37
OPP-A00548,A00548,接触済,0,107
OPP-A00549,A00549,接触済,0,104
OPP-A00550,A00550,接触済,0,20
OPP-A00551,A00551,接触済,0,98
OPP-A00552,A00552,接触済,0,50
OPP-A00553,A00553,接触済,0,119
OPP-A00554,A00554,契約,1,53
OPP-A00555,A00555,未接触,0,14
OPP-A00556,A00556,接触済,0,119
OPP-A00557,A00557,接触済,0,44
OPP-A00558,A00558,接触済,0,55
OPP-A00559,A00559,契約,1,118
OPP-A00560,A00560,接触済,0,67
OPP-A00561,A00561,接触済,0,26
OPP-A00562,A00562,契約,1,56
OPP-A00563,A00563,接触済,0,20
OPP-A00564,A00564,接触済,0,72
OPP-A00565,A00565,接触済,0,59
OPP-A00566,A00566,接触済,0,33
OPP-A00567,A00567,接触済,0,63
OPP-A00568,A00568,接触済,0,92
OPP-A00569,A00569,接触済,0,108
OPP-A00570,A00570,接触済,0,76
OPP-A00571,A00571,接触済,0,6
OPP-A00572,A00572,接触済,0,100
OPP-A00573,A00573,接触済,0,23
OPP-A00574,A00574,接触済,0,56
OPP-A00575,A00575,接触済,0,115
OPP-A00576,A00576,接触済,0,106
OPP-A00577,A00577,接触済,0,84
OPP-A00578,A00578,接触済,0,47
OPP-A00579,A00579,未接触,0,97
OPP-A00580,A00580,未接触,0,26
OPP-A00581,A00581,契約,1,28
OPP-A00582,A00582,接触済,0,112
OPP-A00583,A00583,接触済,0,9
OPP-A00584,A00584,接触済,0,70
OPP-A00585,A00585,接触済,0,17
OPP-A00586,A00586,契約,1,7
OPP-A00587,A00587,接触済,0,36
OPP-A00588,A00588,接触済,0,34
OPP-A00589,A00589,接触済,0,15
OPP-A00590,A00590,接触済,0,75
OPP-A00591,A00591,接触済,0,51
OPP-A00592,A00592,接触済,0,114
OPP-A00593,A00593,契約,1,11
OPP-A00594,A00594,接触済,0,109
OPP-A00595,A00595,接触済,0,63
OPP-A00596,A00596,接触済,0,80
OPP-A00597,A00597,接触済,0,64
OPP-A00598,A00598,接触済,0,67
OPP-A00599,A00599,接触済,0,73
OPP-A00600,A00600,接触済,0,62
OPP-A00601,A00601,未接触,0,115
OPP-A00602,A00602,商談,0,50
OPP-A00603,A00603,接触済,0,11
OPP-A00604,A00604,接触済,0,79
OPP-A00605,A00605,接触済,0,70
OPP-A00606,A00606,接触済,0,64
OPP-A00607,A00607,接触済,0,89
OPP-A00608,A00608,接触済,0,21
OPP-A00609,A00609,接触済,0,90
OPP-A00610,A00610,接触済,0,30
OPP-A00611,A00611,接触済,0,9
OPP-A00612,A00612,接触済,0,77
OPP-A00613,A00613,接触済,0,34
OPP-A00614,A00614,未接触,0,0
OPP-A00615,A00615,接触済,0,59
OPP-A00616,A00616,接触済,0,37
OPP-A00617,A00617,契約,1,6
OPP-A00618,A00618,接触済,0,32
OPP-A00619,A00619,接触済,0,12
OPP-A00620,A00620,接触済,0,109
OPP-A00621,A00621,接触済,0,29
OPP-A00622,A00622,契約,1,66
OPP-A00623,A00623,接触済,0,39
OPP-A00624,A00624,接触済,0,87
OPP-A00625,A00625,接触済,0,105
OPP-A00626,A00626,接触済,0,56
OPP-A00627,A00627,接触済,0,48
OPP-A00628,A00628,接触済,0,56
OPP-A00629,A00629,接触済,0,17
OPP-A00630,A00630,接触済,0,100
OPP-A00631,A00631,接触済,0,36
OPP-A00632,A00632,接触済,0,75
OPP-A00633,A00633,接触済,0,86
OPP-A00634,A00634,接触済,0,73
OPP-A00635,A00635,契約,1,109
OPP-A00636,A00636,未接触,0,76
OPP-A00637,A00637,未接触,0,89
OPP-A00638,A00638,接触済,0,88
OPP-A00639,A00639,接触済,0,5
OPP-A00640,A00640,接触済,0,94
OPP-A00641,A00641,接触済,0,10
OPP-A00642,A00642,接触済,0,41
OPP-A00643,A00643,接触済,0,71
OPP-A00644,A00644,接触済,0,4
OPP-A00645,A00645,接触済,0,19
OPP-A00646,A00646,接触済,0,67
OPP-A00647,A00647,接触済,0,104
OPP-A00648,A00648,接触済,0,45
OPP-A00649,A00649,接触済,0,55
OPP-A00650,A00650,接触済,0,14
OPP-A00651,A00651,接触済,0,101
OPP-A00652,A00652,接触済,0,48
OPP-A00653,A00653,接触済,0,71
OPP-A00654,A00654,接触済,0,85
OPP-A00655,A00655,接触済,0,31
OPP-A00656,A00656,接触済,0,95
OPP-A00657,A00657,接触済,0,43
OPP-A00658,A00658,未接触,0,48
OPP-A00659,A00659,接触済,0,0
OPP-A00660,A00660,接触済,0,76
OPP-A00661,A00661,未接触,0,29
OPP-A00662,A00662,接触済,0,112
OPP-A00663,A00663,接触済,0,76
OPP-A00664,A00664,接触済,0,101
OPP-A00665,A00665,接触済,0,79
OPP-A00666,A00666,接触済,0,85
OPP-A00667,A00667,接触済,0,92
OPP-A00668,A00668,接触済,0,111
OPP-A00669,A00669,接触済,0,59
OPP-A00670,A00670,接触済,0,16
OPP-A00671,A00671,接触済,0,102
OPP-A00672,A00672,接触済,0,88
OPP-A00673,A00673,接触済,0,55
OPP-A00674,A00674,未接触,0,59
OPP-A00675,A00675,接触済,0,89
OPP-A00676,A00676,接触済,0,63
OPP-A00677,A00677,接触済,0,99
OPP-A00678,A00678,接触済,0,118
OPP-A00679,A00679,未接触,0,44
OPP-A00680,A00680,接触済,0,11
OPP-A00681,A00681,接触済,0,9
OPP-A00682,A00682,接触済,0,41
OPP-A00683,A00683,契約,1,94
OPP-A00684,A00684,接触済,0,32
OPP-A00685,A00685,接触済,0,7
OPP-A00686,A00686,接触済,0,119
OPP-A00687,A00687,接触済,0,61
OPP-A00688,A00688,接触済,0,99
OPP-A00689,A00689,未接触,0,102
OPP-A00690,A00690,接触済,0,57
OPP-A00691,A00691,接触済,0,100
OPP-A00692,A00692,接触済,0,46
OPP-A00693,A00693,接触済,0,77
OPP-A00694,A00694,接触済,0,110
OPP-A00695,A00695,接触済,0,26
OPP-A00696,A00696,接触済,0,3
OPP-A00697,A00697,接触済,0,21
OPP-A00698,A00698,接触済,0,0
OPP-A00699,A00699,接触済,0,65
OPP-A00700,A00700,接触済,0,107
OPP-A00701,A00701,接触済,0,65
OPP-A00702,A00702,接触済,0,18
OPP-A00703,A00703,接触済,0,120
OPP-A00704,A00704,接触済,0,34
OPP-A00705,A00705,接触済,0,43
OPP-A00706,A00706,接触済,0,64
OPP-A00707,A00707,未接触,0,33
OPP-A00708,A00708,接触済,0,117
OPP-A00709,A00709,接触済,0,90
OPP-A00710,A00710,接触済,0,58
OPP-A00711,A00711,接触済,0,20
OPP-A00712,A00712,接触済,0,108
OPP-A00713,A00713,接触済,0,37
OPP-A00714,A00714,接触済,0,9
OPP-A00715,A00715,接触済,0,27
OPP-A00716,A00716,接触済,0,62
OPP-A00717,A00717,未接触,0,37
OPP-A00718,A00718,接触済,0,66
OPP-A00719,A00719,接触済,0,34
OPP-A00720,A00720,接触済,0,114
OPP-A00721,A00721,接触済,0,100
OPP-A00722,A00722,接触済,0,109
OPP-A00723,A00723,接触済,0,60
OPP-A00724,A00724,接触済,0,5
OPP-A00725,A00725,接触済,0,62
OPP-A00726,A00726,接触済,0,3
OPP-A00727,A00727,接触済,0,98
OPP-A00728,A00728,接触済,0,18
OPP-A00729,A00729,接触済,0,76
OPP-A00730,A00730,未接触,0,69
OPP-A00731,A00731,未接触,0,11
OPP-A00732,A00732,接触済,0,72
OPP-A00733,A00733,契約,1,61
OPP-A00734,A00734,接触済,0,62
OPP-A00735,A00735,接触済,0,55
OPP-A00736,A00736,接触済,0,75
OPP-A00737,A00737,接触済,0,16
OPP-A00738,A00738,未接触,0,86
OPP-A00739,A00739,接触済,0,74
OPP-A00740,A00740,接触済,0,119
OPP-A00741,A00741,接触済,0,74
OPP-A00742,A00742,接触済,0,31
OPP-A00743,A00743,接触済,0,84
OPP-A00744,A00744,接触済,0,112
OPP-A00745,A00745,接触済,0,15
OPP-A00746,A00746,接触済,0,100
OPP-A00747,A00747,契約,1,64
OPP-A00748,A00748,未接触,0,48
OPP-A00749,A00749,接触済,0,56
OPP-A00750,A00750,接触済,0,47
OPP-A00751,A00751,接触済,0,51
OPP-A00752,A00752,未接触,0,65
OPP-A00753,A00753,未接触,0,13
OPP-A00754,A00754,接触済,0,104
OPP-A00755,A00755,接触済,0,12
OPP-A00756,A00756,接触済,0,13
OPP-A00757,A00757,接触済,0,24
OPP-A00758,A00758,接触済,0,106
OPP-A00759,A00759,契約,1,27
OPP-A00760,A00760,契約,1,52
OPP-A00761,A00761,接触済,0,60
OPP-A00762,A00762,接触済,0,58
OPP-A00763,A00763,未接触,0,27
OPP-A00764,A00764,接触済,0,120
OPP-A00765,A00765,接触済,0,46
OPP-A00766,A00766,未接触,0,28
OPP-A00767,A00767,接触済,0,113
OPP-A00768,A00768,接触済,0,36
OPP-A00769,A00769,接触済,0,27
OPP-A00770,A00770,契約,1,89
OPP-A00771,A00771,接触済,0,112
OPP-A00772,A00772,接触済,0,33
OPP-A00773,A00773,接触済,0,21
OPP-A00774,A00774,接触済,0,69
OPP-A00775,A00775,接触済,0,34
OPP-A00776,A00776,接触済,0,90
OPP-A00777,A00777,接触済,0,20
OPP-A00778,A00778,接触済,0,59
OPP-A00779,A00779,接触済,0,86
OPP-A00780,A00780,接触済,0,67
OPP-A00781,A00781,接触済,0,14
OPP-A00782,A00782,接触済,0,21
OPP-A00783,A00783,接触済,0,91
OPP-A00784,A00784,接触済,0,98
OPP-A00785,A00785,接触済,0,77
OPP-A00786,A00786,未接触,0,13
OPP-A00787,A00787,接触済,0,38
OPP-A00788,A00788,接触済,0,26
OPP-A00789,A00789,接触済,0,22
OPP-A00790,A00790,商談,0,7
OPP-A00791,A00791,接触済,0,48
OPP-A00792,A00792,接触済,0,76
OPP-A00793,A00793,接触済,0,64
OPP-A00794,A00794,接触済,0,64
OPP-A00795,A00795,接触済,0,57
OPP-A00796,A00796,接触済,0,42
OPP-A00797,A00797,接触済,0,69
OPP-A00798,A00798,接触済,0,56
OPP-A00799,A00799,接触済,0,65
OPP-A00800,A00800,接触済,0,66
OPP-A00801,A00801,接触済,0,30
OPP-A00802,A00802,接触済,0,68
OPP-A00803,A00803,接触済,0,39
OPP-A00804,A00804,接触済,0,115
OPP-A00805,A00805,契約,1,1
OPP-A00806,A00806,接触済,0,110
OPP-A00807,A00807,接触済,0,73
OPP-A00808,A00808,接触済,0,13
OPP-A00809,A00809,契約,1,51
OPP-A00810,A00810,接触済,0,50
OPP-A00811,A00811,接触済,0,78
OPP-A00812,A00812,契約,1,59
OPP-A00813,A00813,接触済,0,4
OPP-A00814,A00814,接触済,0,73
OPP-A00815,A00815,接触済,0,29
OPP-A00816,A00816,接触済,0,100
OPP-A00817,A00817,商談,0,57
OPP-A00818,A00818,接触済,0,114
OPP-A00819,A00819,未接触,0,71
OPP-A00820,A00820,接触済,0,99
OPP-A00821,A00821,接触済,0,92
OPP-A00822,A00822,接触済,0,114
OPP-A00823,A00823,接触済,0,74
OPP-A00824,A00824,接触済,0,4
OPP-A00825,A00825,接触済,0,117
OPP-A00826,A00826,契約,1,22
OPP-A00827,A00827,接触済,0,116
OPP-A00828,A00828,接触済,0,63
OPP-A00829,A00829,契約,1,22
OPP-A00830,A00830,接触済,0,80
OPP-A00831,A00831,接触済,0,34
OPP-A00832,A00832,接触済,0,35
OPP-A00833,A00833,接触済,0,15
OPP-A00834,A00834,接触済,0,74
OPP-A00835,A00835,接触済,0,95
OPP-A00836,A00836,契約,1,6
OPP-A00837,A00837,接触済,0,51
OPP-A00838,A00838,接触済,0,70
OPP-A00839,A00839,接触済,0,9
OPP-A00840,A00840,接触済,0,45
OPP-A00841,A00841,接触済,0,11
OPP-A00842,A00842,接触済,0,115
OPP-A00843,A00843,未接触,0,27
OPP-A00844,A00844,接触済,0,12
OPP-A00845,A00845,接触済,0,33
OPP-A00846,A00846,接触済,0,11
OPP-A00847,A00847,接触済,0,116
OPP-A00848,A00848,接触済,0,25
OPP-A00849,A00849,接触済,0,26
OPP-A00850,A00850,契約,1,108
OPP-A00851,A00851,契約,1,111
OPP-A00852,A00852,接触済,0,106
OPP-A00853,A00853,契約,1,1
OPP-A00854,A00854,接触済,0,76
OPP-A00855,A00855,未接触,0,109
OPP-A00856,A00856,接触済,0,98
OPP-A00857,A00857,接触済,0,22
OPP-A00858,A00858,契約,1,21
OPP-A00859,A00859,接触済,0,80
OPP-A00860,A00860,接触済,0,67
OPP-A00861,A00861,接触済,0,91
OPP-A00862,A00862,接触済,0,87
OPP-A00863,A00863,接触済,0,80
OPP-A00864,A00864,未接触,0,3
OPP-A00865,A00865,接触済,0,55
OPP-A00866,A00866,接触済,0,4
OPP-A00867,A00867,接触済,0,97
OPP-A00868,A00868,接触済,0,52
OPP-A00869,A00869,接触済,0,39
OPP-A00870,A00870,接触済,0,120
OPP-A00871,A00871,契約,1,99
OPP-A00872,A00872,接触済,0,117
OPP-A00873,A00873,接触済,0,28
OPP-A00874,A00874,接触済,0,78
OPP-A00875,A00875,接触済,0,87
OPP-A00876,A00876,接触済,0,1
OPP-A00877,A00877,契約,1,90
OPP-A00878,A00878,接触済,0,110
OPP-A00879,A00879,接触済,0,67
OPP-A00880,A00880,未接触,0,69
OPP-A00881,A00881,未接触,0,97
OPP-A00882,A00882,接触済,0,31
OPP-A00883,A00883,接触済,0,119
OPP-A00884,A00884,接触済,0,68
OPP-A00885,A00885,接触済,0,95
OPP-A00886,A00886,未接触,0,70
OPP-A00887,A00887,接触済,0,98
OPP-A00888,A00888,接触済,0,88
OPP-A00889,A00889,接触済,0,59
OPP-A00890,A00890,接触済,0,40
OPP-A00891,A00891,接触済,0,38
OPP-A00892,A00892,接触済,0,101
OPP-A00893,A00893,接触済,0,94
OPP-A00894,A00894,接触済,0,83
OPP-A00895,A00895,接触済,0,73
OPP-A00896,A00896,未接触,0,33
OPP-A00897,A00897,接触済,0,100
OPP-A00898,A00898,接触済,0,86
OPP-A00899,A00899,接触済,0,27
OPP-A00900,A00900,接触済,0,71
OPP-A00901,A00901,接触済,0,75
OPP-A00902,A00902,接触済,0,63
OPP-A00903,A00903,未接触,0,37
OPP-A00904,A00904,接触済,0,79
OPP-A00905,A00905,接触済,0,40
OPP-A00906,A00906,接触済,0,20
OPP-A00907,A00907,接触済,0,16
OPP-A00908,A00908,接触済,0,82
OPP-A00909,A00909,接触済,0,13
OPP-A00910,A00910,接触済,0,76
OPP-A00911,A00911,接触済,0,16
OPP-A00912,A00912,接触済,0,3
OPP-A00913,A00913,契約,1,61
OPP-A00914,A00914,接触済,0,80
OPP-A00915,A00915,接触済,0,18
OPP-A00916,A00916,接触済,0,103
OPP-A00917,A00917,接触済,0,62
OPP-A00918,A00918,接触済,0,91
OPP-A00919,A00919,接触済,0,74
OPP-A00920,A00920,接触済,0,71
OPP-A00921,A00921,接触済,0,15
OPP-A00922,A00922,接触済,0,38
OPP-A00923,A00923,接触済,0,6
OPP-A00924,A00924,未接触,0,54
OPP-A00925,A00925,接触済,0,106
OPP-A00926,A00926,接触済,0,78
OPP-A00927,A00927,接触済,0,69
OPP-A00928,A00928,接触済,0,4
OPP-A00929,A00929,未接触,0,37
OPP-A00930,A00930,接触済,0,42
OPP-A00931,A00931,接触済,0,14
OPP-A00932,A00932,契約,1,23
OPP-A00933,A00933,契約,1,100
OPP-A00934,A00934,接触済,0,67
OPP-A00935,A00935,接触済,0,102
OPP-A00936,A00936,接触済,0,71
OPP-A00937,A00937,接触済,0,101
OPP-A00938,A00938,接触済,0,118
OPP-A00939,A00939,接触済,0,55
OPP-A00940,A00940,接触済,0,37
OPP-A00941,A00941,接触済,0,98
OPP-A00942,A00942,接触済,0,64
OPP-A00943,A00943,接触済,0,57
OPP-A00944,A00944,契約,1,13
OPP-A00945,A00945,接触済,0,120
OPP-A00946,A00946,未接触,0,24
OPP-A00947,A00947,接触済,0,4
OPP-A00948,A00948,接触済,0,24
OPP-A00949,A00949,接触済,0,14
OPP-A00950,A00950,契約,1,18
OPP-A00951,A00951,接触済,0,36
OPP-A00952,A00952,未接触,0,117
OPP-A00953,A00953,接触済,0,109
OPP-A00954,A00954,接触済,0,87
OPP-A00955,A00955,契約,1,17
OPP-A00956,A00956,契約,1,35
OPP-A00957,A00957,接触済,0,22
OPP-A00958,A00958,接触済,0,80
OPP-A00959,A00959,契約,1,22
OPP-A00960,A00960,接触済,0,74
OPP-A00961,A00961,接触済,0,94
OPP-A00962,A00962,接触済,0,31
OPP-A00963,A00963,接触済,0,48
OPP-A00964,A00964,接触済,0,72
OPP-A00965,A00965,接触済,0,54
OPP-A00966,A00966,接触済,0,40
OPP-A00967,A00967,接触済,0,113
OPP-A00968,A00968,接触済,0,9
OPP-A00969,A00969,未接触,0,45
OPP-A00970,A00970,接触済,0,82
OPP-A00971,A00971,接触済,0,70
OPP-A00972,A00972,未接触,0,8
OPP-A00973,A00973,接触済,0,88
OPP-A00974,A00974,接触済,0,11
OPP-A00975,A00975,未接触,0,83
OPP-A00976,A00976,未接触,0,10
OPP-A00977,A00977,接触済,0,114
OPP-A00978,A00978,接触済,0,93
OPP-A00979,A00979,接触済,0,116
OPP-A00980,A00980,接触済,0,38
OPP-A00981,A00981,接触済,0,85
OPP-A00982,A00982,接触済,0,99
OPP-A00983,A00983,契約,1,96
OPP-A00984,A00984,接触済,0,33
OPP-A00985,A00985,接触済,0,53
OPP-A00986,A00986,接触済,0,77
OPP-A00987,A00987,接触済,0,51
OPP-A00988,A00988,接触済,0,10
OPP-A00989,A00989,接触済,0,23
OPP-A00990,A00990,未接触,0,39
OPP-A00991,A00991,契約,1,74
OPP-A00992,A00992,接触済,0,10
OPP-A00993,A00993,接触済,0,58
OPP-A00994,A00994,接触済,0,17
OPP-A00995,A00995,接触済,0,60
OPP-A00996,A00996,接触済,0,46
OPP-A00997,A00997,接触済,0,78
OPP-A00998,A00998,接触済,0,59
OPP-A00999,A00999,接触済,0,10
OPP-A01000,A01000,未接触,0,114
OPP-A01001,A01001,接触済,0,34
OPP-A01002,A01002,接触済,0,55
OPP-A01003,A01003,接触済,0,34
OPP-A01004,A01004,接触済,0,109
OPP-A01005,A01005,接触済,0,41
OPP-A01006,A01006,未接触,0,31
OPP-A01007,A01007,未接触,0,16
OPP-A01008,A01008,接触済,0,102
OPP-A01009,A01009,接触済,0,50
OPP-A01010,A01010,接触済,0,21
OPP-A01011,A01011,契約,1,109
OPP-A01012,A01012,契約,1,14
OPP-A01013,A01013,接触済,0,32
OPP-A01014,A01014,契約,1,39
OPP-A01015,A01015,接触済,0,92
OPP-A01016,A01016,接触済,0,70
OPP-A01017,A01017,接触済,0,25
OPP-A01018,A01018,接触済,0,118
OPP-A01019,A01019,接触済,0,87
OPP-A01020,A01020,接触済,0,103
OPP-A01021,A01021,接触済,0,113
OPP-A01022,A01022,接触済,0,39
OPP-A01023,A01023,接触済,0,120
OPP-A01024,A01024,契約,1,13
OPP-A01025,A01025,接触済,0,78
OPP-A01026,A01026,接触済,0,7
OPP-A01027,A01027,接触済,0,112
OPP-A01028,A01028,接触済,0,4
OPP-A01029,A01029,接触済,0,117
OPP-A01030,A01030,接触済,0,23
OPP-A01031,A01031,接触済,0,61
OPP-A01032,A01032,契約,1,25
OPP-A01033,A01033,接触済,0,89
OPP-A01034,A01034,未接触,0,87
OPP-A01035,A01035,接触済,0,13
OPP-A01036,A01036,契約,1,57
OPP-A01037,A01037,接触済,0,104
OPP-A01038,A01038,接触済,0,51
OPP-A01039,A01039,接触済,0,112
OPP-A01040,A01040,接触済,0,104
OPP-A01041,A01041,契約,1,44
OPP-A01042,A01042,接触済,0,74
OPP-A01043,A01043,接触済,0,47
OPP-A01044,A01044,接触済,0,54
OPP-A01045,A01045,接触済,0,73
OPP-A01046,A01046,接触済,0,67
OPP-A01047,A01047,契約,1,54
OPP-A01048,A01048,接触済,0,47
OPP-A01049,A01049,接触済,0,18
OPP-A01050,A01050,接触済,0,105
OPP-A01051,A01051,接触済,0,10
OPP-A01052,A01052,接触済,0,38
OPP-A01053,A01053,接触済,0,103
OPP-A01054,A01054,契約,1,24
OPP-A01055,A01055,接触済,0,23
OPP-A01056,A01056,未接触,0,101
OPP-A01057,A01057,接触済,0,6
OPP-A01058,A01058,接触済,0,60
OPP-A01059,A01059,接触済,0,118
OPP-A01060,A01060,未接触,0,94
OPP-A01061,A01061,未接触,0,77
OPP-A01062,A01062,接触済,0,83
OPP-A01063,A01063,接触済,0,67
OPP-A01064,A01064,接触済,0,16
OPP-A01065,A01065,接触済,0,28
OPP-A01066,A01066,接触済,0,77
OPP-A01067,A01067,接触済,0,12
OPP-A01068,A01068,接触済,0,23
OPP-A01069,A01069,接触済,0,98
OPP-A01070,A01070,接触済,0,87
OPP-A01071,A01071,契約,1,50
OPP-A01072,A01072,契約,1,85
OPP-A01073,A01073,未接触,0,0
OPP-A01074,A01074,接触済,0,54
OPP-A01075,A01075,契約,1,57
OPP-A01076,A01076,接触済,0,45
OPP-A01077,A01077,接触済,0,38
OPP-A01078,A01078,未接触,0,88
OPP-A01079,A01079,接触済,0,12
OPP-A01080,A01080,接触済,0,50
OPP-A01081,A01081,接触済,0,59
OPP-A01082,A01082,接触済,0,67
OPP-A01083,A01083,接触済,0,54
OPP-A01084,A01084,接触済,0,25
OPP-A01085,A01085,接触済,0,64
OPP-A01086,A01086,接触済,0,55
OPP-A01087,A01087,接触済,0,100
OPP-A01088,A01088,接触済,0,54
OPP-A01089,A01089,契約,1,91
OPP-A01090,A01090,接触済,0,1
OPP-A01091,A01091,接触済,0,29
OPP-A01092,A01092,接触済,0,89
OPP-A01093,A01093,接触済,0,30
OPP-A01094,A01094,接触済,0,5
OPP-A01095,A01095,接触済,0,62
OPP-A01096,A01096,未接触,0,4
OPP-A01097,A01097,接触済,0,57
OPP-A01098,A01098,接触済,0,89
OPP-A01099,A01099,接触済,0,9
OPP-A01100,A01100,接触済,0,83
OPP-A01101,A01101,接触済,0,6
OPP-A01102,A01102,接触済,0,78
OPP-A01103,A01103,接触済,0,114
OPP-A01104,A01104,接触済,0,85
OPP-A01105,A01105,接触済,0,20
OPP-A01106,A01106,接触済,0,63
OPP-A01107,A01107,接触済,0,17
OPP-A01108,A01108,接触済,0,48
OPP-A01109,A01109,接触済,0,1
OPP-A01110,A01110,契約,1,76
OPP-A01111,A01111,接触済,0,16
OPP-A01112,A01112,接触済,0,104
OPP-A01113,A01113,商談,0,4
OPP-A01114,A01114,接触済,0,106
OPP-A01115,A01115,接触済,0,74
OPP-A01116,A01116,接触済,0,65
OPP-A01117,A01117,接触済,0,84
OPP-A01118,A01118,接触済,0,112
OPP-A01119,A01119,接触済,0,10
OPP-A01120,A01120,未接触,0,90
OPP-A01121,A01121,接触済,0,54
OPP-A01122,A01122,未接触,0,101
OPP-A01123,A01123,接触済,0,68
OPP-A01124,A01124,接触済,0,84
OPP-A01125,A01125,接触済,0,100
OPP-A01126,A01126,接触済,0,47
OPP-A01127,A01127,接触済,0,25
OPP-A01128,A01128,接触済,0,55
OPP-A01129,A01129,接触済,0,97
OPP-A01130,A01130,接触済,0,81
OPP-A01131,A01131,接触済,0,45
OPP-A01132,A01132,接触済,0,110
OPP-A01133,A01133,接触済,0,111
OPP-A01134,A01134,接触済,0,81
OPP-A01135,A01135,接触済,0,75
OPP-A01136,A01136,未接触,0,52
OPP-A01137,A01137,接触済,0,114
OPP-A01138,A01138,接触済,0,110
OPP-A01139,A01139,接触済,0,57
OPP-A01140,A01140,契約,1,52
OPP-A01141,A01141,接触済,0,68
OPP-A01142,A01142,接触済,0,62
OPP-A01143,A01143,接触済,0,52
OPP-A01144,A01144,接触済,0,71
OPP-A01145,A01145,未接触,0,67
OPP-A01146,A01146,接触済,0,118
OPP-A01147,A01147,契約,1,46
OPP-A01148,A01148,接触済,0,42
OPP-A01149,A01149,接触済,0,25
OPP-A01150,A01150,接触済,0,91
OPP-A01151,A01151,契約,1,22
OPP-A01152,A01152,接触済,0,56
OPP-A01153,A01153,接触済,0,100
OPP-A01154,A01154,接触済,0,53
OPP-A01155,A01155,接触済,0,93
OPP-A01156,A01156,接触済,0,23
OPP-A01157,A01157,接触済,0,120
OPP-A01158,A01158,接触済,0,94
OPP-A01159,A01159,接触済,0,111
OPP-A01160,A01160,接触済,0,55
OPP-A01161,A01161,接触済,0,84
OPP-A01162,A01162,接触済,0,115
OPP-A01163,A01163,接触済,0,104
OPP-A01164,A01164,接触済,0,76
OPP-A01165,A01165,接触済,0,77
OPP-A01166,A01166,接触済,0,43
OPP-A01167,A01167,接触済,0,102
OPP-A01168,A01168,接触済,0,54
OPP-A01169,A01169,接触済,0,106
OPP-A01170,A01170,接触済,0,82
OPP-A01171,A01171,接触済,0,61
OPP-A01172,A01172,接触済,0,26
OPP-A01173,A01173,接触済,0,90
OPP-A01174,A01174,接触済,0,45
OPP-A01175,A01175,接触済,0,10
OPP-A01176,A01176,契約,1,52
OPP-A01177,A01177,契約,1,58
OPP-A01178,A01178,接触済,0,14
OPP-A01179,A01179,接触済,0,20
OPP-A01180,A01180,接触済,0,66
OPP-A01181,A01181,未接触,0,116
OPP-A01182,A01182,接触済,0,96
OPP-A01183,A01183,接触済,0,83
OPP-A01184,A01184,接触済,0,31
OPP-A01185,A01185,接触済,0,6
OPP-A01186,A01186,契約,1,99
OPP-A01187,A01187,契約,1,39
OPP-A01188,A01188,接触済,0,82
OPP-A01189,A01189,接触済,0,35
OPP-A01190,A01190,接触済,0,12
OPP-A01191,A01191,接触済,0,75
OPP-A01192,A01192,接触済,0,31
OPP-A01193,A01193,接触済,0,56
OPP-A01194,A01194,接触済,0,54
OPP-A01195,A01195,接触済,0,27
OPP-A01196,A01196,接触済,0,55
OPP-A01197,A01197,接触済,0,56
OPP-A01198,A01198,契約,1,45
OPP-A01199,A01199,接触済,0,29
OPP-A01200,A01200,接触済,0,70
OPP-A01201,A01201,接触済,0,17
OPP-A01202,A01202,接触済,0,47
OPP-A01203,A01203,接触済,0,109
OPP-A01204,A01204,接触済,0,35
OPP-A01205,A01205,接触済,0,47
OPP-A01206,A01206,接触済,0,93
OPP-A01207,A01207,接触済,0,80
OPP-A01208,A01208,接触済,0,77
OPP-A01209,A01209,接触済,0,13
OPP-A01210,A01210,接触済,0,52
OPP-A01211,A01211,接触済,0,43
OPP-A01212,A01212,接触済,0,45
OPP-A01213,A01213,未接触,0,96
OPP-A01214,A01214,接触済,0,57
OPP-A01215,A01215,接触済,0,100
OPP-A01216,A01216,契約,1,43
OPP-A01217,A01217,接触済,0,18
OPP-A01218,A01218,接触済,0,86
OPP-A01219,A01219,接触済,0,60
OPP-A01220,A01220,接触済,0,101
OPP-A01221,A01221,接触済,0,44
OPP-A01222,A01222,接触済,0,62
OPP-A01223,A01223,未接触,0,2
OPP-A01224,A01224,契約,1,102
OPP-A01225,A01225,接触済,0,119
OPP-A01226,A01226,接触済,0,59
OPP-A01227,A01227,接触済,0,106
OPP-A01228,A01228,接触済,0,68
OPP-A01229,A01229,未接触,0,77
OPP-A01230,A01230,契約,1,35
OPP-A01231,A01231,接触済,0,98
OPP-A01232,A01232,接触済,0,37
OPP-A01233,A01233,未接触,0,81
OPP-A01234,A01234,接触済,0,35
OPP-A01235,A01235,接触済,0,16
OPP-A01236,A01236,接触済,0,10
OPP-A01237,A01237,接触済,0,3
OPP-A01238,A01238,接触済,0,95
OPP-A01239,A01239,接触済,0,78
OPP-A01240,A01240,契約,1,117
OPP-A01241,A01241,未接触,0,15
OPP-A01242,A01242,接触済,0,32
OPP-A01243,A01243,接触済,0,71
OPP-A01244,A01244,接触済,0,62
OPP-A01245,A01245,未接触,0,37
OPP-A01246,A01246,未接触,0,112
OPP-A01247,A01247,接触済,0,100
OPP-A01248,A01248,接触済,0,58
OPP-A01249,A01249,接触済,0,15
OPP-A01250,A01250,接触済,0,115
OPP-A01251,A01251,接触済,0,45
OPP-A01252,A01252,接触済,0,116
OPP-A01253,A01253,接触済,0,60
OPP-A01254,A01254,接触済,0,90
OPP-A01255,A01255,接触済,0,92
OPP-A01256,A01256,接触済,0,60
OPP-A01257,A01257,未接触,0,89
OPP-A01258,A01258,契約,1,14
OPP-A01259,A01259,接触済,0,31
OPP-A01260,A01260,接触済,0,3
OPP-A01261,A01261,接触済,0,53
OPP-A01262,A01262,接触済,0,81
OPP-A01263,A01263,接触済,0,41
OPP-A01264,A01264,接触済,0,46
OPP-A01265,A01265,接触済,0,7
OPP-A01266,A01266,接触済,0,74
OPP-A01267,A01267,接触済,0,27
OPP-A01268,A01268,商談,0,3
OPP-A01269,A01269,接触済,0,116
OPP-A01270,A01270,未接触,0,65
OPP-A01271,A01271,接触済,0,120
OPP-A01272,A01272,接触済,0,88
OPP-A01273,A01273,接触済,0,45
OPP-A01274,A01274,接触済,0,8
OPP-A01275,A01275,接触済,0,98
OPP-A01276,A01276,接触済,0,45
OPP-A01277,A01277,接触済,0,64
OPP-A01278,A01278,接触済,0,69
OPP-A01279,A01279,接触済,0,27
OPP-A01280,A01280,接触済,0,16
OPP-A01281,A01281,接触済,0,57
OPP-A01282,A01282,接触済,0,21
OPP-A01283,A01283,接触済,0,5
OPP-A01284,A01284,接触済,0,43
OPP-A01285,A01285,接触済,0,25
OPP-A01286,A01286,未接触,0,76
OPP-A01287,A01287,接触済,0,95
OPP-A01288,A01288,契約,1,42
OPP-A01289,A01289,接触済,0,36
OPP-A01290,A01290,接触済,0,52
OPP-A01291,A01291,接触済,0,14
OPP-A01292,A01292,接触済,0,64
OPP-A01293,A01293,契約,1,87
OPP-A01294,A01294,接触済,0,97
OPP-A01295,A01295,接触済,0,46
OPP-A01296,A01296,接触済,0,93
OPP-A01297,A01297,契約,1,16
OPP-A01298,A01298,接触済,0,4
OPP-A01299,A01299,接触済,0,73
OPP-A01300,A01300,接触済,0,7
OPP-A01301,A01301,接触済,0,22
OPP-A01302,A01302,接触済,0,92
OPP-A01303,A01303,接触済,0,29
OPP-A01304,A01304,接触済,0,120
OPP-A01305,A01305,接触済,0,63
OPP-A01306,A01306,接触済,0,111
OPP-A01307,A01307,接触済,0,81
OPP-A01308,A01308,契約,1,13
OPP-A01309,A01309,接触済,0,13
OPP-A01310,A01310,契約,1,12
OPP-A01311,A01311,接触済,0,62
OPP-A01312,A01312,接触済,0,64
OPP-A01313,A01313,接触済,0,81
OPP-A01314,A01314,接触済,0,95
OPP-A01315,A01315,接触済,0,95
OPP-A01316,A01316,接触済,0,61
OPP-A01317,A01317,接触済,0,64
OPP-A01318,A01318,接触済,0,8
OPP-A01319,A01319,未接触,0,66
OPP-A01320,A01320,接触済,0,108
OPP-A01321,A01321,接触済,0,98
OPP-A01322,A01322,接触済,0,54
OPP-A01323,A01323,接触済,0,31
OPP-A01324,A01324,接触済,0,68
OPP-A01325,A01325,接触済,0,94
OPP-A01326,A01326,接触済,0,7
OPP-A01327,A01327,接触済,0,73
OPP-A01328,A01328,接触済,0,25
OPP-A01329,A01329,接触済,0,106
OPP-A01330,A01330,接触済,0,98
OPP-A01331,A01331,接触済,0,119
OPP-A01332,A01332,接触済,0,39
OPP-A01333,A01333,接触済,0,88
OPP-A01334,A01334,接触済,0,41
OPP-A01335,A01335,契約,1,19
OPP-A01336,A01336,接触済,0,119
OPP-A01337,A01337,契約,1,79
OPP-A01338,A01338,接触済,0,30
OPP-A01339,A01339,契約,1,90
OPP-A01340,A01340,接触済,0,30
OPP-A01341,A01341,接触済,0,69
OPP-A01342,A01342,接触済,0,26
OPP-A01343,A01343,接触済,0,13
OPP-A01344,A01344,接触済,0,15
OPP-A01345,A01345,接触済,0,115
OPP-A01346,A01346,契約,1,108
OPP-A01347,A01347,接触済,0,32
OPP-A01348,A01348,接触済,0,5
OPP-A01349,A01349,接触済,0,38
OPP-A01350,A01350,未接触,0,69
OPP-A01351,A01351,接触済,0,56
OPP-A01352,A01352,接触済,0,48
OPP-A01353,A01353,接触済,0,7
OPP-A01354,A01354,接触済,0,35
OPP-A01355,A01355,接触済,0,18
OPP-A01356,A01356,接触済,0,51
OPP-A01357,A01357,接触済,0,80
OPP-A01358,A01358,接触済,0,34
OPP-A01359,A01359,接触済,0,103
OPP-A01360,A01360,接触済,0,54
OPP-A01361,A01361,接触済,0,8
OPP-A01362,A01362,接触済,0,77
OPP-A01363,A01363,接触済,0,15
OPP-A01364,A01364,接触済,0,41
OPP-A01365,A01365,接触済,0,72
OPP-A01366,A01366,未接触,0,80
OPP-A01367,A01367,接触済,0,101
OPP-A01368,A01368,契約,1,111
OPP-A01369,A01369,未接触,0,6
OPP-A01370,A01370,接触済,0,49
OPP-A01371,A01371,接触済,0,35
OPP-A01372,A01372,接触済,0,6
OPP-A01373,A01373,接触済,0,108
OPP-A01374,A01374,接触済,0,2
OPP-A01375,A01375,接触済,0,28
OPP-A01376,A01376,接触済,0,58
OPP-A01377,A01377,接触済,0,93
OPP-A01378,A01378,接触済,0,113
OPP-A01379,A01379,未接触,0,115
OPP-A01380,A01380,接触済,0,53
OPP-A01381,A01381,接触済,0,5
OPP-A01382,A01382,未接触,0,43
OPP-A01383,A01383,接触済,0,72
OPP-A01384,A01384,接触済,0,77
OPP-A01385,A01385,接触済,0,23
OPP-A01386,A01386,接触済,0,113
OPP-A01387,A01387,接触済,0,57
OPP-A01388,A01388,接触済,0,62
OPP-A01389,A01389,契約,1,25
OPP-A01390,A01390,未接触,0,37
OPP-A01391,A01391,接触済,0,85
OPP-A01392,A01392,接触済,0,86
OPP-A01393,A01393,契約,1,42
OPP-A01394,A01394,接触済,0,60
OPP-A01395,A01395,接触済,0,16
OPP-A01396,A01396,接触済,0,5
OPP-A01397,A01397,接触済,0,107
OPP-A01398,A01398,接触済,0,117
OPP-A01399,A01399,接触済,0,4
OPP-A01400,A01400,接触済,0,113
OPP-A01401,A01401,接触済,0,40
OPP-A01402,A01402,接触済,0,92
OPP-A01403,A01403,接触済,0,109
OPP-A01404,A01404,未接触,0,62
OPP-A01405,A01405,接触済,0,83
OPP-A01406,A01406,契約,1,91
OPP-A01407,A01407,未接触,0,22
OPP-A01408,A01408,未接触,0,9
OPP-A01409,A01409,商談,0,46
OPP-A01410,A01410,未接触,0,12
OPP-A01411,A01411,接触済,0,92
OPP-A01412,A01412,接触済,0,72
OPP-A01413,A01413,接触済,0,105
OPP-A01414,A01414,接触済,0,64
OPP-A01415,A01415,接触済,0,12
OPP-A01416,A01416,接触済,0,4
OPP-A01417,A01417,接触済,0,79
OPP-A01418,A01418,接触済,0,13
OPP-A01419,A01419,接触済,0,34
OPP-A01420,A01420,接触済,0,102
OPP-A01421,A01421,商談,0,19
OPP-A01422,A01422,接触済,0,60
OPP-A01423,A01423,接触済,0,13
OPP-A01424,A01424,接触済,0,27
OPP-A01425,A01425,接触済,0,62
OPP-A01426,A01426,接触済,0,72
OPP-A01427,A01427,接触済,0,57
OPP-A01428,A01428,接触済,0,30
OPP-A01429,A01429,接触済,0,93
OPP-A01430,A01430,未接触,0,38
OPP-A01431,A01431,接触済,0,81
OPP-A01432,A01432,接触済,0,33
OPP-A01433,A01433,接触済,0,36
OPP-A01434,A01434,接触済,0,28
OPP-A01435,A01435,未接触,0,52
OPP-A01436,A01436,接触済,0,84
OPP-A01437,A01437,契約,1,41
OPP-A01438,A01438,契約,1,116
OPP-A01439,A01439,接触済,0,21
OPP-A01440,A01440,接触済,0,64
OPP-A01441,A01441,接触済,0,32
OPP-A01442,A01442,未接触,0,61
OPP-A01443,A01443,接触済,0,103
OPP-A01444,A01444,接触済,0,107
OPP-A01445,A01445,接触済,0,81
OPP-A01446,A01446,接触済,0,64
OPP-A01447,A01447,接触済,0,26
OPP-A01448,A01448,契約,1,24
OPP-A01449,A01449,契約,1,38
OPP-A01450,A01450,接触済,0,37
OPP-A01451,A01451,接触済,0,82
OPP-A01452,A01452,接触済,0,28
OPP-A01453,A01453,契約,1,34
OPP-A01454,A01454,接触済,0,42
OPP-A01455,A01455,接触済,0,27
OPP-A01456,A01456,接触済,0,57
OPP-A01457,A01457,接触済,0,11
OPP-A01458,A01458,接触済,0,49
OPP-A01459,A01459,接触済,0,35
OPP-A01460,A01460,接触済,0,100
OPP-A01461,A01461,接触済,0,19
OPP-A01462,A01462,接触済,0,44
OPP-A01463,A01463,接触済,0,96
OPP-A01464,A01464,接触済,0,55
OPP-A01465,A01465,契約,1,50
OPP-A01466,A01466,接触済,0,82
OPP-A01467,A01467,接触済,0,83
OPP-A01468,A01468,接触済,0,101
OPP-A01469,A01469,接触済,0,65
OPP-A01470,A01470,接触済,0,78
OPP-A01471,A01471,接触済,0,66
OPP-A01472,A01472,接触済,0,5
OPP-A01473,A01473,接触済,0,64
OPP-A01474,A01474,接触済,0,115
OPP-A01475,A01475,接触済,0,72
OPP-A01476,A01476,接触済,0,42
OPP-A01477,A01477,接触済,0,25
OPP-A01478,A01478,接触済,0,86
OPP-A01479,A01479,接触済,0,112
OPP-A01480,A01480,接触済,0,22
OPP-A01481,A01481,接触済,0,86
OPP-A01482,A01482,接触済,0,67
OPP-A01483,A01483,接触済,0,103
OPP-A01484,A01484,接触済,0,104
OPP-A01485,A01485,接触済,0,35
OPP-A01486,A01486,接触済,0,114
OPP-A01487,A01487,接触済,0,105
OPP-A01488,A01488,接触済,0,114
OPP-A01489,A01489,接触済,0,12
OPP-A01490,A01490,接触済,0,46
OPP-A01491,A01491,未接触,0,23
OPP-A01492,A01492,接触済,0,86
OPP-A01493,A01493,接触済,0,40
OPP-A01494,A01494,接触済,0,100
OPP-A01495,A01495,接触済,0,30
OPP-A01496,A01496,契約,1,63
OPP-A01497,A01497,接触済,0,68
OPP-A01498,A01498,接触済,0,114
OPP-A01499,A01499,接触済,0,31
OPP-A01500,A01500,接触済,0,77
OPP-A01501,A01501,契約,1,32
OPP-A01502,A01502,接触済,0,26
OPP-A01503,A01503,未接触,0,65
OPP-A01504,A01504,接触済,0,38
OPP-A01505,A01505,接触済,0,10
OPP-A01506,A01506,契約,1,69
OPP-A01507,A01507,接触済,0,45
OPP-A01508,A01508,接触済,0,38
OPP-A01509,A01509,契約,1,51
OPP-A01510,A01510,接触済,0,79
OPP-A01511,A01511,接触済,0,66
OPP-A01512,A01512,接触済,0,17
OPP-A01513,A01513,接触済,0,93
OPP-A01514,A01514,契約,1,63
OPP-A01515,A01515,接触済,0,46
OPP-A01516,A01516,接触済,0,116
OPP-A01517,A01517,接触済,0,111
OPP-A01518,A01518,接触済,0,92
OPP-A01519,A01519,接触済,0,58
OPP-A01520,A01520,接触済,0,8
OPP-A01521,A01521,接触済,0,43
OPP-A01522,A01522,接触済,0,15
OPP-A01523,A01523,接触済,0,38
OPP-A01524,A01524,契約,1,0
OPP-A01525,A01525,接触済,0,118
OPP-A01526,A01526,接触済,0,60
OPP-A01527,A01527,未接触,0,19
OPP-A01528,A01528,契約,1,90
OPP-A01529,A01529,接触済,0,1
OPP-A01530,A01530,接触済,0,4
OPP-A01531,A01531,接触済,0,74
OPP-A01532,A01532,接触済,0,96
OPP-A01533,A01533,接触済,0,38
OPP-A01534,A01534,接触済,0,109
OPP-A01535,A01535,接触済,0,103
OPP-A01536,A01536,未接触,0,69
OPP-A01537,A01537,接触済,0,66
OPP-A01538,A01538,契約,1,92
OPP-A01539,A01539,接触済,0,17
OPP-A01540,A01540,接触済,0,49
OPP-A01541,A01541,接触済,0,89
OPP-A01542,A01542,接触済,0,0
OPP-A01543,A01543,契約,1,72
OPP-A01544,A01544,接触済,0,88
OPP-A01545,A01545,接触済,0,83
OPP-A01546,A01546,接触済,0,28
OPP-A01547,A01547,接触済,0,86
OPP-A01548,A01548,接触済,0,78
OPP-A01549,A01549,契約,1,100
OPP-A01550,A01550,接触済,0,79
OPP-A01551,A01551,接触済,0,69
OPP-A01552,A01552,接触済,0,70
OPP-A01553,A01553,接触済,0,56
OPP-A01554,A01554,接触済,0,110
OPP-A01555,A01555,接触済,0,48
OPP-A01556,A01556,接触済,0,55
OPP-A01557,A01557,未接触,0,17
OPP-A01558,A01558,接触済,0,56
OPP-A01559,A01559,接触済,0,38
OPP-A01560,A01560,接触済,0,88
OPP-A01561,A01561,接触済,0,24
OPP-A01562,A01562,接触済,0,20
OPP-A01563,A01563,接触済,0,49
OPP-A01564,A01564,接触済,0,120
OPP-A01565,A01565,接触済,0,18
OPP-A01566,A01566,接触済,0,56
OPP-A01567,A01567,接触済,0,73
OPP-A01568,A01568,接触済,0,14
OPP-A01569,A01569,接触済,0,87
OPP-A01570,A01570,接触済,0,97
OPP-A01571,A01571,未接触,0,62
OPP-A01572,A01572,接触済,0,29
OPP-A01573,A01573,接触済,0,21
OPP-A01574,A01574,接触済,0,73
OPP-A01575,A01575,接触済,0,62
OPP-A01576,A01576,契約,1,106
OPP-A01577,A01577,接触済,0,37
OPP-A01578,A01578,契約,1,108
OPP-A01579,A01579,接触済,0,13
OPP-A01580,A01580,契約,1,99
OPP-A01581,A01581,接触済,0,103
OPP-A01582,A01582,接触済,0,58
OPP-A01583,A01583,接触済,0,27
OPP-A01584,A01584,接触済,0,110
OPP-A01585,A01585,未接触,0,28
OPP-A01586,A01586,接触済,0,101
OPP-A01587,A01587,契約,1,16
OPP-A01588,A01588,接触済,0,32
OPP-A01589,A01589,接触済,0,108
OPP-A01590,A01590,接触済,0,95
OPP-A01591,A01591,契約,1,43
OPP-A01592,A01592,接触済,0,113
OPP-A01593,A01593,未接触,0,87
OPP-A01594,A01594,接触済,0,43
OPP-A01595,A01595,契約,1,32
OPP-A01596,A01596,接触済,0,89
OPP-A01597,A01597,接触済,0,61
OPP-A01598,A01598,接触済,0,64
OPP-A01599,A01599,接触済,0,32
OPP-A01600,A01600,未接触,0,64
OPP-A01601,A01601,接触済,0,119
OPP-A01602,A01602,接触済,0,84
OPP-A01603,A01603,接触済,0,100
OPP-A01604,A01604,契約,1,34
OPP-A01605,A01605,接触済,0,16
OPP-A01606,A01606,未接触,0,8
OPP-A01607,A01607,接触済,0,52
OPP-A01608,A01608,接触済,0,94
OPP-A01609,A01609,接触済,0,61
OPP-A01610,A01610,未接触,0,1
OPP-A01611,A01611,接触済,0,13
OPP-A01612,A01612,接触済,0,44
OPP-A01613,A01613,接触済,0,76
OPP-A01614,A01614,接触済,0,20
OPP-A01615,A01615,接触済,0,77
OPP-A01616,A01616,契約,1,64
OPP-A01617,A01617,接触済,0,109
OPP-A01618,A01618,契約,1,1
OPP-A01619,A01619,接触済,0,66
OPP-A01620,A01620,接触済,0,35
OPP-A01621,A01621,接触済,0,65
OPP-A01622,A01622,接触済,0,27
OPP-A01623,A01623,契約,1,111
OPP-A01624,A01624,接触済,0,36
OPP-A01625,A01625,接触済,0,11
OPP-A01626,A01626,契約,1,29
OPP-A01627,A01627,接触済,0,111
OPP-A01628,A01628,接触済,0,94
OPP-A01629,A01629,接触済,0,79
OPP-A01630,A01630,接触済,0,42
OPP-A01631,A01631,接触済,0,0
OPP-A01632,A01632,接触済,0,25
OPP-A01633,A01633,契約,1,14
OPP-A01634,A01634,接触済,0,88
OPP-A01635,A01635,接触済,0,56
OPP-A01636,A01636,接触済,0,101
OPP-A01637,A01637,接触済,0,22
OPP-A01638,A01638,接触済,0,103
OPP-A01639,A01639,接触済,0,82
OPP-A01640,A01640,契約,1,7
OPP-A01641,A01641,接触済,0,87
OPP-A01642,A01642,接触済,0,9
OPP-A01643,A01643,接触済,0,62
OPP-A01644,A01644,接触済,0,65
OPP-A01645,A01645,未接触,0,86
OPP-A01646,A01646,接触済,0,115
OPP-A01647,A01647,接触済,0,102
OPP-A01648,A01648,接触済,0,44
OPP-A01649,A01649,接触済,0,27
OPP-A01650,A01650,接触済,0,118
OPP-A01651,A01651,接触済,0,63
OPP-A01652,A01652,接触済,0,113
OPP-A01653,A01653,接触済,0,96
OPP-A01654,A01654,接触済,0,102
OPP-A01655,A01655,接触済,0,84
OPP-A01656,A01656,接触済,0,54
OPP-A01657,A01657,接触済,0,91
OPP-A01658,A01658,接触済,0,66
OPP-A01659,A01659,接触済,0,21
OPP-A01660,A01660,接触済,0,80
OPP-A01661,A01661,接触済,0,46
OPP-A01662,A01662,接触済,0,67
OPP-A01663,A01663,契約,1,67
OPP-A01664,A01664,未接触,0,65
OPP-A01665,A01665,接触済,0,107
OPP-A01666,A01666,接触済,0,97
OPP-A01667,A01667,接触済,0,1
OPP-A01668,A01668,接触済,0,41
OPP-A01669,A01669,接触済,0,93
OPP-A01670,A01670,接触済,0,103
OPP-A01671,A01671,接触済,0,75
OPP-A01672,A01672,接触済,0,116
OPP-A01673,A01673,接触済,0,48
OPP-A01674,A01674,未接触,0,44
OPP-A01675,A01675,接触済,0,33
OPP-A01676,A01676,接触済,0,46
OPP-A01677,A01677,接触済,0,13
OPP-A01678,A01678,接触済,0,27
OPP-A01679,A01679,接触済,0,1
OPP-A01680,A01680,接触済,0,116
OPP-A01681,A01681,接触済,0,41
OPP-A01682,A01682,契約,1,62
OPP-A01683,A01683,接触済,0,76
OPP-A01684,A01684,接触済,0,35
OPP-A01685,A01685,接触済,0,18
OPP-A01686,A01686,接触済,0,65
OPP-A01687,A01687,接触済,0,41
OPP-A01688,A01688,未接触,0,105
OPP-A01689,A01689,接触済,0,0
OPP-A01690,A01690,接触済,0,104
OPP-A01691,A01691,接触済,0,51
OPP-A01692,A01692,接触済,0,109
OPP-A01693,A01693,接触済,0,91
OPP-A01694,A01694,接触済,0,4
OPP-A01695,A01695,接触済,0,48
OPP-A01696,A01696,接触済,0,36
OPP-A01697,A01697,接触済,0,87
OPP-A01698,A01698,接触済,0,61
OPP-A01699,A01699,接触済,0,32
OPP-A01700,A01700,契約,1,19
OPP-A01701,A01701,接触済,0,54
OPP-A01702,A01702,接触済,0,51
OPP-A01703,A01703,接触済,0,39
OPP-A01704,A01704,接触済,0,105
OPP-A01705,A01705,接触済,0,85
OPP-A01706,A01706,接触済,0,117
OPP-A01707,A01707,接触済,0,92
OPP-A01708,A01708,接触済,0,15
OPP-A01709,A01709,接触済,0,116
OPP-A01710,A01710,接触済,0,102
OPP-A01711,A01711,契約,1,24
OPP-A01712,A01712,商談,0,2
OPP-A01713,A01713,未接触,0,37
OPP-A01714,A01714,接触済,0,25
OPP-A01715,A01715,接触済,0,78
OPP-A01716,A01716,契約,1,76
OPP-A01717,A01717,接触済,0,21
OPP-A01718,A01718,接触済,0,16
OPP-A01719,A01719,接触済,0,116
OPP-A01720,A01720,接触済,0,56
OPP-A01721,A01721,接触済,0,46
OPP-A01722,A01722,契約,1,11
OPP-A01723,A01723,未接触,0,79
OPP-A01724,A01724,接触済,0,82
OPP-A01725,A01725,接触済,0,32
OPP-A01726,A01726,接触済,0,33
OPP-A01727,A01727,接触済,0,49
OPP-A01728,A01728,接触済,0,75
OPP-A01729,A01729,商談,0,44
OPP-A01730,A01730,接触済,0,42
OPP-A01731,A01731,接触済,0,116
OPP-A01732,A01732,接触済,0,93
OPP-A01733,A01733,接触済,0,105
OPP-A01734,A01734,契約,1,29
OPP-A01735,A01735,未接触,0,53
OPP-A01736,A01736,接触済,0,79
OPP-A01737,A01737,接触済,0,27
OPP-A01738,A01738,接触済,0,21
OPP-A01739,A01739,接触済,0,34
OPP-A01740,A01740,接触済,0,30
OPP-A01741,A01741,接触済,0,56
OPP-A01742,A01742,接触済,0,35
OPP-A01743,A01743,未接触,0,26
OPP-A01744,A01744,接触済,0,70
OPP-A01745,A01745,接触済,0,69
OPP-A01746,A01746,未接触,0,82
OPP-A01747,A01747,接触済,0,83
OPP-A01748,A01748,接触済,0,48
OPP-A01749,A01749,接触済,0,55
OPP-A01750,A01750,接触済,0,37
OPP-A01751,A01751,接触済,0,81
OPP-A01752,A01752,接触済,0,6
OPP-A01753,A01753,接触済,0,78
OPP-A01754,A01754,接触済,0,99
OPP-A01755,A01755,契約,1,74
OPP-A01756,A01756,接触済,0,1
OPP-A01757,A01757,接触済,0,74
OPP-A01758,A01758,契約,1,0
OPP-A01759,A01759,契約,1,28
OPP-A01760,A01760,接触済,0,59
OPP-A01761,A01761,接触済,0,23
OPP-A01762,A01762,未接触,0,43
OPP-A01763,A01763,接触済,0,95
OPP-A01764,A01764,未接触,0,120
OPP-A01765,A01765,接触済,0,9
OPP-A01766,A01766,接触済,0,60
OPP-A01767,A01767,接触済,0,13
OPP-A01768,A01768,接触済,0,97
OPP-A01769,A01769,接触済,0,68
OPP-A01770,A01770,接触済,0,61
OPP-A01771,A01771,接触済,0,44
OPP-A01772,A01772,接触済,0,59
OPP-A01773,A01773,接触済,0,38
OPP-A01774,A01774,接触済,0,107
OPP-A01775,A01775,接触済,0,91
OPP-A01776,A01776,接触済,0,64
OPP-A01777,A01777,接触済,0,34
OPP-A01778,A01778,接触済,0,25
OPP-A01779,A01779,接触済,0,54
OPP-A01780,A01780,接触済,0,30
OPP-A01781,A01781,未接触,0,40
OPP-A01782,A01782,接触済,0,6
OPP-A01783,A01783,接触済,0,7
OPP-A01784,A01784,接触済,0,92
OPP-A01785,A01785,接触済,0,72
OPP-A01786,A01786,接触済,0,5
OPP-A01787,A01787,接触済,0,31
OPP-A01788,A01788,接触済,0,90
OPP-A01789,A01789,接触済,0,17
OPP-A01790,A01790,接触済,0,100
OPP-A01791,A01791,接触済,0,106
OPP-A01792,A01792,接触済,0,40
OPP-A01793,A01793,接触済,0,25
OPP-A01794,A01794,契約,1,56
OPP-A01795,A01795,接触済,0,85
OPP-A01796,A01796,接触済,0,32
OPP-A01797,A01797,接触済,0,93
OPP-A01798,A01798,接触済,0,89
OPP-A01799,A01799,接触済,0,44
OPP-A01800,A01800,接触済,0,105
OPP-A01801,A01801,接触済,0,114
OPP-A01802,A01802,接触済,0,18
OPP-A01803,A01803,接触済,0,3
OPP-A01804,A01804,接触済,0,85
OPP-A01805,A01805,接触済,0,31
OPP-A01806,A01806,接触済,0,9
OPP-A01807,A01807,接触済,0,116
OPP-A01808,A01808,接触済,0,42
OPP-A01809,A01809,接触済,0,84
OPP-A01810,A01810,接触済,0,64
OPP-A01811,A01811,接触済,0,10
OPP-A01812,A01812,接触済,0,113
OPP-A01813,A01813,接触済,0,34
OPP-A01814,A01814,接触済,0,78
OPP-A01815,A01815,契約,1,56
OPP-A01816,A01816,接触済,0,6
OPP-A01817,A01817,接触済,0,88
OPP-A01818,A01818,契約,1,56
OPP-A01819,A01819,接触済,0,3
OPP-A01820,A01820,接触済,0,87
OPP-A01821,A01821,接触済,0,114
OPP-A01822,A01822,接触済,0,12
OPP-A01823,A01823,接触済,0,26
OPP-A01824,A01824,接触済,0,69
OPP-A01825,A01825,接触済,0,56
OPP-A01826,A01826,接触済,0,83
OPP-A01827,A01827,接触済,0,54
OPP-A01828,A01828,接触済,0,107
OPP-A01829,A01829,接触済,0,117
OPP-A01830,A01830,接触済,0,17
OPP-A01831,A01831,接触済,0,91
OPP-A01832,A01832,接触済,0,119
OPP-A01833,A01833,接触済,0,83
OPP-A01834,A01834,未接触,0,78
OPP-A01835,A01835,接触済,0,62
OPP-A01836,A01836,未接触,0,92
OPP-A01837,A01837,契約,1,13
OPP-A01838,A01838,接触済,0,96
OPP-A01839,A01839,接触済,0,117
OPP-A01840,A01840,契約,1,104
OPP-A01841,A01841,接触済,0,19
OPP-A01842,A01842,接触済,0,74
OPP-A01843,A01843,接触済,0,52
OPP-A01844,A01844,接触済,0,32
OPP-A01845,A01845,接触済,0,21
OPP-A01846,A01846,接触済,0,5
OPP-A01847,A01847,未接触,0,34
OPP-A01848,A01848,未接触,0,70
OPP-A01849,A01849,契約,1,0
OPP-A01850,A01850,接触済,0,31
OPP-A01851,A01851,接触済,0,44
OPP-A01852,A01852,接触済,0,107
OPP-A01853,A01853,商談,0,22
OPP-A01854,A01854,接触済,0,67
OPP-A01855,A01855,接触済,0,75
OPP-A01856,A01856,接触済,0,19
OPP-A01857,A01857,契約,1,10
OPP-A01858,A01858,接触済,0,101
OPP-A01859,A01859,契約,1,117
OPP-A01860,A01860,接触済,0,103
OPP-A01861,A01861,接触済,0,120
OPP-A01862,A01862,接触済,0,76
OPP-A01863,A01863,接触済,0,98
OPP-A01864,A01864,接触済,0,12
OPP-A01865,A01865,未接触,0,79
OPP-A01866,A01866,接触済,0,64
OPP-A01867,A01867,接触済,0,91
OPP-A01868,A01868,未接触,0,2
OPP-A01869,A01869,接触済,0,59
OPP-A01870,A01870,接触済,0,59
OPP-A01871,A01871,接触済,0,97
OPP-A01872,A01872,接触済,0,103
OPP-A01873,A01873,接触済,0,4
OPP-A01874,A01874,接触済,0,11
OPP-A01875,A01875,接触済,0,50
OPP-A01876,A01876,接触済,0,41
OPP-A01877,A01877,接触済,0,101
OPP-A01878,A01878,接触済,0,55
OPP-A01879,A01879,接触済,0,28
OPP-A01880,A01880,接触済,0,6
OPP-A01881,A01881,接触済,0,52
OPP-A01882,A01882,未接触,0,79
OPP-A01883,A01883,接触済,0,50
OPP-A01884,A01884,接触済,0,120
OPP-A01885,A01885,接触済,0,108
OPP-A01886,A01886,接触済,0,10
OPP-A01887,A01887,接触済,0,75
OPP-A01888,A01888,接触済,0,37
OPP-A01889,A01889,接触済,0,15
OPP-A01890,A01890,接触済,0,58
OPP-A01891,A01891,接触済,0,63
OPP-A01892,A01892,接触済,0,109
OPP-A01893,A01893,接触済,0,57
OPP-A01894,A01894,接触済,0,34
OPP-A01895,A01895,契約,1,82
OPP-A01896,A01896,接触済,0,55
OPP-A01897,A01897,接触済,0,83
OPP-A01898,A01898,接触済,0,25
OPP-A01899,A01899,契約,1,20
OPP-A01900,A01900,接触済,0,102
OPP-A01901,A01901,接触済,0,67
OPP-A01902,A01902,契約,1,104
OPP-A01903,A01903,契約,1,49
OPP-A01904,A01904,未接触,0,14
OPP-A01905,A01905,接触済,0,0
OPP-A01906,A01906,接触済,0,51
OPP-A01907,A01907,接触済,0,102
OPP-A01908,A01908,契約,1,116
OPP-A01909,A01909,接触済,0,33
OPP-A01910,A01910,接触済,0,56
OPP-A01911,A01911,接触済,0,85
OPP-A01912,A01912,未接触,0,120
OPP-A01913,A01913,接触済,0,93
OPP-A01914,A01914,接触済,0,3
OPP-A01915,A01915,接触済,0,48
OPP-A01916,A01916,接触済,0,71
OPP-A01917,A01917,未接触,0,1
OPP-A01918,A01918,接触済,0,75
OPP-A01919,A01919,接触済,0,26
OPP-A01920,A01920,接触済,0,56
OPP-A01921,A01921,接触済,0,39
OPP-A01922,A01922,接触済,0,38
OPP-A01923,A01923,接触済,0,84
OPP-A01924,A01924,接触済,0,99
OPP-A01925,A01925,契約,1,81
OPP-A01926,A01926,未接触,0,16
OPP-A01927,A01927,接触済,0,99
OPP-A01928,A01928,接触済,0,68
OPP-A01929,A01929,接触済,0,100
OPP-A01930,A01930,未接触,0,39
OPP-A01931,A01931,接触済,0,119
OPP-A01932,A01932,未接触,0,28
OPP-A01933,A01933,接触済,0,94
OPP-A01934,A01934,契約,1,83
OPP-A01935,A01935,接触済,0,57
OPP-A01936,A01936,接触済,0,94
OPP-A01937,A01937,接触済,0,37
OPP-A01938,A01938,接触済,0,62
OPP-A01939,A01939,接触済,0,81
OPP-A01940,A01940,接触済,0,59
OPP-A01941,A01941,接触済,0,116
OPP-A01942,A01942,接触済,0,13
OPP-A01943,A01943,接触済,0,72
OPP-A01944,A01944,接触済,0,110
OPP-A01945,A01945,契約,1,105
OPP-A01946,A01946,接触済,0,65
OPP-A01947,A01947,契約,1,8
OPP-A01948,A01948,接触済,0,94
OPP-A01949,A01949,未接触,0,41
OPP-A01950,A01950,接触済,0,79
OPP-A01951,A01951,接触済,0,96
OPP-A01952,A01952,接触済,0,72
OPP-A01953,A01953,接触済,0,77
OPP-A01954,A01954,接触済,0,103
OPP-A01955,A01955,接触済,0,68
OPP-A01956,A01956,接触済,0,19
OPP-A01957,A01957,接触済,0,5
OPP-A01958,A01958,接触済,0,0
OPP-A01959,A01959,接触済,0,94
OPP-A01960,A01960,契約,1,67
OPP-A01961,A01961,接触済,0,5
OPP-A01962,A01962,接触済,0,21
OPP-A01963,A01963,接触済,0,93
OPP-A01964,A01964,接触済,0,53
OPP-A01965,A01965,接触済,0,66
OPP-A01966,A01966,接触済,0,73
OPP-A01967,A01967,接触済,0,83
OPP-A01968,A01968,接触済,0,115
OPP-A01969,A01969,未接触,0,36
OPP-A01970,A01970,接触済,0,39
OPP-A01971,A01971,接触済,0,110
OPP-A01972,A01972,接触済,0,16
OPP-A01973,A01973,接触済,0,72
OPP-A01974,A01974,接触済,0,50
OPP-A01975,A01975,契約,1,5
OPP-A01976,A01976,契約,1,11
OPP-A01977,A01977,接触済,0,0
OPP-A01978,A01978,接触済,0,24
OPP-A01979,A01979,接触済,0,87
OPP-A01980,A01980,接触済,0,9
OPP-A01981,A01981,契約,1,45
OPP-A01982,A01982,接触済,0,83
OPP-A01983,A01983,未接触,0,51
OPP-A01984,A01984,接触済,0,89
OPP-A01985,A01985,接触済,0,58
OPP-A01986,A01986,未接触,0,106
OPP-A01987,A01987,接触済,0,46
OPP-A01988,A01988,接触済,0,99
OPP-A01989,A01989,接触済,0,88
OPP-A01990,A01990,接触済,0,62
OPP-A01991,A01991,接触済,0,75
OPP-A01992,A01992,契約,1,91
OPP-A01993,A01993,接触済,0,11
OPP-A01994,A01994,接触済,0,83
OPP-A01995,A01995,接触済,0,52
OPP-A01996,A01996,接触済,0,39
OPP-A01997,A01997,接触済,0,16
OPP-A01998,A01998,接触済,0,91
OPP-A01999,A01999,接触済,0,53
OPP-A02000,A02000,接触済,0,3
OPP-A02001,A02001,接触済,0,86
OPP-A02002,A02002,接触済,0,3
OPP-A02003,A02003,接触済,0,40
OPP-A02004,A02004,接触済,0,84
OPP-A02005,A02005,接触済,0,71
OPP-A02006,A02006,接触済,0,115
OPP-A02007,A02007,接触済,0,56
OPP-A02008,A02008,接触済,0,113
OPP-A02009,A02009,契約,1,42
OPP-A02010,A02010,未接触,0,77
OPP-A02011,A02011,接触済,0,66
OPP-A02012,A02012,接触済,0,84
OPP-A02013,A02013,接触済,0,71
OPP-A02014,A02014,接触済,0,84
OPP-A02015,A02015,接触済,0,42
OPP-A02016,A02016,接触済,0,117
OPP-A02017,A02017,接触済,0,87
OPP-A02018,A02018,接触済,0,49
OPP-A02019,A02019,契約,1,71
OPP-A02020,A02020,接触済,0,30
OPP-A02021,A02021,接触済,0,10
OPP-A02022,A02022,接触済,0,21
OPP-A02023,A02023,接触済,0,94
OPP-A02024,A02024,接触済,0,37
OPP-A02025,A02025,接触済,0,78
OPP-A02026,A02026,接触済,0,46
OPP-A02027,A02027,接触済,0,84
OPP-A02028,A02028,契約,1,43
OPP-A02029,A02029,接触済,0,17
OPP-A02030,A02030,接触済,0,17
OPP-A02031,A02031,接触済,0,56
OPP-A02032,A02032,接触済,0,4
OPP-A02033,A02033,接触済,0,90
OPP-A02034,A02034,接触済,0,16
OPP-A02035,A02035,接触済,0,110
OPP-A02036,A02036,接触済,0,77
OPP-A02037,A02037,接触済,0,24
OPP-A02038,A02038,接触済,0,107
OPP-A02039,A02039,契約,1,57
OPP-A02040,A02040,契約,1,96
OPP-A02041,A02041,接触済,0,105
OPP-A02042,A02042,接触済,0,60
OPP-A02043,A02043,接触済,0,99
OPP-A02044,A02044,接触済,0,19
OPP-A02045,A02045,接触済,0,86
OPP-A02046,A02046,接触済,0,76
OPP-A02047,A02047,接触済,0,108
OPP-A02048,A02048,接触済,0,80
OPP-A02049,A02049,接触済,0,102
OPP-A02050,A02050,未接触,0,101
OPP-A02051,A02051,接触済,0,116
OPP-A02052,A02052,接触済,0,1
OPP-A02053,A02053,接触済,0,77
OPP-A02054,A02054,接触済,0,87
OPP-A02055,A02055,接触済,0,99
OPP-A02056,A02056,未接触,0,38
OPP-A02057,A02057,接触済,0,71
OPP-A02058,A02058,接触済,0,43
OPP-A02059,A02059,接触済,0,55
OPP-A02060,A02060,接触済,0,116
OPP-A02061,A02061,接触済,0,7
OPP-A02062,A02062,未接触,0,109
OPP-A02063,A02063,接触済,0,50
OPP-A02064,A02064,接触済,0,23
OPP-A02065,A02065,接触済,0,22
OPP-A02066,A02066,接触済,0,89
OPP-A02067,A02067,接触済,0,109
OPP-A02068,A02068,接触済,0,50
OPP-A02069,A02069,未接触,0,73
OPP-A02070,A02070,接触済,0,36
OPP-A02071,A02071,接触済,0,27
OPP-A02072,A02072,接触済,0,5
OPP-A02073,A02073,接触済,0,21
OPP-A02074,A02074,接触済,0,5
OPP-A02075,A02075,接触済,0,104
OPP-A02076,A02076,接触済,0,51
OPP-A02077,A02077,接触済,0,67
OPP-A02078,A02078,接触済,0,30
OPP-A02079,A02079,未接触,0,57
OPP-A02080,A02080,接触済,0,33
OPP-A02081,A02081,接触済,0,47
OPP-A02082,A02082,接触済,0,1
OPP-A02083,A02083,接触済,0,94
OPP-A02084,A02084,接触済,0,111
OPP-A02085,A02085,接触済,0,13
OPP-A02086,A02086,接触済,0,59
OPP-A02087,A02087,未接触,0,112
OPP-A02088,A02088,接触済,0,78
OPP-A02089,A02089,接触済,0,69
OPP-A02090,A02090,接触済,0,79
OPP-A02091,A02091,接触済,0,22
OPP-A02092,A02092,接触済,0,81
OPP-A02093,A02093,接触済,0,10
OPP-A02094,A02094,接触済,0,35
OPP-A02095,A02095,接触済,0,14
OPP-A02096,A02096,契約,1,55
OPP-A02097,A02097,接触済,0,39
OPP-A02098,A02098,接触済,0,88
OPP-A02099,A02099,接触済,0,9
OPP-A02100,A02100,接触済,0,27
OPP-A02101,A02101,接触済,0,86
OPP-A02102,A02102,接触済,0,36
OPP-A02103,A02103,接触済,0,92
OPP-A02104,A02104,接触済,0,14
OPP-A02105,A02105,商談,0,100
OPP-A02106,A02106,契約,1,60
OPP-A02107,A02107,接触済,0,11
OPP-A02108,A02108,接触済,0,102
OPP-A02109,A02109,接触済,0,117
OPP-A02110,A02110,接触済,0,79
OPP-A02111,A02111,接触済,0,108
OPP-A02112,A02112,接触済,0,108
OPP-A02113,A02113,接触済,0,9
OPP-A02114,A02114,接触済,0,96
OPP-A02115,A02115,接触済,0,54
OPP-A02116,A02116,接触済,0,5
OPP-A02117,A02117,接触済,0,9
OPP-A02118,A02118,接触済,0,106
OPP-A02119,A02119,接触済,0,102
OPP-A02120,A02120,契約,1,11
OPP-A02121,A02121,接触済,0,53
OPP-A02122,A02122,未接触,0,42
OPP-A02123,A02123,未接触,0,83
OPP-A02124,A02124,接触済,0,46
OPP-A02125,A02125,接触済,0,1
OPP-A02126,A02126,接触済,0,51
OPP-A02127,A02127,契約,1,77
OPP-A02128,A02128,接触済,0,107
OPP-A02129,A02129,接触済,0,94
OPP-A02130,A02130,接触済,0,105
OPP-A02131,A02131,接触済,0,68
OPP-A02132,A02132,接触済,0,5
OPP-A02133,A02133,接触済,0,32
OPP-A02134,A02134,接触済,0,119
OPP-A02135,A02135,接触済,0,78
OPP-A02136,A02136,接触済,0,1
OPP-A02137,A02137,接触済,0,55
OPP-A02138,A02138,接触済,0,25
OPP-A02139,A02139,接触済,0,89
OPP-A02140,A02140,接触済,0,25
OPP-A02141,A02141,契約,1,97
OPP-A02142,A02142,接触済,0,86
OPP-A02143,A02143,接触済,0,77
OPP-A02144,A02144,未接触,0,27
OPP-A02145,A02145,接触済,0,64
OPP-A02146,A02146,接触済,0,62
OPP-A02147,A02147,接触済,0,62
OPP-A02148,A02148,接触済,0,78
OPP-A02149,A02149,接触済,0,71
OPP-A02150,A02150,接触済,0,25
OPP-A02151,A02151,契約,1,54
OPP-A02152,A02152,契約,1,68
OPP-A02153,A02153,接触済,0,97
OPP-A02154,A02154,接触済,0,8
OPP-A02155,A02155,接触済,0,46
OPP-A02156,A02156,商談,0,13
OPP-A02157,A02157,接触済,0,42
OPP-A02158,A02158,接触済,0,63
OPP-A02159,A02159,接触済,0,91
OPP-A02160,A02160,接触済,0,114
OPP-A02161,A02161,接触済,0,22
OPP-A02162,A02162,接触済,0,119
OPP-A02163,A02163,契約,1,57
OPP-A02164,A02164,未接触,0,32
OPP-A02165,A02165,未接触,0,67
OPP-A02166,A02166,接触済,0,110
OPP-A02167,A02167,接触済,0,3
OPP-A02168,A02168,接触済,0,47
OPP-A02169,A02169,接触済,0,94
OPP-A02170,A02170,未接触,0,78
OPP-A02171,A02171,商談,0,12
OPP-A02172,A02172,接触済,0,78
OPP-A02173,A02173,契約,1,28
OPP-A02174,A02174,接触済,0,7
OPP-A02175,A02175,接触済,0,5
OPP-A02176,A02176,接触済,0,41
OPP-A02177,A02177,接触済,0,52
OPP-A02178,A02178,接触済,0,109
OPP-A02179,A02179,接触済,0,82
OPP-A02180,A02180,接触済,0,26
OPP-A02181,A02181,接触済,0,20
OPP-A02182,A02182,接触済,0,99
OPP-A02183,A02183,接触済,0,86
OPP-A02184,A02184,接触済,0,15
OPP-A02185,A02185,未接触,0,79
OPP-A02186,A02186,接触済,0,100
OPP-A02187,A02187,接触済,0,56
OPP-A02188,A02188,接触済,0,38
OPP-A02189,A02189,接触済,0,106
OPP-A02190,A02190,未接触,0,86
OPP-A02191,A02191,接触済,0,20
OPP-A02192,A02192,契約,1,72
OPP-A02193,A02193,接触済,0,29
OPP-A02194,A02194,接触済,0,55
OPP-A02195,A02195,接触済,0,113
OPP-A02196,A02196,接触済,0,119
OPP-A02197,A02197,接触済,0,95
OPP-A02198,A02198,接触済,0,13
OPP-A02199,A02199,接触済,0,66
OPP-A02200,A02200,接触済,0,31
OPP-A02201,A02201,契約,1,22
OPP-A02202,A02202,接触済,0,28
OPP-A02203,A02203,接触済,0,68
OPP-A02204,A02204,接触済,0,22
OPP-A02205,A02205,接触済,0,24
OPP-A02206,A02206,接触済,0,117
OPP-A02207,A02207,接触済,0,5
OPP-A02208,A02208,接触済,0,105
OPP-A02209,A02209,接触済,0,90
OPP-A02210,A02210,接触済,0,2
OPP-A02211,A02211,接触済,0,108
OPP-A02212,A02212,接触済,0,100
OPP-A02213,A02213,接触済,0,94
OPP-A02214,A02214,接触済,0,94
OPP-A02215,A02215,接触済,0,32
OPP-A02216,A02216,接触済,0,96
OPP-A02217,A02217,契約,1,79
OPP-A02218,A02218,接触済,0,82
OPP-A02219,A02219,接触済,0,30
OPP-A02220,A02220,接触済,0,22
OPP-A02221,A02221,未接触,0,19
OPP-A02222,A02222,接触済,0,63
OPP-A02223,A02223,接触済,0,23
OPP-A02224,A02224,未接触,0,81
OPP-A02225,A02225,接触済,0,109
OPP-A02226,A02226,接触済,0,119
OPP-A02227,A02227,接触済,0,61
OPP-A02228,A02228,接触済,0,116
OPP-A02229,A02229,接触済,0,24
OPP-A02230,A02230,契約,1,7
OPP-A02231,A02231,未接触,0,58
OPP-A02232,A02232,接触済,0,25
OPP-A02233,A02233,接触済,0,84
OPP-A02234,A02234,契約,1,21
OPP-A02235,A02235,未接触,0,97
OPP-A02236,A02236,接触済,0,112
OPP-A02237,A02237,接触済,0,104
OPP-A02238,A02238,接触済,0,57
OPP-A02239,A02239,接触済,0,10
OPP-A02240,A02240,接触済,0,10
OPP-A02241,A02241,接触済,0,105
OPP-A02242,A02242,接触済,0,9
OPP-A02243,A02243,未接触,0,102
OPP-A02244,A02244,接触済,0,58
OPP-A02245,A02245,接触済,0,51
OPP-A02246,A02246,接触済,0,108
OPP-A02247,A02247,接触済,0,91
OPP-A02248,A02248,接触済,0,20
OPP-A02249,A02249,接触済,0,108
OPP-A02250,A02250,未接触,0,110
OPP-A02251,A02251,接触済,0,66
OPP-A02252,A02252,接触済,0,68
OPP-A02253,A02253,契約,1,0
OPP-A02254,A02254,契約,1,22
OPP-A02255,A02255,接触済,0,92
OPP-A02256,A02256,接触済,0,57
OPP-A02257,A02257,接触済,0,60
OPP-A02258,A02258,接触済,0,119
OPP-A02259,A02259,接触済,0,86
OPP-A02260,A02260,接触済,0,21
OPP-A02261,A02261,接触済,0,67
OPP-A02262,A02262,接触済,0,5
OPP-A02263,A02263,接触済,0,39
OPP-A02264,A02264,接触済,0,105
OPP-A02265,A02265,接触済,0,8
OPP-A02266,A02266,接触済,0,23
OPP-A02267,A02267,接触済,0,108
OPP-A02268,A02268,接触済,0,78
OPP-A02269,A02269,接触済,0,2
OPP-A02270,A02270,接触済,0,91
OPP-A02271,A02271,接触済,0,7
OPP-A02272,A02272,接触済,0,76
OPP-A02273,A02273,接触済,0,83
OPP-A02274,A02274,接触済,0,9
OPP-A02275,A02275,未接触,0,37
OPP-A02276,A02276,接触済,0,20
OPP-A02277,A02277,接触済,0,99
OPP-A02278,A02278,未接触,0,76
OPP-A02279,A02279,接触済,0,66
OPP-A02280,A02280,接触済,0,58
OPP-A02281,A02281,契約,1,43
OPP-A02282,A02282,未接触,0,37
OPP-A02283,A02283,接触済,0,17
OPP-A02284,A02284,接触済,0,64
OPP-A02285,A02285,接触済,0,115
OPP-A02286,A02286,接触済,0,23
OPP-A02287,A02287,契約,1,76
OPP-A02288,A02288,接触済,0,73
OPP-A02289,A02289,商談,0,7
OPP-A02290,A02290,接触済,0,11
OPP-A02291,A02291,接触済,0,36
OPP-A02292,A02292,未接触,0,39
OPP-A02293,A02293,接触済,0,23
OPP-A02294,A02294,接触済,0,48
OPP-A02295,A02295,接触済,0,29
OPP-A02296,A02296,接触済,0,80
OPP-A02297,A02297,接触済,0,41
OPP-A02298,A02298,接触済,0,24
OPP-A02299,A02299,接触済,0,115
OPP-A02300,A02300,接触済,0,94
OPP-A02301,A02301,接触済,0,17
OPP-A02302,A02302,接触済,0,66
OPP-A02303,A02303,接触済,0,58
OPP-A02304,A02304,接触済,0,118
OPP-A02305,A02305,契約,1,85
OPP-A02306,A02306,接触済,0,55
OPP-A02307,A02307,接触済,0,9
OPP-A02308,A02308,接触済,0,18
OPP-A02309,A02309,接触済,0,101
OPP-A02310,A02310,接触済,0,39
OPP-A02311,A02311,接触済,0,37
OPP-A02312,A02312,接触済,0,0
OPP-A02313,A02313,接触済,0,99
OPP-A02314,A02314,接触済,0,90
OPP-A02315,A02315,接触済,0,110
OPP-A02316,A02316,接触済,0,45
OPP-A02317,A02317,接触済,0,105
OPP-A02318,A02318,接触済,0,113
OPP-A02319,A02319,接触済,0,91
OPP-A02320,A02320,接触済,0,113
OPP-A02321,A02321,未接触,0,45
OPP-A02322,A02322,接触済,0,81
OPP-A02323,A02323,接触済,0,75
OPP-A02324,A02324,接触済,0,67
OPP-A02325,A02325,契約,1,66
OPP-A02326,A02326,未接触,0,85
OPP-A02327,A02327,接触済,0,68
OPP-A02328,A02328,接触済,0,70
OPP-A02329,A02329,接触済,0,95
OPP-A02330,A02330,接触済,0,50
OPP-A02331,A02331,接触済,0,19
OPP-A02332,A02332,商談,0,4
OPP-A02333,A02333,接触済,0,81
OPP-A02334,A02334,接触済,0,86
OPP-A02335,A02335,接触済,0,74
OPP-A02336,A02336,接触済,0,54
OPP-A02337,A02337,接触済,0,2
OPP-A02338,A02338,接触済,0,23
OPP-A02339,A02339,接触済,0,26
OPP-A02340,A02340,接触済,0,55
OPP-A02341,A02341,接触済,0,41
OPP-A02342,A02342,接触済,0,25
OPP-A02343,A02343,接触済,0,16
OPP-A02344,A02344,未接触,0,111
OPP-A02345,A02345,接触済,0,104
OPP-A02346,A02346,未接触,0,11
OPP-A02347,A02347,接触済,0,91
OPP-A02348,A02348,接触済,0,106
OPP-A02349,A02349,接触済,0,75
OPP-A02350,A02350,接触済,0,120
OPP-A02351,A02351,接触済,0,7
OPP-A02352,A02352,接触済,0,9
OPP-A02353,A02353,接触済,0,37
OPP-A02354,A02354,接触済,0,51
OPP-A02355,A02355,接触済,0,15
OPP-A02356,A02356,接触済,0,39
OPP-A02357,A02357,未接触,0,59
OPP-A02358,A02358,接触済,0,31
OPP-A02359,A02359,接触済,0,49
OPP-A02360,A02360,接触済,0,102
OPP-A02361,A02361,接触済,0,25
OPP-A02362,A02362,接触済,0,68
OPP-A02363,A02363,接触済,0,65
OPP-A02364,A02364,接触済,0,111
OPP-A02365,A02365,接触済,0,20
OPP-A02366,A02366,接触済,0,44
OPP-A02367,A02367,接触済,0,91
OPP-A02368,A02368,接触済,0,31
OPP-A02369,A02369,接触済,0,82
OPP-A02370,A02370,接触済,0,99
OPP-A02371,A02371,契約,1,43
OPP-A02372,A02372,契約,1,29
OPP-A02373,A02373,接触済,0,84
OPP-A02374,A02374,契約,1,89
OPP-A02375,A02375,接触済,0,72
OPP-A02376,A02376,接触済,0,53
OPP-A02377,A02377,契約,1,98
OPP-A02378,A02378,接触済,0,90
OPP-A02379,A02379,接触済,0,76
OPP-A02380,A02380,接触済,0,69
OPP-A02381,A02381,接触済,0,50
OPP-A02382,A02382,接触済,0,118
OPP-A02383,A02383,接触済,0,34
OPP-A02384,A02384,接触済,0,8
OPP-A02385,A02385,接触済,0,80
OPP-A02386,A02386,接触済,0,7
OPP-A02387,A02387,契約,1,63
OPP-A02388,A02388,接触済,0,63
OPP-A02389,A02389,接触済,0,113
OPP-A02390,A02390,接触済,0,36
OPP-A02391,A02391,未接触,0,79
OPP-A02392,A02392,接触済,0,75
OPP-A02393,A02393,接触済,0,53
OPP-A02394,A02394,接触済,0,42
OPP-A02395,A02395,接触済,0,70
OPP-A02396,A02396,接触済,0,62
OPP-A02397,A02397,接触済,0,19
OPP-A02398,A02398,接触済,0,11
OPP-A02399,A02399,未接触,0,82
OPP-A02400,A02400,接触済,0,115
OPP-A02401,A02401,接触済,0,96
OPP-A02402,A02402,接触済,0,1
OPP-A02403,A02403,接触済,0,14
OPP-A02404,A02404,接触済,0,30
OPP-A02405,A02405,接触済,0,109
OPP-A02406,A02406,接触済,0,1
OPP-A02407,A02407,接触済,0,118
OPP-A02408,A02408,接触済,0,15
OPP-A02409,A02409,接触済,0,47
OPP-A02410,A02410,接触済,0,118
OPP-A02411,A02411,接触済,0,24
OPP-A02412,A02412,接触済,0,87
OPP-A02413,A02413,接触済,0,44
OPP-A02414,A02414,接触済,0,107
OPP-A02415,A02415,接触済,0,35
OPP-A02416,A02416,接触済,0,86
OPP-A02417,A02417,接触済,0,2
OPP-A02418,A02418,接触済,0,28
OPP-A02419,A02419,接触済,0,100
OPP-A02420,A02420,商談,0,18
OPP-A02421,A02421,接触済,0,47
OPP-A02422,A02422,接触済,0,10
OPP-A02423,A02423,接触済,0,55
OPP-A02424,A02424,接触済,0,115
OPP-A02425,A02425,接触済,0,43
OPP-A02426,A02426,接触済,0,111
OPP-A02427,A02427,接触済,0,15
OPP-A02428,A02428,接触済,0,48
OPP-A02429,A02429,接触済,0,93
OPP-A02430,A02430,接触済,0,93
OPP-A02431,A02431,接触済,0,91
OPP-A02432,A02432,接触済,0,96
OPP-A02433,A02433,契約,1,30
OPP-A02434,A02434,接触済,0,117
OPP-A02435,A02435,接触済,0,49
OPP-A02436,A02436,未接触,0,19
OPP-A02437,A02437,接触済,0,98
OPP-A02438,A02438,接触済,0,75
OPP-A02439,A02439,接触済,0,8
OPP-A02440,A02440,未接触,0,63
OPP-A02441,A02441,接触済,0,61
OPP-A02442,A02442,契約,1,15
OPP-A02443,A02443,接触済,0,80
OPP-A02444,A02444,接触済,0,103
OPP-A02445,A02445,接触済,0,89
OPP-A02446,A02446,未接触,0,85
OPP-A02447,A02447,未接触,0,90
OPP-A02448,A02448,商談,0,12
OPP-A02449,A02449,接触済,0,9
OPP-A02450,A02450,接触済,0,12
OPP-A02451,A02451,接触済,0,110
OPP-A02452,A02452,接触済,0,84
OPP-A02453,A02453,接触済,0,32
OPP-A02454,A02454,接触済,0,54
OPP-A02455,A02455,接触済,0,46
OPP-A02456,A02456,接触済,0,55
OPP-A02457,A02457,未接触,0,120
OPP-A02458,A02458,未接触,0,52
OPP-A02459,A02459,接触済,0,19
OPP-A02460,A02460,接触済,0,95
OPP-A02461,A02461,契約,1,69
OPP-A02462,A02462,接触済,0,52
OPP-A02463,A02463,接触済,0,107
OPP-A02464,A02464,接触済,0,73
OPP-A02465,A02465,接触済,0,18
OPP-A02466,A02466,接触済,0,90
OPP-A02467,A02467,接触済,0,19
OPP-A02468,A02468,接触済,0,109
OPP-A02469,A02469,契約,1,2
OPP-A02470,A02470,接触済,0,120
OPP-A02471,A02471,接触済,0,73
OPP-A02472,A02472,接触済,0,91
OPP-A02473,A02473,未接触,0,107
OPP-A02474,A02474,接触済,0,23
OPP-A02475,A02475,接触済,0,60
OPP-A02476,A02476,接触済,0,8
OPP-A02477,A02477,未接触,0,62
OPP-A02478,A02478,接触済,0,107
OPP-A02479,A02479,接触済,0,55
OPP-A02480,A02480,接触済,0,95
OPP-A02481,A02481,接触済,0,20
OPP-A02482,A02482,接触済,0,5
OPP-A02483,A02483,接触済,0,73
OPP-A02484,A02484,接触済,0,54
OPP-A02485,A02485,接触済,0,50
OPP-A02486,A02486,接触済,0,84
OPP-A02487,A02487,接触済,0,45
OPP-A02488,A02488,接触済,0,83
OPP-A02489,A02489,接触済,0,66
OPP-A02490,A02490,接触済,0,38
OPP-A02491,A02491,接触済,0,37
OPP-A02492,A02492,接触済,0,91
OPP-A02493,A02493,接触済,0,49
OPP-A02494,A02494,接触済,0,57
OPP-A02495,A02495,接触済,0,66
OPP-A02496,A02496,接触済,0,16
OPP-A02497,A02497,接触済,0,7
OPP-A02498,A02498,接触済,0,103
OPP-A02499,A02499,接触済,0,47
OPP-A02500,A02500,契約,1,70
OPP-A02501,A02501,接触済,0,74
OPP-A02502,A02502,契約,1,27
OPP-A02503,A02503,未接触,0,83
OPP-A02504,A02504,接触済,0,99
OPP-A02505,A02505,接触済,0,71
OPP-A02506,A02506,接触済,0,35
OPP-A02507,A02507,接触済,0,87
OPP-A02508,A02508,接触済,0,67
OPP-A02509,A02509,接触済,0,82
OPP-A02510,A02510,接触済,0,113
OPP-A02511,A02511,接触済,0,52
OPP-A02512,A02512,未接触,0,50
OPP-A02513,A02513,未接触,0,82
OPP-A02514,A02514,接触済,0,74
OPP-A02515,A02515,接触済,0,34
OPP-A02516,A02516,接触済,0,92
OPP-A02517,A02517,接触済,0,8
OPP-A02518,A02518,接触済,0,15
OPP-A02519,A02519,接触済,0,107
OPP-A02520,A02520,未接触,0,101
OPP-A02521,A02521,商談,0,82
OPP-A02522,A02522,接触済,0,70
OPP-A02523,A02523,接触済,0,11
OPP-A02524,A02524,接触済,0,70
OPP-A02525,A02525,接触済,0,101
OPP-A02526,A02526,接触済,0,85
OPP-A02527,A02527,接触済,0,72
OPP-A02528,A02528,接触済,0,28
OPP-A02529,A02529,契約,1,68
OPP-A02530,A02530,接触済,0,52
OPP-A02531,A02531,接触済,0,92
OPP-A02532,A02532,接触済,0,21
OPP-A02533,A02533,接触済,0,102
OPP-A02534,A02534,接触済,0,78
OPP-A02535,A02535,接触済,0,63
OPP-A02536,A02536,接触済,0,53
OPP-A02537,A02537,接触済,0,51
OPP-A02538,A02538,接触済,0,115
OPP-A02539,A02539,接触済,0,7
OPP-A02540,A02540,接触済,0,50
OPP-A02541,A02541,接触済,0,70
OPP-A02542,A02542,接触済,0,47
OPP-A02543,A02543,接触済,0,61
OPP-A02544,A02544,接触済,0,41
OPP-A02545,A02545,接触済,0,21
OPP-A02546,A02546,接触済,0,105
OPP-A02547,A02547,契約,1,73
OPP-A02548,A02548,接触済,0,11
OPP-A02549,A02549,接触済,0,8
OPP-A02550,A02550,未接触,0,60
OPP-A02551,A02551,接触済,0,104
OPP-A02552,A02552,接触済,0,107
OPP-A02553,A02553,接触済,0,52
OPP-A02554,A02554,接触済,0,3
OPP-A02555,A02555,接触済,0,38
OPP-A02556,A02556,接触済,0,56
OPP-A02557,A02557,接触済,0,28
OPP-A02558,A02558,接触済,0,44
OPP-A02559,A02559,接触済,0,86
OPP-A02560,A02560,接触済,0,104
OPP-A02561,A02561,接触済,0,71
OPP-A02562,A02562,接触済,0,49
OPP-A02563,A02563,接触済,0,36
OPP-A02564,A02564,接触済,0,57
OPP-A02565,A02565,接触済,0,114
OPP-A02566,A02566,商談,0,45
OPP-A02567,A02567,接触済,0,25
OPP-A02568,A02568,接触済,0,97
OPP-A02569,A02569,接触済,0,4
OPP-A02570,A02570,接触済,0,88
OPP-A02571,A02571,契約,1,18
OPP-A02572,A02572,接触済,0,102
OPP-A02573,A02573,接触済,0,69
OPP-A02574,A02574,接触済,0,58
OPP-A02575,A02575,接触済,0,111
OPP-A02576,A02576,未接触,0,93
OPP-A02577,A02577,未接触,0,106
OPP-A02578,A02578,接触済,0,5
OPP-A02579,A02579,接触済,0,112
OPP-A02580,A02580,契約,1,67
OPP-A02581,A02581,接触済,0,11
OPP-A02582,A02582,接触済,0,92
OPP-A02583,A02583,未接触,0,3
OPP-A02584,A02584,接触済,0,92
OPP-A02585,A02585,契約,1,6
OPP-A02586,A02586,接触済,0,106
OPP-A02587,A02587,接触済,0,100
OPP-A02588,A02588,接触済,0,77
OPP-A02589,A02589,未接触,0,25
OPP-A02590,A02590,接触済,0,45
OPP-A02591,A02591,接触済,0,120
OPP-A02592,A02592,接触済,0,113
OPP-A02593,A02593,接触済,0,112
OPP-A02594,A02594,接触済,0,116
OPP-A02595,A02595,接触済,0,1
OPP-A02596,A02596,接触済,0,68
OPP-A02597,A02597,接触済,0,24
OPP-A02598,A02598,接触済,0,74
OPP-A02599,A02599,接触済,0,9
OPP-A02600,A02600,接触済,0,23
OPP-A02601,A02601,接触済,0,22
OPP-A02602,A02602,接触済,0,72
OPP-A02603,A02603,接触済,0,55
OPP-A02604,A02604,契約,1,48
OPP-A02605,A02605,接触済,0,22
OPP-A02606,A02606,接触済,0,27
OPP-A02607,A02607,接触済,0,58
OPP-A02608,A02608,接触済,0,86
OPP-A02609,A02609,接触済,0,29
OPP-A02610,A02610,接触済,0,14
OPP-A02611,A02611,未接触,0,2
OPP-A02612,A02612,契約,1,96
OPP-A02613,A02613,接触済,0,29
OPP-A02614,A02614,接触済,0,76
OPP-A02615,A02615,接触済,0,112
OPP-A02616,A02616,接触済,0,117
OPP-A02617,A02617,接触済,0,17
OPP-A02618,A02618,接触済,0,62
OPP-A02619,A02619,契約,1,46
OPP-A02620,A02620,接触済,0,30
OPP-A02621,A02621,接触済,0,110
OPP-A02622,A02622,接触済,0,24
OPP-A02623,A02623,接触済,0,15
OPP-A02624,A02624,未接触,0,89
OPP-A02625,A02625,契約,1,57
OPP-A02626,A02626,接触済,0,42
OPP-A02627,A02627,接触済,0,39
OPP-A02628,A02628,契約,1,44
OPP-A02629,A02629,接触済,0,23
OPP-A02630,A02630,接触済,0,1
OPP-A02631,A02631,接触済,0,16
OPP-A02632,A02632,接触済,0,110
OPP-A02633,A02633,接触済,0,41
OPP-A02634,A02634,未接触,0,116
OPP-A02635,A02635,接触済,0,93
OPP-A02636,A02636,接触済,0,21
OPP-A02637,A02637,接触済,0,33
OPP-A02638,A02638,未接触,0,102
OPP-A02639,A02639,接触済,0,114
OPP-A02640,A02640,契約,1,71
OPP-A02641,A02641,接触済,0,50
OPP-A02642,A02642,接触済,0,74
OPP-A02643,A02643,接触済,0,111
OPP-A02644,A02644,接触済,0,75
OPP-A02645,A02645,接触済,0,12
OPP-A02646,A02646,接触済,0,68
OPP-A02647,A02647,接触済,0,37
OPP-A02648,A02648,接触済,0,104
OPP-A02649,A02649,契約,1,36
OPP-A02650,A02650,接触済,0,61
OPP-A02651,A02651,未接触,0,23
OPP-A02652,A02652,接触済,0,104
OPP-A02653,A02653,接触済,0,16
OPP-A02654,A02654,接触済,0,8
OPP-A02655,A02655,接触済,0,48
OPP-A02656,A02656,契約,1,30
OPP-A02657,A02657,接触済,0,83
OPP-A02658,A02658,接触済,0,83
OPP-A02659,A02659,接触済,0,43
OPP-A02660,A02660,接触済,0,4
OPP-A02661,A02661,接触済,0,44
OPP-A02662,A02662,契約,1,104
OPP-A02663,A02663,接触済,0,51
OPP-A02664,A02664,接触済,0,98
OPP-A02665,A02665,接触済,0,41
OPP-A02666,A02666,接触済,0,73
OPP-A02667,A02667,接触済,0,119
OPP-A02668,A02668,接触済,0,116
OPP-A02669,A02669,接触済,0,116
OPP-A02670,A02670,接触済,0,64
OPP-A02671,A02671,接触済,0,100
OPP-A02672,A02672,接触済,0,112
OPP-A02673,A02673,接触済,0,54
OPP-A02674,A02674,接触済,0,47
OPP-A02675,A02675,接触済,0,28
OPP-A02676,A02676,接触済,0,70
OPP-A02677,A02677,接触済,0,61
OPP-A02678,A02678,接触済,0,20
OPP-A02679,A02679,接触済,0,78
OPP-A02680,A02680,接触済,0,74
OPP-A02681,A02681,接触済,0,43
OPP-A02682,A02682,契約,1,119
OPP-A02683,A02683,接触済,0,94
OPP-A02684,A02684,接触済,0,39
OPP-A02685,A02685,未接触,0,34
OPP-A02686,A02686,契約,1,16
OPP-A02687,A02687,契約,1,120
OPP-A02688,A02688,未接触,0,66
OPP-A02689,A02689,接触済,0,24
OPP-A02690,A02690,接触済,0,4
OPP-A02691,A02691,接触済,0,100
OPP-A02692,A02692,接触済,0,58
OPP-A02693,A02693,接触済,0,46
OPP-A02694,A02694,未接触,0,39
OPP-A02695,A02695,接触済,0,77
OPP-A02696,A02696,接触済,0,102
OPP-A02697,A02697,接触済,0,70
OPP-A02698,A02698,接触済,0,74
OPP-A02699,A02699,接触済,0,109
OPP-A02700,A02700,接触済,0,87
OPP-A02701,A02701,接触済,0,60
OPP-A02702,A02702,接触済,0,9
OPP-A02703,A02703,接触済,0,105
OPP-A02704,A02704,接触済,0,87
OPP-A02705,A02705,接触済,0,9
OPP-A02706,A02706,接触済,0,26
OPP-A02707,A02707,接触済,0,118
OPP-A02708,A02708,接触済,0,118
OPP-A02709,A02709,商談,0,4
OPP-A02710,A02710,接触済,0,83
OPP-A02711,A02711,接触済,0,19
OPP-A02712,A02712,未接触,0,28
OPP-A02713,A02713,接触済,0,65
OPP-A02714,A02714,接触済,0,16
OPP-A02715,A02715,接触済,0,11
OPP-A02716,A02716,契約,1,41
OPP-A02717,A02717,接触済,0,94
OPP-A02718,A02718,接触済,0,52
OPP-A02719,A02719,未接触,0,99
OPP-A02720,A02720,未接触,0,12
OPP-A02721,A02721,接触済,0,72
OPP-A02722,A02722,接触済,0,103
OPP-A02723,A02723,契約,1,78
OPP-A02724,A02724,契約,1,61
OPP-A02725,A02725,接触済,0,112
OPP-A02726,A02726,接触済,0,11
OPP-A02727,A02727,接触済,0,51
OPP-A02728,A02728,接触済,0,13
OPP-A02729,A02729,接触済,0,4
OPP-A02730,A02730,接触済,0,16
OPP-A02731,A02731,接触済,0,61
OPP-A02732,A02732,接触済,0,83
OPP-A02733,A02733,未接触,0,44
OPP-A02734,A02734,接触済,0,30
OPP-A02735,A02735,未接触,0,68
OPP-A02736,A02736,接触済,0,119
OPP-A02737,A02737,接触済,0,8
OPP-A02738,A02738,接触済,0,23
OPP-A02739,A02739,接触済,0,119
OPP-A02740,A02740,接触済,0,48
OPP-A02741,A02741,接触済,0,97
OPP-A02742,A02742,接触済,0,72
OPP-A02743,A02743,接触済,0,54
OPP-A02744,A02744,接触済,0,13
OPP-A02745,A02745,接触済,0,62
OPP-A02746,A02746,接触済,0,53
OPP-A02747,A02747,契約,1,68
OPP-A02748,A02748,接触済,0,14
OPP-A02749,A02749,接触済,0,105
OPP-A02750,A02750,接触済,0,68
OPP-A02751,A02751,接触済,0,26
OPP-A02752,A02752,接触済,0,28
OPP-A02753,A02753,接触済,0,44
OPP-A02754,A02754,未接触,0,30
OPP-A02755,A02755,接触済,0,109
OPP-A02756,A02756,接触済,0,116
OPP-A02757,A02757,接触済,0,85
OPP-A02758,A02758,接触済,0,58
OPP-A02759,A02759,接触済,0,94
OPP-A02760,A02760,接触済,0,44
OPP-A02761,A02761,接触済,0,69
OPP-A02762,A02762,契約,1,98
OPP-A02763,A02763,接触済,0,74
OPP-A02764,A02764,接触済,0,20
OPP-A02765,A02765,接触済,0,67
OPP-A02766,A02766,未接触,0,34
OPP-A02767,A02767,契約,1,84
OPP-A02768,A02768,契約,1,108
OPP-A02769,A02769,接触済,0,99
OPP-A02770,A02770,接触済,0,104
OPP-A02771,A02771,接触済,0,116
OPP-A02772,A02772,接触済,0,17
OPP-A02773,A02773,接触済,0,81
OPP-A02774,A02774,接触済,0,106
OPP-A02775,A02775,接触済,0,69
OPP-A02776,A02776,接触済,0,34
OPP-A02777,A02777,接触済,0,98
OPP-A02778,A02778,接触済,0,59
OPP-A02779,A02779,接触済,0,42
OPP-A02780,A02780,接触済,0,69
OPP-A02781,A02781,接触済,0,114
OPP-A02782,A02782,契約,1,48
OPP-A02783,A02783,接触済,0,86
OPP-A02784,A02784,契約,1,25
OPP-A02785,A02785,接触済,0,84
OPP-A02786,A02786,契約,1,16
OPP-A02787,A02787,接触済,0,3
OPP-A02788,A02788,接触済,0,85
OPP-A02789,A02789,未接触,0,55
OPP-A02790,A02790,接触済,0,6
OPP-A02791,A02791,接触済,0,70
OPP-A02792,A02792,接触済,0,58
OPP-A02793,A02793,接触済,0,85
OPP-A02794,A02794,接触済,0,88
OPP-A02795,A02795,接触済,0,106
OPP-A02796,A02796,接触済,0,68
OPP-A02797,A02797,接触済,0,7
OPP-A02798,A02798,接触済,0,58
OPP-A02799,A02799,接触済,0,64
OPP-A02800,A02800,接触済,0,0
OPP-A02801,A02801,接触済,0,57
OPP-A02802,A02802,接触済,0,0
OPP-A02803,A02803,接触済,0,87
OPP-A02804,A02804,接触済,0,0
OPP-A02805,A02805,接触済,0,112
OPP-A02806,A02806,接触済,0,43
OPP-A02807,A02807,接触済,0,109
OPP-A02808,A02808,接触済,0,64
OPP-A02809,A02809,接触済,0,104
OPP-A02810,A02810,接触済,0,67
OPP-A02811,A02811,接触済,0,4
OPP-A02812,A02812,接触済,0,89
OPP-A02813,A02813,接触済,0,113
OPP-A02814,A02814,接触済,0,4
OPP-A02815,A02815,接触済,0,111
OPP-A02816,A02816,契約,1,117
OPP-A02817,A02817,接触済,0,3
OPP-A02818,A02818,契約,1,61
OPP-A02819,A02819,接触済,0,63
OPP-A02820,A02820,接触済,0,100
OPP-A02821,A02821,接触済,0,96
OPP-A02822,A02822,接触済,0,111
OPP-A02823,A02823,接触済,0,39
OPP-A02824,A02824,接触済,0,44
OPP-A02825,A02825,接触済,0,28
OPP-A02826,A02826,未接触,0,112
OPP-A02827,A02827,接触済,0,107
OPP-A02828,A02828,接触済,0,101
OPP-A02829,A02829,接触済,0,59
OPP-A02830,A02830,接触済,0,59
OPP-A02831,A02831,接触済,0,26
OPP-A02832,A02832,接触済,0,16
OPP-A02833,A02833,接触済,0,41
OPP-A02834,A02834,接触済,0,97
OPP-A02835,A02835,接触済,0,29
OPP-A02836,A02836,接触済,0,80
OPP-A02837,A02837,接触済,0,35
OPP-A02838,A02838,接触済,0,111
OPP-A02839,A02839,接触済,0,119
OPP-A02840,A02840,接触済,0,44
OPP-A02841,A02841,契約,1,18
OPP-A02842,A02842,接触済,0,28
OPP-A02843,A02843,接触済,0,19
OPP-A02844,A02844,接触済,0,74
OPP-A02845,A02845,接触済,0,83
OPP-A02846,A02846,接触済,0,13
OPP-A02847,A02847,接触済,0,26
OPP-A02848,A02848,接触済,0,67
OPP-A02849,A02849,接触済,0,74
OPP-A02850,A02850,接触済,0,44
OPP-A02851,A02851,契約,1,73
OPP-A02852,A02852,接触済,0,12
OPP-A02853,A02853,接触済,0,90
OPP-A02854,A02854,接触済,0,74
OPP-A02855,A02855,接触済,0,39
OPP-A02856,A02856,接触済,0,51
OPP-A02857,A02857,接触済,0,45
OPP-A02858,A02858,接触済,0,83
OPP-A02859,A02859,接触済,0,23
OPP-A02860,A02860,接触済,0,39
OPP-A02861,A02861,接触済,0,31
OPP-A02862,A02862,接触済,0,53
OPP-A02863,A02863,商談,0,47
OPP-A02864,A02864,接触済,0,62
OPP-A02865,A02865,接触済,0,40
OPP-A02866,A02866,接触済,0,6
OPP-A02867,A02867,接触済,0,8
OPP-A02868,A02868,未接触,0,52
OPP-A02869,A02869,接触済,0,112
OPP-A02870,A02870,接触済,0,113
OPP-A02871,A02871,接触済,0,73
OPP-A02872,A02872,接触済,0,1
OPP-A02873,A02873,接触済,0,91
OPP-A02874,A02874,接触済,0,72
OPP-A02875,A02875,接触済,0,41
OPP-A02876,A02876,接触済,0,111
OPP-A02877,A02877,接触済,0,74
OPP-A02878,A02878,接触済,0,36
OPP-A02879,A02879,商談,0,9
OPP-A02880,A02880,接触済,0,52
OPP-A02881,A02881,接触済,0,63
OPP-A02882,A02882,接触済,0,11
OPP-A02883,A02883,接触済,0,101
OPP-A02884,A02884,接触済,0,41
OPP-A02885,A02885,接触済,0,28
OPP-A02886,A02886,接触済,0,75
OPP-A02887,A02887,接触済,0,115
OPP-A02888,A02888,接触済,0,62
OPP-A02889,A02889,接触済,0,99
OPP-A02890,A02890,接触済,0,69
OPP-A02891,A02891,接触済,0,4
OPP-A02892,A02892,接触済,0,23
OPP-A02893,A02893,接触済,0,27
OPP-A02894,A02894,契約,1,55
OPP-A02895,A02895,接触済,0,117
OPP-A02896,A02896,接触済,0,8
OPP-A02897,A02897,接触済,0,18
OPP-A02898,A02898,接触済,0,6
OPP-A02899,A02899,接触済,0,45
OPP-A02900,A02900,接触済,0,88
OPP-A02901,A02901,接触済,0,110
OPP-A02902,A02902,接触済,0,115
OPP-A02903,A02903,接触済,0,70
OPP-A02904,A02904,接触済,0,107
OPP-A02905,A02905,接触済,0,87
OPP-A02906,A02906,接触済,0,78
OPP-A02907,A02907,接触済,0,113
OPP-A02908,A02908,契約,1,17
OPP-A02909,A02909,契約,1,10
OPP-A02910,A02910,接触済,0,58
OPP-A02911,A02911,接触済,0,68
OPP-A02912,A02912,接触済,0,38
OPP-A02913,A02913,接触済,0,93
OPP-A02914,A02914,接触済,0,74
OPP-A02915,A02915,契約,1,61
OPP-A02916,A02916,接触済,0,57
OPP-A02917,A02917,接触済,0,58
OPP-A02918,A02918,接触済,0,100
OPP-A02919,A02919,接触済,0,114
OPP-A02920,A02920,接触済,0,20
OPP-A02921,A02921,接触済,0,16
OPP-A02922,A02922,契約,1,84
OPP-A02923,A02923,接触済,0,10
OPP-A02924,A02924,未接触,0,19
OPP-A02925,A02925,接触済,0,87
OPP-A02926,A02926,接触済,0,22
OPP-A02927,A02927,接触済,0,18
OPP-A02928,A02928,接触済,0,111
OPP-A02929,A02929,契約,1,34
OPP-A02930,A02930,接触済,0,24
OPP-A02931,A02931,接触済,0,61
OPP-A02932,A02932,接触済,0,88
OPP-A02933,A02933,接触済,0,16
OPP-A02934,A02934,未接触,0,10
OPP-A02935,A02935,商談,0,50
OPP-A02936,A02936,未接触,0,111
OPP-A02937,A02937,接触済,0,2
OPP-A02938,A02938,接触済,0,41
OPP-A02939,A02939,接触済,0,41
OPP-A02940,A02940,接触済,0,111
OPP-A02941,A02941,接触済,0,57
OPP-A02942,A02942,接触済,0,100
OPP-A02943,A02943,契約,1,54
OPP-A02944,A02944,接触済,0,21
OPP-A02945,A02945,未接触,0,17
OPP-A02946,A02946,接触済,0,111
OPP-A02947,A02947,接触済,0,45
OPP-A02948,A02948,接触済,0,28
OPP-A02949,A02949,接触済,0,15
OPP-A02950,A02950,接触済,0,11
OPP-A02951,A02951,接触済,0,106
OPP-A02952,A02952,接触済,0,0
OPP-A02953,A02953,接触済,0,21
OPP-A02954,A02954,接触済,0,83
OPP-A02955,A02955,接触済,0,108
OPP-A02956,A02956,接触済,0,35
OPP-A02957,A02957,契約,1,74
OPP-A02958,A02958,接触済,0,108
OPP-A02959,A02959,接触済,0,108
OPP-A02960,A02960,未接触,0,2
OPP-A02961,A02961,接触済,0,40
OPP-A02962,A02962,契約,1,58
OPP-A02963,A02963,契約,1,4
OPP-A02964,A02964,接触済,0,24
OPP-A02965,A02965,接触済,0,21
OPP-A02966,A02966,接触済,0,56
OPP-A02967,A02967,接触済,0,33
OPP-A02968,A02968,接触済,0,2
OPP-A02969,A02969,未接触,0,85
OPP-A02970,A02970,接触済,0,90
OPP-A02971,A02971,接触済,0,16
OPP-A02972,A02972,接触済,0,58
OPP-A02973,A02973,接触済,0,66
OPP-A02974,A02974,未接触,0,54
OPP-A02975,A02975,接触済,0,0
OPP-A02976,A02976,接触済,0,19
OPP-A02977,A02977,接触済,0,90
OPP-A02978,A02978,接触済,0,46
OPP-A02979,A02979,接触済,0,74
OPP-A02980,A02980,接触済,0,43
OPP-A02981,A02981,接触済,0,92
OPP-A02982,A02982,未接触,0,78
OPP-A02983,A02983,接触済,0,38
OPP-A02984,A02984,接触済,0,112
OPP-A02985,A02985,接触済,0,106
OPP-A02986,A02986,接触済,0,52
OPP-A02987,A02987,接触済,0,114
OPP-A02988,A02988,接触済,0,60
OPP-A02989,A02989,接触済,0,20
OPP-A02990,A02990,接触済,0,119
OPP-A02991,A02991,接触済,0,45
OPP-A02992,A02992,接触済,0,16
OPP-A02993,A02993,未接触,0,22
OPP-A02994,A02994,接触済,0,42
OPP-A02995,A02995,接触済,0,94
OPP-A02996,A02996,契約,1,77
OPP-A02997,A02997,接触済,0,8
OPP-A02998,A02998,接触済,0,119
OPP-A02999,A02999,接触済,0,25
OPP-A03000,A03000,未接触,0,1
