store,weekday,hour,predicted_visitors,predicted_sales_yen,demand_minutes,fixed_minutes,required_staff,current_staff,staff_gap
店舗01,0,8,18.25,41118.875,49.275000000000006,105,4,3,1
店舗01,0,9,24.125,53952.125,65.1375,105,4,4,0
店舗01,0,10,25.25,59962.875,68.17500000000001,48,3,3,0
店舗01,0,11,31.875,75630.625,86.0625,48,3,3,0
店舗01,0,12,35.5,80811.5,95.85000000000001,48,3,4,-1
店舗01,0,13,32.0,72731.125,86.4,48,3,3,0
店舗01,0,14,24.375,58627.875,65.8125,48,3,3,0
店舗01,0,15,25.25,59734.75,68.17500000000001,48,3,3,0
店舗01,0,16,28.25,67509.625,76.275,48,3,3,0
店舗01,0,17,35.125,81595.625,94.8375,48,3,3,0
店舗01,0,18,39.0,93238.875,105.30000000000001,48,4,4,0
店舗01,0,19,36.0,86503.5,97.2,48,3,3,0
店舗01,0,20,28.5,66494.375,76.95,105,4,3,1
店舗01,0,21,21.875,54949.875,59.06250000000001,105,4,2,2
店舗01,1,8,20.625,48397.5,55.68750000000001,105,4,3,1
店舗01,1,9,22.125,52450.0,59.737500000000004,105,4,3,1
店舗01,1,10,25.5,62146.875,68.85000000000001,48,3,3,0
店舗01,1,11,33.625,78128.125,90.78750000000001,48,3,3,0
店舗01,1,12,35.75,85055.875,96.525,48,3,3,0
店舗01,1,13,33.625,77395.0,90.78750000000001,48,3,3,0
店舗01,1,14,29.625,65800.0,79.98750000000001,48,3,3,0
店舗01,1,15,22.0,51491.875,59.400000000000006,48,3,3,0
店舗01,1,16,27.25,64675.75,73.575,48,3,3,0
店舗01,1,17,34.5,77438.625,93.15,48,3,3,0
店舗01,1,18,39.25,89964.875,105.97500000000001,48,4,4,0
店舗01,1,19,37.0,87640.5,99.9,48,3,4,-1
店舗01,1,20,27.375,64587.125,73.91250000000001,105,4,3,1
店舗01,1,21,25.75,60444.625,69.525,105,4,3,1
店舗01,2,8,21.125,48183.375,57.0375,105,4,4,0
店舗01,2,9,20.625,49144.375,55.68750000000001,105,4,3,1
店舗01,2,10,23.75,55161.625,64.125,48,3,3,0
店舗01,2,11,33.125,78473.25,89.4375,48,3,3,0
店舗01,2,12,36.25,84080.625,97.875,48,3,4,-1
店舗01,2,13,30.625,68925.125,82.6875,48,3,2,1
店舗01,2,14,25.625,60140.75,69.1875,48,3,3,0
店舗01,2,15,22.75,52430.5,61.425000000000004,48,3,3,0
店舗01,2,16,27.75,62007.125,74.92500000000001,48,3,3,0
店舗01,2,17,33.875,78376.0,91.4625,48,3,3,0
店舗01,2,18,37.625,86602.625,101.5875,48,3,4,-1
店舗01,2,19,34.0,79652.25,91.80000000000001,48,3,4,-1
店舗01,2,20,27.875,62474.25,75.2625,105,4,3,1
店舗01,2,21,21.875,51618.0,59.06250000000001,105,4,3,1
店舗01,3,8,18.75,44086.875,50.625,105,4,3,1
店舗01,3,9,22.375,52025.75,60.4125,105,4,3,1
店舗01,3,10,27.75,65863.625,74.92500000000001,48,3,3,0
店舗01,3,11,28.5,66055.375,76.95,48,3,3,0
店舗01,3,12,36.625,84395.25,98.8875,48,3,4,-1
店舗01,3,13,36.5,88306.375,98.55000000000001,48,3,3,0
店舗01,3,14,27.375,65687.375,73.91250000000001,48,3,3,0
店舗01,3,15,22.625,54151.875,61.087500000000006,48,3,3,0
店舗01,3,16,27.625,66544.0,74.5875,48,3,3,0
店舗01,3,17,36.875,86509.625,99.5625,48,3,3,0
店舗01,3,18,37.75,90954.125,101.92500000000001,48,3,4,-1
店舗01,3,19,34.0,77827.625,91.80000000000001,48,3,3,0
店舗01,3,20,26.625,62815.875,71.8875,105,4,3,1
店舗01,3,21,22.625,54404.625,61.087500000000006,105,4,3,1
店舗01,4,8,18.625,41329.875,50.2875,105,4,3,1
店舗01,4,9,21.875,52028.625,59.06250000000001,105,4,3,1
店舗01,4,10,26.25,62028.5,70.875,48,3,3,0
店舗01,4,11,32.25,74073.25,87.075,48,3,3,0
店舗01,4,12,36.0,85588.0,97.2,48,3,3,0
店舗01,4,13,32.25,78519.0,87.075,48,3,3,0
店舗01,4,14,27.0,63204.0,72.9,48,3,3,0
店舗01,4,15,24.625,56833.75,66.48750000000001,48,3,3,0
店舗01,4,16,26.375,63320.5,71.2125,48,3,3,0
店舗01,4,17,36.375,79264.5,98.2125,48,3,4,-1
店舗01,4,18,39.25,92270.5,105.97500000000001,48,4,4,0
店舗01,4,19,33.125,76157.5,89.4375,48,3,4,-1
店舗01,4,20,24.75,58452.0,66.825,105,4,3,1
店舗01,4,21,21.625,51087.375,58.3875,105,4,3,1
店舗01,5,8,26.875,65141.25,72.5625,105,4,3,1
店舗01,5,9,27.0,63708.125,72.9,105,4,3,1
店舗01,5,10,32.125,73364.75,86.73750000000001,48,3,3,0
店舗01,5,11,40.0,93413.375,108.0,48,4,3,1
店舗01,5,12,43.875,97360.875,118.4625,48,4,4,0
店舗01,5,13,38.25,91081.375,103.275,48,4,4,0
店舗01,5,14,34.125,77509.875,92.1375,48,3,3,0
店舗01,5,15,28.625,70997.0,77.28750000000001,48,3,3,0
店舗01,5,16,32.25,76339.5,87.075,48,3,3,0
店舗01,5,17,42.125,99944.375,113.73750000000001,48,4,4,0
店舗01,5,18,48.25,116399.0,130.275,48,4,4,0
店舗01,5,19,42.75,100592.625,115.42500000000001,48,4,4,0
店舗01,5,20,33.5,78025.25,90.45,105,4,3,1
店舗01,5,21,23.625,55797.75,63.7875,105,4,3,1
店舗01,6,8,25.625,60613.375,69.1875,105,4,3,1
店舗01,6,9,25.25,59459.875,68.17500000000001,105,4,3,1
店舗01,6,10,32.25,76625.625,87.075,48,3,3,0
店舗01,6,11,39.25,87407.75,105.97500000000001,48,4,4,0
店舗01,6,12,40.875,94513.75,110.36250000000001,48,4,4,0
店舗01,6,13,37.75,87090.5,101.92500000000001,48,3,3,0
店舗01,6,14,30.625,76315.625,82.6875,48,3,3,0
店舗01,6,15,30.0,70582.375,81.0,48,3,3,0
店舗01,6,16,32.875,75581.0,88.7625,48,3,3,0
店舗01,6,17,42.125,97870.75,113.73750000000001,48,4,4,0
店舗01,6,18,47.625,107256.125,128.5875,48,4,4,0
店舗01,6,19,41.625,97389.875,112.3875,48,4,4,0
店舗01,6,20,32.0,74165.5,86.4,105,4,3,1
店舗01,6,21,27.125,63768.125,73.23750000000001,105,4,3,1
店舗02,0,8,19.875,45457.875,53.6625,105,4,3,1
店舗02,0,9,23.0,56690.375,62.1,105,4,3,1
店舗02,0,10,25.625,59371.25,69.1875,48,3,3,0
店舗02,0,11,37.125,86810.125,100.23750000000001,48,3,4,-1
店舗02,0,12,34.5,84121.0,93.15,48,3,3,0
店舗02,0,13,34.5,83754.125,93.15,48,3,3,0
店舗02,0,14,28.125,66388.875,75.9375,48,3,3,0
店舗02,0,15,24.5,56562.625,66.15,48,3,3,0
店舗02,0,16,28.5,63821.5,76.95,48,3,3,0
店舗02,0,17,35.5,79229.0,95.85000000000001,48,3,3,0
店舗02,0,18,40.5,96539.25,109.35000000000001,48,4,4,0
店舗02,0,19,36.625,85568.875,98.8875,48,3,3,0
店舗02,0,20,30.25,73115.0,81.67500000000001,105,4,3,1
店舗02,0,21,22.75,53268.0,61.425000000000004,105,4,3,1
店舗02,1,8,19.375,43576.0,52.3125,105,4,3,1
店舗02,1,9,23.125,56617.125,62.43750000000001,105,4,3,1
店舗02,1,10,27.25,65603.25,73.575,48,3,2,1
店舗02,1,11,32.75,76250.875,88.42500000000001,48,3,3,0
店舗02,1,12,36.0,85202.125,97.2,48,3,3,0
店舗02,1,13,34.0,79274.75,91.80000000000001,48,3,3,0
店舗02,1,14,27.0,63327.25,72.9,48,3,4,-1
店舗02,1,15,27.875,65197.5,75.2625,48,3,3,0
店舗02,1,16,29.375,67928.5,79.3125,48,3,3,0
店舗02,1,17,38.375,92109.0,103.61250000000001,48,4,4,0
店舗02,1,18,43.875,104398.75,118.4625,48,4,4,0
店舗02,1,19,38.625,91593.625,104.28750000000001,48,4,4,0
店舗02,1,20,29.75,71845.0,80.325,105,4,3,1
店舗02,1,21,24.5,56247.375,66.15,105,4,3,1
店舗02,2,8,25.75,61414.125,69.525,105,4,3,1
店舗02,2,9,24.75,60406.25,66.825,105,4,3,1
店舗02,2,10,26.75,61992.125,72.22500000000001,48,3,2,1
店舗02,2,11,33.25,74309.625,89.775,48,3,3,0
店舗02,2,12,37.875,91539.125,102.2625,48,4,3,1
店舗02,2,13,36.625,86921.625,98.8875,48,3,3,0
店舗02,2,14,29.625,71160.0,79.98750000000001,48,3,3,0
店舗02,2,15,25.125,62066.375,67.8375,48,3,3,0
店舗02,2,16,30.5,72917.5,82.35000000000001,48,3,3,0
店舗02,2,17,35.375,84024.0,95.5125,48,3,3,0
店舗02,2,18,42.0,96432.125,113.4,48,4,4,0
店舗02,2,19,37.375,85846.75,100.91250000000001,48,3,3,0
店舗02,2,20,32.0,75707.0,86.4,105,4,3,1
店舗02,2,21,22.75,53286.125,61.425000000000004,105,4,3,1
店舗02,3,8,20.375,47413.625,55.0125,105,4,3,1
店舗02,3,9,24.375,56356.125,65.8125,105,4,3,1
店舗02,3,10,31.0,73412.5,83.7,48,3,3,0
店舗02,3,11,33.875,78136.0,91.4625,48,3,3,0
店舗02,3,12,37.75,90719.75,101.92500000000001,48,3,3,0
店舗02,3,13,33.875,80741.75,91.4625,48,3,4,-1
店舗02,3,14,28.375,64861.625,76.61250000000001,48,3,3,0
店舗02,3,15,25.75,59027.75,69.525,48,3,3,0
店舗02,3,16,31.75,76009.0,85.72500000000001,48,3,3,0
店舗02,3,17,35.625,85547.75,96.1875,48,3,3,0
店舗02,3,18,41.125,99581.625,111.03750000000001,48,4,4,0
店舗02,3,19,40.125,96392.5,108.3375,48,4,4,0
店舗02,3,20,28.375,66184.5,76.61250000000001,105,4,3,1
店舗02,3,21,23.25,53205.125,62.775000000000006,105,4,3,1
店舗02,4,8,23.25,57585.5,62.775000000000006,105,4,3,1
店舗02,4,9,26.375,62983.0,71.2125,105,4,3,1
店舗02,4,10,30.25,70518.5,81.67500000000001,48,3,3,0
店舗02,4,11,35.75,82929.625,96.525,48,3,3,0
店舗02,4,12,36.625,86545.0,98.8875,48,3,3,0
店舗02,4,13,33.875,79328.25,91.4625,48,3,3,0
店舗02,4,14,30.75,72257.125,83.025,48,3,3,0
店舗02,4,15,25.125,56792.25,67.8375,48,3,3,0
店舗02,4,16,30.25,70359.125,81.67500000000001,48,3,3,0
店舗02,4,17,39.25,94352.0,105.97500000000001,48,4,4,0
店舗02,4,18,43.0,99807.125,116.10000000000001,48,4,4,0
店舗02,4,19,37.625,90548.0,101.5875,48,3,3,0
店舗02,4,20,29.125,68815.875,78.6375,105,4,3,1
店舗02,4,21,22.5,50652.75,60.75000000000001,105,4,3,1
店舗02,5,8,28.0,64831.25,75.60000000000001,105,4,3,1
店舗02,5,9,31.875,73088.0,86.0625,105,4,3,1
店舗02,5,10,36.625,88001.0,98.8875,48,3,3,0
店舗02,5,11,40.25,89286.375,108.67500000000001,48,4,4,0
店舗02,5,12,44.5,106744.625,120.15,48,4,4,0
店舗02,5,13,44.125,97538.375,119.1375,48,4,4,0
店舗02,5,14,34.125,82169.875,92.1375,48,3,3,0
店舗02,5,15,29.75,70014.0,80.325,48,3,3,0
店舗02,5,16,35.5,82275.5,95.85000000000001,48,3,3,0
店舗02,5,17,44.875,103079.875,121.16250000000001,48,4,4,0
店舗02,5,18,50.625,112983.375,136.6875,48,4,4,0
店舗02,5,19,46.375,106400.5,125.2125,48,4,4,0
店舗02,5,20,37.375,85523.125,100.91250000000001,105,5,3,2
店舗02,5,21,26.75,58816.5,72.22500000000001,105,4,3,1
店舗02,6,8,25.25,61511.75,68.17500000000001,105,4,3,1
店舗02,6,9,29.125,68561.625,78.6375,105,4,3,1
店舗02,6,10,37.5,86059.0,101.25,48,3,3,0
店舗02,6,11,42.25,97236.5,114.075,48,4,4,0
店舗02,6,12,43.125,99572.5,116.43750000000001,48,4,4,0
店舗02,6,13,41.125,95808.375,111.03750000000001,48,4,4,0
店舗02,6,14,36.375,84203.875,98.2125,48,3,3,0
店舗02,6,15,30.625,72326.625,82.6875,48,3,2,1
店舗02,6,16,36.875,87883.875,99.5625,48,3,3,0
店舗02,6,17,46.625,102961.75,125.8875,48,4,4,0
店舗02,6,18,51.875,118935.875,140.0625,48,4,4,0
店舗02,6,19,45.625,107892.875,123.18750000000001,48,4,4,0
店舗02,6,20,33.625,80921.75,90.78750000000001,105,4,3,1
店舗02,6,21,26.625,61593.25,71.8875,105,4,4,0
店舗03,0,8,23.5,53042.25,63.45,105,4,3,1
店舗03,0,9,24.0,56389.125,64.80000000000001,105,4,3,1
店舗03,0,10,29.125,69073.125,78.6375,48,3,3,0
店舗03,0,11,34.25,81322.75,92.47500000000001,48,3,3,0
店舗03,0,12,40.75,94603.0,110.025,48,4,4,0
店舗03,0,13,36.125,84275.25,97.53750000000001,48,3,3,0
店舗03,0,14,30.0,68804.625,81.0,48,3,3,0
店舗03,0,15,29.125,67077.375,78.6375,48,3,3,0
店舗03,0,16,27.5,62588.875,74.25,48,3,3,0
店舗03,0,17,40.125,94170.25,108.3375,48,4,4,0
店舗03,0,18,43.625,101589.25,117.78750000000001,48,4,4,0
店舗03,0,19,36.375,85384.25,98.2125,48,3,4,-1
店舗03,0,20,29.375,68626.125,79.3125,105,4,3,1
店舗03,0,21,26.875,62616.75,72.5625,105,4,3,1
店舗03,1,8,22.625,55269.375,61.087500000000006,105,4,4,0
店舗03,1,9,24.0,57889.125,64.80000000000001,105,4,3,1
店舗03,1,10,29.125,65261.75,78.6375,48,3,3,0
店舗03,1,11,37.5,80479.375,101.25,48,3,3,0
店舗03,1,12,43.125,100967.5,116.43750000000001,48,4,4,0
店舗03,1,13,37.5,85435.375,101.25,48,3,3,0
店舗03,1,14,31.875,72713.5,86.0625,48,3,3,0
店舗03,1,15,27.875,63242.0,75.2625,48,3,3,0
店舗03,1,16,30.625,71344.75,82.6875,48,3,3,0
店舗03,1,17,38.875,93781.0,104.9625,48,4,3,1
店舗03,1,18,46.0,107592.5,124.2,48,4,4,0
店舗03,1,19,38.375,90564.5,103.61250000000001,48,4,3,1
店舗03,1,20,28.25,68406.125,76.275,105,4,3,1
店舗03,1,21,25.0,57233.375,67.5,105,4,2,2
店舗03,2,8,22.375,53907.25,60.4125,105,4,3,1
店舗03,2,9,25.75,63368.75,69.525,105,4,3,1
店舗03,2,10,29.375,69583.25,79.3125,48,3,4,-1
店舗03,2,11,38.875,89910.375,104.9625,48,4,4,0
店舗03,2,12,39.0,91564.875,105.30000000000001,48,4,4,0
店舗03,2,13,38.75,86987.625,104.625,48,4,3,1
店舗03,2,14,29.875,72814.625,80.66250000000001,48,3,3,0
店舗03,2,15,27.875,66405.5,75.2625,48,3,3,0
店舗03,2,16,30.875,71668.625,83.36250000000001,48,3,3,0
店舗03,2,17,38.875,89574.0,104.9625,48,4,4,0
店舗03,2,18,45.25,105986.25,122.17500000000001,48,4,4,0
店舗03,2,19,38.125,89131.25,102.9375,48,4,4,0
店舗03,2,20,29.875,69054.5,80.66250000000001,105,4,3,1
店舗03,2,21,26.875,59601.625,72.5625,105,4,3,1
店舗03,3,8,25.625,60560.125,69.1875,105,4,3,1
店舗03,3,9,25.0,58002.375,67.5,105,4,3,1
店舗03,3,10,28.625,68740.75,77.28750000000001,48,3,3,0
店舗03,3,11,36.125,82815.25,97.53750000000001,48,3,4,-1
店舗03,3,12,40.125,102184.625,108.3375,48,4,4,0
店舗03,3,13,36.75,86173.75,99.22500000000001,48,3,3,0
店舗03,3,14,28.625,66433.625,77.28750000000001,48,3,3,0
店舗03,3,15,27.25,63710.125,73.575,48,3,3,0
店舗03,3,16,32.625,76314.75,88.0875,48,3,3,0
店舗03,3,17,37.75,88678.875,101.92500000000001,48,3,4,-1
店舗03,3,18,44.625,104344.25,120.48750000000001,48,4,4,0
店舗03,3,19,38.0,93449.875,102.60000000000001,48,4,3,1
店舗03,3,20,33.0,80124.75,89.10000000000001,105,4,3,1
店舗03,3,21,24.875,53228.125,67.16250000000001,105,4,2,2
店舗03,4,8,21.25,47799.625,57.37500000000001,105,4,3,1
店舗03,4,9,25.75,58586.75,69.525,105,4,3,1
店舗03,4,10,30.0,69823.0,81.0,48,3,3,0
店舗03,4,11,36.375,82365.75,98.2125,48,3,3,0
店舗03,4,12,36.375,85240.375,98.2125,48,3,3,0
店舗03,4,13,37.375,90721.25,100.91250000000001,48,3,4,-1
店舗03,4,14,29.125,72518.25,78.6375,48,3,3,0
店舗03,4,15,26.25,60964.75,70.875,48,3,3,0
店舗03,4,16,32.625,77388.375,88.0875,48,3,3,0
店舗03,4,17,37.25,86985.25,100.575,48,3,3,0
店舗03,4,18,43.875,103822.25,118.4625,48,4,4,0
店舗03,4,19,38.5,90021.125,103.95,48,4,4,0
店舗03,4,20,30.75,72835.625,83.025,105,4,3,1
店舗03,4,21,24.5,56261.125,66.15,105,4,3,1
店舗03,5,8,24.5,58846.75,66.15,105,4,3,1
店舗03,5,9,31.25,73416.0,84.375,105,4,3,1
店舗03,5,10,36.25,83666.75,97.875,48,3,3,0
店舗03,5,11,45.25,108328.5,122.17500000000001,48,4,4,0
店舗03,5,12,48.5,117637.5,130.95000000000002,48,4,4,0
店舗03,5,13,44.75,110994.25,120.825,48,4,4,0
店舗03,5,14,37.625,89870.5,101.5875,48,3,4,-1
店舗03,5,15,32.0,68630.875,86.4,48,3,3,0
店舗03,5,16,39.75,93934.375,107.325,48,4,4,0
店舗03,5,17,47.875,116726.875,129.26250000000002,48,4,4,0
店舗03,5,18,56.0,125932.0,151.20000000000002,48,4,4,0
店舗03,5,19,49.0,115555.625,132.3,48,4,4,0
店舗03,5,20,32.5,77243.5,87.75,105,4,3,1
店舗03,5,21,30.875,72373.875,83.36250000000001,105,4,3,1
店舗03,6,8,26.375,62464.0,71.2125,105,4,3,1
店舗03,6,9,30.25,69668.25,81.67500000000001,105,4,3,1
店舗03,6,10,36.375,86510.875,98.2125,48,3,3,0
店舗03,6,11,44.625,108264.375,120.48750000000001,48,4,4,0
店舗03,6,12,50.75,115083.125,137.025,48,4,4,0
店舗03,6,13,43.875,105329.875,118.4625,48,4,4,0
店舗03,6,14,39.375,86521.5,106.3125,48,4,4,0
店舗03,6,15,31.875,74476.375,86.0625,48,3,3,0
店舗03,6,16,37.625,89874.5,101.5875,48,3,3,0
店舗03,6,17,43.5,100732.125,117.45,48,4,4,0
店舗03,6,18,56.0,132339.875,151.20000000000002,48,4,4,0
店舗03,6,19,50.625,118598.0,136.6875,48,4,4,0
店舗03,6,20,40.375,99197.5,109.0125,105,5,4,1
店舗03,6,21,29.625,69904.375,79.98750000000001,105,4,3,1
店舗04,0,8,24.375,56995.25,65.8125,105,4,3,1
店舗04,0,9,26.125,62012.375,70.53750000000001,105,4,3,1
店舗04,0,10,30.375,72475.625,82.0125,48,3,3,0
店舗04,0,11,40.875,97769.625,110.36250000000001,48,4,4,0
店舗04,0,12,45.5,106143.75,122.85000000000001,48,4,4,0
店舗04,0,13,36.625,84812.75,98.8875,48,3,3,0
店舗04,0,14,34.375,81385.0,92.8125,48,3,3,0
店舗04,0,15,26.75,67666.5,72.22500000000001,48,3,3,0
店舗04,0,16,32.0,78924.25,86.4,48,3,3,0
店舗04,0,17,39.875,92527.75,107.66250000000001,48,4,3,1
店舗04,0,18,45.875,105616.125,123.86250000000001,48,4,4,0
店舗04,0,19,41.5,100005.75,112.05000000000001,48,4,4,0
店舗04,0,20,33.75,77767.875,91.125,105,4,4,0
店舗04,0,21,26.625,61380.75,71.8875,105,4,3,1
店舗04,1,8,27.5,64922.0,74.25,105,4,3,1
店舗04,1,9,25.75,60513.375,69.525,105,4,3,1
店舗04,1,10,32.625,74678.125,88.0875,48,3,3,0
店舗04,1,11,40.25,94407.875,108.67500000000001,48,4,4,0
店舗04,1,12,41.5,95782.25,112.05000000000001,48,4,4,0
店舗04,1,13,36.75,85172.125,99.22500000000001,48,3,4,-1
店舗04,1,14,31.875,72932.125,86.0625,48,3,3,0
店舗04,1,15,29.5,69249.375,79.65,48,3,2,1
店舗04,1,16,29.5,68244.375,79.65,48,3,2,1
店舗04,1,17,43.125,96800.25,116.43750000000001,48,4,4,0
店舗04,1,18,47.375,106265.75,127.91250000000001,48,4,4,0
店舗04,1,19,40.5,93268.125,109.35000000000001,48,4,4,0
店舗04,1,20,32.625,74917.375,88.0875,105,4,3,1
店舗04,1,21,26.875,62733.25,72.5625,105,4,3,1
店舗04,2,8,23.875,55187.875,64.4625,105,4,3,1
店舗04,2,9,28.375,66613.25,76.61250000000001,105,4,4,0
店舗04,2,10,31.375,73483.875,84.7125,48,3,3,0
店舗04,2,11,38.125,89564.75,102.9375,48,4,4,0
店舗04,2,12,40.125,95419.75,108.3375,48,4,4,0
店舗04,2,13,37.875,89696.5,102.2625,48,4,3,1
店舗04,2,14,31.375,72176.0,84.7125,48,3,3,0
店舗04,2,15,26.25,60013.25,70.875,48,3,3,0
店舗04,2,16,33.125,75566.0,89.4375,48,3,3,0
店舗04,2,17,40.125,92588.625,108.3375,48,4,4,0
店舗04,2,18,45.375,109842.125,122.5125,48,4,4,0
店舗04,2,19,38.375,92595.75,103.61250000000001,48,4,3,1
店舗04,2,20,30.125,71172.875,81.3375,105,4,2,2
店舗04,2,21,27.375,64055.75,73.91250000000001,105,4,3,1
店舗04,3,8,23.5,55737.375,63.45,105,4,2,2
店舗04,3,9,25.125,59028.875,67.8375,105,4,3,1
店舗04,3,10,32.625,76492.75,88.0875,48,3,3,0
店舗04,3,11,36.75,87526.375,99.22500000000001,48,3,3,0
店舗04,3,12,41.75,97066.375,112.72500000000001,48,4,4,0
店舗04,3,13,39.75,96065.125,107.325,48,4,4,0
店舗04,3,14,30.375,71637.125,82.0125,48,3,3,0
店舗04,3,15,30.0,69055.75,81.0,48,3,3,0
店舗04,3,16,32.375,76236.125,87.41250000000001,48,3,3,0
店舗04,3,17,41.125,98042.375,111.03750000000001,48,4,4,0
店舗04,3,18,46.0,105611.125,124.2,48,4,4,0
店舗04,3,19,43.375,106059.125,117.11250000000001,48,4,3,1
店舗04,3,20,30.5,72039.875,82.35000000000001,105,4,3,1
店舗04,3,21,24.625,56011.875,66.48750000000001,105,4,3,1
店舗04,4,8,24.5,59019.875,66.15,105,4,3,1
店舗04,4,9,24.75,56663.875,66.825,105,4,3,1
店舗04,4,10,31.5,73852.75,85.05000000000001,48,3,3,0
店舗04,4,11,39.875,93960.375,107.66250000000001,48,4,4,0
店舗04,4,12,42.25,99609.375,114.075,48,4,4,0
店舗04,4,13,37.125,87179.75,100.23750000000001,48,3,3,0
店舗04,4,14,30.5,71487.875,82.35000000000001,48,3,3,0
店舗04,4,15,28.875,68517.0,77.9625,48,3,3,0
店舗04,4,16,34.75,79370.875,93.825,48,3,3,0
店舗04,4,17,41.75,95053.75,112.72500000000001,48,4,4,0
店舗04,4,18,46.125,111211.375,124.53750000000001,48,4,4,0
店舗04,4,19,41.25,92937.625,111.37500000000001,48,4,4,0
店舗04,4,20,31.625,74877.625,85.3875,105,4,3,1
店舗04,4,21,25.375,58329.75,68.5125,105,4,3,1
店舗04,5,8,29.5,70105.125,79.65,105,4,3,1
店舗04,5,9,31.625,73682.25,85.3875,105,4,3,1
店舗04,5,10,39.5,95976.625,106.65,48,4,3,1
店舗04,5,11,46.875,111148.625,126.56250000000001,48,4,4,0
店舗04,5,12,50.25,119667.25,135.675,48,4,4,0
店舗04,5,13,47.25,109767.625,127.575,48,4,4,0
店舗04,5,14,38.75,90918.5,104.625,48,4,3,1
店舗04,5,15,36.0,85803.0,97.2,48,3,4,-1
店舗04,5,16,38.375,91537.625,103.61250000000001,48,4,4,0
店舗04,5,17,50.125,117999.375,135.3375,48,4,4,0
店舗04,5,18,56.625,133803.25,152.88750000000002,48,5,4,1
店舗04,5,19,51.125,116803.625,138.03750000000002,48,4,4,0
店舗04,5,20,39.5,86213.5,106.65,105,5,4,1
店舗04,5,21,33.25,74582.125,89.775,105,4,3,1
店舗04,6,8,29.625,71215.375,79.98750000000001,105,4,3,1
店舗04,6,9,32.5,77675.0,87.75,105,4,3,1
店舗04,6,10,39.75,94707.625,107.325,48,4,4,0
店舗04,6,11,46.875,114402.875,126.56250000000001,48,4,4,0
店舗04,6,12,50.25,119517.375,135.675,48,4,4,0
店舗04,6,13,46.125,109961.375,124.53750000000001,48,4,4,0
店舗04,6,14,38.75,91237.625,104.625,48,4,4,0
店舗04,6,15,37.375,86063.875,100.91250000000001,48,3,3,0
店舗04,6,16,40.5,93820.375,109.35000000000001,48,4,4,0
店舗04,6,17,49.875,117478.0,134.66250000000002,48,4,4,0
店舗04,6,18,56.125,128449.5,151.53750000000002,48,4,4,0
店舗04,6,19,49.25,111234.875,132.97500000000002,48,4,4,0
店舗04,6,20,38.75,90912.0,104.625,105,5,4,1
店舗04,6,21,33.375,78449.375,90.11250000000001,105,4,4,0
店舗05,0,8,24.0,55877.375,64.80000000000001,105,4,3,1
店舗05,0,9,28.625,68445.625,77.28750000000001,105,4,3,1
店舗05,0,10,35.0,82475.625,94.5,48,3,4,-1
店舗05,0,11,40.25,91405.0,108.67500000000001,48,4,4,0
店舗05,0,12,46.25,109464.25,124.87500000000001,48,4,4,0
店舗05,0,13,39.0,92362.875,105.30000000000001,48,4,4,0
店舗05,0,14,33.875,79498.875,91.4625,48,3,3,0
店舗05,0,15,28.25,68264.875,76.275,48,3,3,0
店舗05,0,16,36.75,87463.375,99.22500000000001,48,3,3,0
店舗05,0,17,45.375,108160.25,122.5125,48,4,4,0
店舗05,0,18,45.75,111140.125,123.525,48,4,4,0
店舗05,0,19,42.625,106132.625,115.0875,48,4,4,0
店舗05,0,20,33.75,80433.5,91.125,105,4,3,1
店舗05,0,21,25.625,59336.125,69.1875,105,4,3,1
店舗05,1,8,25.625,59938.625,69.1875,105,4,3,1
店舗05,1,9,27.625,63948.125,74.5875,105,4,3,1
店舗05,1,10,35.125,82452.25,94.8375,48,3,3,0
店舗05,1,11,39.75,95333.75,107.325,48,4,4,0
店舗05,1,12,44.25,98543.5,119.47500000000001,48,4,4,0
店舗05,1,13,40.625,92612.25,109.68750000000001,48,4,4,0
店舗05,1,14,32.75,72985.5,88.42500000000001,48,3,3,0
店舗05,1,15,29.375,68374.75,79.3125,48,3,3,0
店舗05,1,16,34.75,80776.25,93.825,48,3,4,-1
店舗05,1,17,40.125,93294.5,108.3375,48,4,4,0
店舗05,1,18,48.75,108951.0,131.625,48,4,4,0
店舗05,1,19,41.875,100181.5,113.06250000000001,48,4,4,0
店舗05,1,20,31.25,73349.625,84.375,105,4,3,1
店舗05,1,21,25.5,61518.0,68.85000000000001,105,4,3,1
店舗05,2,8,24.125,55401.875,65.1375,105,4,3,1
店舗05,2,9,28.875,67242.375,77.9625,105,4,3,1
店舗05,2,10,32.125,72963.75,86.73750000000001,48,3,3,0
店舗05,2,11,40.0,95184.5,108.0,48,4,4,0
店舗05,2,12,42.375,104519.5,114.41250000000001,48,4,4,0
店舗05,2,13,40.0,92511.75,108.0,48,4,4,0
店舗05,2,14,32.25,74521.25,87.075,48,3,3,0
店舗05,2,15,30.5,70784.375,82.35000000000001,48,3,3,0
店舗05,2,16,32.125,75406.0,86.73750000000001,48,3,3,0
店舗05,2,17,43.875,100785.125,118.4625,48,4,4,0
店舗05,2,18,47.25,114944.25,127.575,48,4,4,0
店舗05,2,19,43.375,104180.0,117.11250000000001,48,4,4,0
店舗05,2,20,34.875,83069.375,94.16250000000001,105,4,3,1
店舗05,2,21,28.5,68132.25,76.95,105,4,3,1
店舗05,3,8,23.625,54862.0,63.7875,105,4,3,1
店舗05,3,9,28.25,67048.25,76.275,105,4,3,1
店舗05,3,10,32.25,72540.75,87.075,48,3,3,0
店舗05,3,11,41.5,104267.625,112.05000000000001,48,4,4,0
店舗05,3,12,42.75,103508.5,115.42500000000001,48,4,4,0
店舗05,3,13,42.75,99388.0,115.42500000000001,48,4,4,0
店舗05,3,14,29.875,69714.0,80.66250000000001,48,3,3,0
店舗05,3,15,28.875,68450.125,77.9625,48,3,3,0
店舗05,3,16,32.125,77029.25,86.73750000000001,48,3,4,-1
店舗05,3,17,41.375,92499.375,111.7125,48,4,4,0
店舗05,3,18,49.5,117659.375,133.65,48,4,4,0
店舗05,3,19,42.625,97317.125,115.0875,48,4,4,0
店舗05,3,20,35.125,84069.5,94.8375,105,4,3,1
店舗05,3,21,28.5,66564.5,76.95,105,4,3,1
店舗05,4,8,24.75,59238.125,66.825,105,4,3,1
店舗05,4,9,25.5,63083.5,68.85000000000001,105,4,4,0
店舗05,4,10,33.25,77009.75,89.775,48,3,3,0
店舗05,4,11,39.625,93495.375,106.98750000000001,48,4,3,1
店舗05,4,12,42.875,98645.0,115.7625,48,4,4,0
店舗05,4,13,39.375,88121.75,106.3125,48,4,4,0
店舗05,4,14,36.75,87211.625,99.22500000000001,48,3,3,0
店舗05,4,15,27.0,61023.5,72.9,48,3,3,0
店舗05,4,16,34.5,83298.25,93.15,48,3,3,0
店舗05,4,17,42.25,95389.625,114.075,48,4,4,0
店舗05,4,18,48.125,108212.25,129.9375,48,4,4,0
店舗05,4,19,44.0,102554.375,118.80000000000001,48,4,4,0
店舗05,4,20,32.5,79153.25,87.75,105,4,3,1
店舗05,4,21,23.375,54128.375,63.112500000000004,105,4,3,1
店舗05,5,8,30.125,70825.375,81.3375,105,4,3,1
店舗05,5,9,34.625,81077.25,93.48750000000001,105,4,3,1
店舗05,5,10,40.875,97467.5,110.36250000000001,48,4,4,0
店舗05,5,11,47.5,114168.25,128.25,48,4,4,0
店舗05,5,12,55.125,126384.5,148.8375,48,4,4,0
店舗05,5,13,49.625,117107.25,133.9875,48,4,4,0
店舗05,5,14,43.5,99914.875,117.45,48,4,4,0
店舗05,5,15,39.0,90917.5,105.30000000000001,48,4,4,0
店舗05,5,16,42.0,96906.0,113.4,48,4,4,0
店舗05,5,17,51.125,124284.75,138.03750000000002,48,4,4,0
店舗05,5,18,58.625,135856.625,158.28750000000002,48,5,4,1
店舗05,5,19,52.875,120911.25,142.76250000000002,48,4,4,0
店舗05,5,20,39.625,93376.125,106.98750000000001,105,5,4,1
店舗05,5,21,33.75,77465.125,91.125,105,4,3,1
店舗05,6,8,29.25,68547.5,78.97500000000001,105,4,3,1
店舗05,6,9,32.25,74569.25,87.075,105,4,3,1
店舗05,6,10,40.625,95812.375,109.68750000000001,48,4,4,0
店舗05,6,11,49.125,112341.875,132.63750000000002,48,4,4,0
店舗05,6,12,53.0,120745.875,143.10000000000002,48,4,4,0
店舗05,6,13,50.625,124284.25,136.6875,48,4,4,0
店舗05,6,14,43.75,99711.75,118.12500000000001,48,4,4,0
店舗05,6,15,39.5,90244.375,106.65,48,4,4,0
店舗05,6,16,39.625,93220.25,106.98750000000001,48,4,4,0
店舗05,6,17,52.625,120956.625,142.0875,48,4,4,0
店舗05,6,18,60.125,137909.25,162.3375,48,5,4,1
店舗05,6,19,52.0,128452.875,140.4,48,4,4,0
店舗05,6,20,42.125,95263.625,113.73750000000001,105,5,4,1
店舗05,6,21,32.75,75662.875,88.42500000000001,105,4,3,1
店舗06,0,8,25.5,61533.5,68.85000000000001,105,4,3,1
店舗06,0,9,28.875,63319.5,77.9625,105,4,3,1
店舗06,0,10,34.875,81686.375,94.16250000000001,48,3,4,-1
店舗06,0,11,44.125,98867.25,119.1375,48,4,4,0
店舗06,0,12,46.375,106886.375,125.2125,48,4,4,0
店舗06,0,13,43.125,103574.125,116.43750000000001,48,4,4,0
店舗06,0,14,33.25,76791.5,89.775,48,3,3,0
店舗06,0,15,32.25,77743.75,87.075,48,3,3,0
店舗06,0,16,34.875,82294.625,94.16250000000001,48,3,3,0
店舗06,0,17,44.5,100798.5,120.15,48,4,4,0
店舗06,0,18,50.25,118875.25,135.675,48,4,4,0
店舗06,0,19,46.125,114016.5,124.53750000000001,48,4,4,0
店舗06,0,20,35.875,84075.5,96.86250000000001,105,5,3,2
店舗06,0,21,27.125,63105.125,73.23750000000001,105,4,2,2
店舗06,1,8,25.375,60275.25,68.5125,105,4,3,1
店舗06,1,9,30.0,71594.75,81.0,105,4,2,2
店舗06,1,10,39.0,92385.625,105.30000000000001,48,4,3,1
店舗06,1,11,41.5,93282.375,112.05000000000001,48,4,4,0
店舗06,1,12,46.625,108305.375,125.8875,48,4,4,0
店舗06,1,13,41.625,95027.125,112.3875,48,4,4,0
店舗06,1,14,33.75,80159.375,91.125,48,3,3,0
店舗06,1,15,32.625,77019.5,88.0875,48,3,3,0
店舗06,1,16,35.875,84830.875,96.86250000000001,48,3,3,0
店舗06,1,17,46.5,108354.75,125.55000000000001,48,4,4,0
店舗06,1,18,48.5,112081.875,130.95000000000002,48,4,4,0
店舗06,1,19,45.75,107971.25,123.525,48,4,4,0
店舗06,1,20,34.5,81202.625,93.15,105,4,3,1
店舗06,1,21,26.375,62038.25,71.2125,105,4,3,1
店舗06,2,8,25.5,59693.5,68.85000000000001,105,4,3,1
店舗06,2,9,28.5,66614.5,76.95,105,4,2,2
店舗06,2,10,36.0,88088.25,97.2,48,3,3,0
店舗06,2,11,41.75,103161.875,112.72500000000001,48,4,4,0
店舗06,2,12,44.625,103402.875,120.48750000000001,48,4,4,0
店舗06,2,13,42.25,101313.0,114.075,48,4,4,0
店舗06,2,14,34.5,82039.75,93.15,48,3,2,1
店舗06,2,15,31.375,71517.25,84.7125,48,3,3,0
店舗06,2,16,37.25,88021.125,100.575,48,3,3,0
店舗06,2,17,45.5,107495.375,122.85000000000001,48,4,4,0
店舗06,2,18,53.0,127318.375,143.10000000000002,48,4,4,0
店舗06,2,19,43.875,100232.375,118.4625,48,4,4,0
店舗06,2,20,34.375,82017.375,92.8125,105,4,4,0
店舗06,2,21,27.375,61822.625,73.91250000000001,105,4,3,1
店舗06,3,8,24.375,56415.75,65.8125,105,4,3,1
店舗06,3,9,27.625,63330.625,74.5875,105,4,3,1
店舗06,3,10,35.5,79776.625,95.85000000000001,48,3,4,-1
店舗06,3,11,40.125,96312.75,108.3375,48,4,4,0
店舗06,3,12,45.0,110766.125,121.50000000000001,48,4,4,0
店舗06,3,13,42.5,97007.0,114.75000000000001,48,4,4,0
店舗06,3,14,34.375,83659.5,92.8125,48,3,3,0
店舗06,3,15,32.75,75720.875,88.42500000000001,48,3,3,0
店舗06,3,16,36.75,87249.5,99.22500000000001,48,3,4,-1
店舗06,3,17,48.125,113675.625,129.9375,48,4,4,0
店舗06,3,18,51.375,116683.875,138.7125,48,4,4,0
店舗06,3,19,44.25,99374.375,119.47500000000001,48,4,4,0
店舗06,3,20,35.0,82534.5,94.5,105,4,3,1
店舗06,3,21,28.25,64538.25,76.275,105,4,3,1
店舗06,4,8,26.5,59224.0,71.55000000000001,105,4,3,1
店舗06,4,9,31.625,73946.5,85.3875,105,4,3,1
店舗06,4,10,34.75,80673.375,93.825,48,3,3,0
店舗06,4,11,41.5,99262.5,112.05000000000001,48,4,4,0
店舗06,4,12,47.125,111629.0,127.23750000000001,48,4,4,0
店舗06,4,13,39.875,94179.125,107.66250000000001,48,4,4,0
店舗06,4,14,35.75,84026.125,96.525,48,3,4,-1
店舗06,4,15,29.125,70767.875,78.6375,48,3,3,0
店舗06,4,16,36.375,85991.0,98.2125,48,3,3,0
店舗06,4,17,46.0,105835.5,124.2,48,4,4,0
店舗06,4,18,52.375,124190.5,141.41250000000002,48,4,4,0
店舗06,4,19,42.125,98716.625,113.73750000000001,48,4,4,0
店舗06,4,20,34.75,78261.875,93.825,105,4,4,0
店舗06,4,21,26.75,61416.0,72.22500000000001,105,4,3,1
店舗06,5,8,30.875,72086.75,83.36250000000001,105,4,3,1
店舗06,5,9,35.875,83450.375,96.86250000000001,105,5,3,2
店舗06,5,10,43.5,102044.875,117.45,48,4,4,0
店舗06,5,11,52.25,117051.25,141.07500000000002,48,4,4,0
店舗06,5,12,55.75,127942.375,150.525,48,4,4,0
店舗06,5,13,49.5,115791.25,133.65,48,4,4,0
店舗06,5,14,42.75,101004.375,115.42500000000001,48,4,4,0
店舗06,5,15,38.875,93875.875,104.9625,48,4,4,0
店舗06,5,16,44.125,97413.75,119.1375,48,4,4,0
店舗06,5,17,53.875,132660.5,145.4625,48,4,4,0
店舗06,5,18,62.0,135873.75,167.4,48,5,4,1
店舗06,5,19,54.75,133482.75,147.82500000000002,48,4,4,0
店舗06,5,20,45.375,104080.5,122.5125,105,5,4,1
店舗06,5,21,36.0,85465.125,97.2,105,5,4,1
店舗06,6,8,31.25,75244.5,84.375,105,4,2,2
店舗06,6,9,36.875,85538.125,99.5625,105,5,3,2
店舗06,6,10,41.75,97307.75,112.72500000000001,48,4,3,1
店舗06,6,11,51.5,123168.375,139.05,48,4,4,0
店舗06,6,12,54.75,127185.375,147.82500000000002,48,4,4,0
店舗06,6,13,52.75,123514.625,142.425,48,4,4,0
店舗06,6,14,41.125,95717.875,111.03750000000001,48,4,4,0
店舗06,6,15,38.125,92778.625,102.9375,48,4,4,0
店舗06,6,16,45.25,111149.0,122.17500000000001,48,4,4,0
店舗06,6,17,53.125,128773.0,143.4375,48,4,4,0
店舗06,6,18,64.125,146577.5,173.13750000000002,48,5,4,1
店舗06,6,19,55.75,133785.75,150.525,48,4,4,0
店舗06,6,20,43.125,96220.125,116.43750000000001,105,5,4,1
店舗06,6,21,36.5,82618.75,98.55000000000001,105,5,4,1
店舗07,0,8,26.25,60316.75,70.875,105,4,3,1
店舗07,0,9,31.125,74210.0,84.03750000000001,105,4,3,1
店舗07,0,10,35.5,83138.375,95.85000000000001,48,3,4,-1
店舗07,0,11,44.25,98142.25,119.47500000000001,48,4,4,0
店舗07,0,12,46.625,106133.375,125.8875,48,4,4,0
店舗07,0,13,44.5,101752.625,120.15,48,4,4,0
店舗07,0,14,35.0,80518.75,94.5,48,3,3,0
店舗07,0,15,30.625,70531.5,82.6875,48,3,3,0
店舗07,0,16,38.625,87443.25,104.28750000000001,48,4,4,0
店舗07,0,17,47.875,114097.875,129.26250000000002,48,4,4,0
店舗07,0,18,52.625,125832.625,142.0875,48,4,4,0
店舗07,0,19,49.0,118181.75,132.3,48,4,4,0
店舗07,0,20,35.25,83853.625,95.17500000000001,105,5,3,2
店舗07,0,21,30.5,73144.25,82.35000000000001,105,4,3,1
店舗07,1,8,26.125,59498.875,70.53750000000001,105,4,3,1
店舗07,1,9,32.25,76050.25,87.075,105,4,3,1
店舗07,1,10,37.125,82647.75,100.23750000000001,48,3,4,-1
店舗07,1,11,46.125,107279.875,124.53750000000001,48,4,4,0
店舗07,1,12,47.0,111985.25,126.9,48,4,4,0
店舗07,1,13,43.875,102619.0,118.4625,48,4,4,0
店舗07,1,14,36.625,86561.5,98.8875,48,3,3,0
店舗07,1,15,30.5,70401.75,82.35000000000001,48,3,3,0
店舗07,1,16,37.5,84991.625,101.25,48,3,4,-1
店舗07,1,17,47.125,109155.625,127.23750000000001,48,4,4,0
店舗07,1,18,53.625,119487.125,144.78750000000002,48,4,4,0
店舗07,1,19,48.25,110123.75,130.275,48,4,4,0
店舗07,1,20,35.875,80741.875,96.86250000000001,105,5,3,2
店舗07,1,21,28.5,67874.25,76.95,105,4,3,1
店舗07,2,8,28.375,69694.0,76.61250000000001,105,4,3,1
店舗07,2,9,30.75,70014.625,83.025,105,4,3,1
店舗07,2,10,35.625,83978.375,96.1875,48,3,4,-1
店舗07,2,11,45.625,107514.375,123.18750000000001,48,4,4,0
店舗07,2,12,49.25,114650.25,132.97500000000002,48,4,4,0
店舗07,2,13,42.875,102180.625,115.7625,48,4,4,0
店舗07,2,14,34.625,81276.125,93.48750000000001,48,3,3,0
店舗07,2,15,32.875,77825.875,88.7625,48,3,3,0
店舗07,2,16,36.375,88966.625,98.2125,48,3,4,-1
店舗07,2,17,49.375,118301.875,133.3125,48,4,4,0
店舗07,2,18,53.75,125787.75,145.125,48,4,4,0
店舗07,2,19,45.25,112403.25,122.17500000000001,48,4,4,0
店舗07,2,20,38.125,89668.25,102.9375,105,5,3,2
店舗07,2,21,32.5,74987.0,87.75,105,4,3,1
店舗07,3,8,26.875,64599.375,72.5625,105,4,4,0
店舗07,3,9,29.375,70032.375,79.3125,105,4,3,1
店舗07,3,10,34.375,82709.875,92.8125,48,3,4,-1
店舗07,3,11,41.25,99197.125,111.37500000000001,48,4,4,0
店舗07,3,12,49.25,120906.375,132.97500000000002,48,4,4,0
店舗07,3,13,42.0,97924.375,113.4,48,4,4,0
店舗07,3,14,38.0,94477.5,102.60000000000001,48,4,3,1
店舗07,3,15,34.375,80798.0,92.8125,48,3,3,0
店舗07,3,16,36.125,84332.125,97.53750000000001,48,3,3,0
店舗07,3,17,47.0,112012.125,126.9,48,4,4,0
店舗07,3,18,50.75,120546.125,137.025,48,4,4,0
店舗07,3,19,49.25,114804.0,132.97500000000002,48,4,4,0
店舗07,3,20,38.125,89686.375,102.9375,105,5,4,1
店舗07,3,21,28.5,66719.25,76.95,105,4,3,1
店舗07,4,8,26.125,63757.625,70.53750000000001,105,4,3,1
店舗07,4,9,29.625,70699.875,79.98750000000001,105,4,3,1
店舗07,4,10,35.375,83353.125,95.5125,48,3,3,0
店舗07,4,11,42.75,103409.875,115.42500000000001,48,4,4,0
店舗07,4,12,48.0,107305.25,129.60000000000002,48,4,4,0
店舗07,4,13,43.5,104420.75,117.45,48,4,4,0
店舗07,4,14,38.125,92264.375,102.9375,48,4,4,0
店舗07,4,15,32.25,77567.75,87.075,48,3,3,0
店舗07,4,16,36.875,86773.0,99.5625,48,3,3,0
店舗07,4,17,47.25,106940.75,127.575,48,4,4,0
店舗07,4,18,56.125,134509.75,151.53750000000002,48,4,4,0
店舗07,4,19,45.625,108021.0,123.18750000000001,48,4,4,0
店舗07,4,20,36.25,86291.625,97.875,105,5,4,1
店舗07,4,21,31.0,72996.75,83.7,105,4,3,1
店舗07,5,8,33.25,77484.25,89.775,105,4,3,1
店舗07,5,9,36.375,85761.125,98.2125,105,5,4,1
店舗07,5,10,44.875,103355.125,121.16250000000001,48,4,4,0
店舗07,5,11,55.5,129225.625,149.85000000000002,48,4,4,0
店舗07,5,12,58.625,125925.875,158.28750000000002,48,5,4,1
店舗07,5,13,54.375,131968.875,146.8125,48,4,4,0
店舗07,5,14,45.375,105764.5,122.5125,48,4,4,0
店舗07,5,15,45.25,105088.75,122.17500000000001,48,4,4,0
店舗07,5,16,43.625,102418.875,117.78750000000001,48,4,4,0
店舗07,5,17,57.5,137236.5,155.25,48,5,4,1
店舗07,5,18,63.25,138669.375,170.775,48,5,4,1
店舗07,5,19,56.25,127923.75,151.875,48,4,4,0
店舗07,5,20,46.0,106020.0,124.2,105,5,4,1
店舗07,5,21,35.375,85333.375,95.5125,105,5,3,2
店舗07,6,8,35.5,81536.125,95.85000000000001,105,5,3,2
店舗07,6,9,38.0,85846.75,102.60000000000001,105,5,4,1
店舗07,6,10,43.25,102070.125,116.775,48,4,4,0
店舗07,6,11,51.375,122181.0,138.7125,48,4,4,0
店舗07,6,12,58.625,135945.75,158.28750000000002,48,5,4,1
店舗07,6,13,53.25,120118.25,143.775,48,4,4,0
店舗07,6,14,47.875,113323.25,129.26250000000002,48,4,4,0
店舗07,6,15,39.5,93765.5,106.65,48,4,4,0
店舗07,6,16,44.75,105714.375,120.825,48,4,4,0
店舗07,6,17,57.5,133413.625,155.25,48,5,4,1
店舗07,6,18,67.125,150465.125,181.2375,48,5,5,0
店舗07,6,19,58.5,136572.75,157.95000000000002,48,5,4,1
店舗07,6,20,45.375,107311.75,122.5125,105,5,4,1
店舗07,6,21,36.0,85031.75,97.2,105,5,4,1
店舗08,0,8,24.125,57444.625,65.1375,105,4,3,1
店舗08,0,9,29.875,70521.875,80.66250000000001,105,4,3,1
店舗08,0,10,39.0,90377.25,105.30000000000001,48,4,4,0
店舗08,0,11,43.25,99895.375,116.775,48,4,4,0
店舗08,0,12,50.625,115578.875,136.6875,48,4,4,0
店舗08,0,13,48.875,113777.875,131.9625,48,4,4,0
店舗08,0,14,38.75,95466.5,104.625,48,4,4,0
店舗08,0,15,34.375,85900.0,92.8125,48,3,3,0
店舗08,0,16,38.375,90999.375,103.61250000000001,48,4,4,0
店舗08,0,17,52.25,122700.5,141.07500000000002,48,4,4,0
店舗08,0,18,55.125,129183.125,148.8375,48,4,4,0
店舗08,0,19,50.625,125260.0,136.6875,48,4,4,0
店舗08,0,20,37.25,88504.5,100.575,105,5,4,1
店舗08,0,21,30.75,72586.125,83.025,105,4,3,1
店舗08,1,8,28.0,66876.625,75.60000000000001,105,4,3,1
店舗08,1,9,33.125,78134.375,89.4375,105,4,3,1
店舗08,1,10,36.625,84096.75,98.8875,48,3,4,-1
店舗08,1,11,45.25,106181.25,122.17500000000001,48,4,4,0
店舗08,1,12,48.25,118051.75,130.275,48,4,4,0
店舗08,1,13,43.0,99973.875,116.10000000000001,48,4,4,0
店舗08,1,14,37.5,86655.5,101.25,48,3,4,-1
店舗08,1,15,34.25,80703.25,92.47500000000001,48,3,4,-1
店舗08,1,16,38.625,95627.25,104.28750000000001,48,4,4,0
店舗08,1,17,49.625,115333.125,133.9875,48,4,4,0
店舗08,1,18,56.25,133975.375,151.875,48,4,4,0
店舗08,1,19,49.625,113952.375,133.9875,48,4,4,0
店舗08,1,20,36.625,87404.125,98.8875,105,5,4,1
店舗08,1,21,31.5,77662.375,85.05000000000001,105,4,3,1
店舗08,2,8,27.875,66022.875,75.2625,105,4,3,1
店舗08,2,9,30.375,72876.25,82.0125,105,4,3,1
店舗08,2,10,37.375,83638.75,100.91250000000001,48,3,4,-1
店舗08,2,11,44.375,104938.625,119.81250000000001,48,4,4,0
店舗08,2,12,51.0,113740.75,137.70000000000002,48,4,4,0
店舗08,2,13,45.875,109112.125,123.86250000000001,48,4,4,0
店舗08,2,14,37.0,86613.0,99.9,48,3,4,-1
店舗08,2,15,36.0,83752.75,97.2,48,3,3,0
店舗08,2,16,39.5,90247.375,106.65,48,4,3,1
店舗08,2,17,50.375,119782.875,136.01250000000002,48,4,3,1
店舗08,2,18,54.875,136118.625,148.16250000000002,48,4,4,0
店舗08,2,19,48.0,110708.5,129.60000000000002,48,4,4,0
店舗08,2,20,40.0,92181.75,108.0,105,5,4,1
店舗08,2,21,31.625,74021.375,85.3875,105,4,3,1
店舗08,3,8,31.375,73132.125,84.7125,105,4,3,1
店舗08,3,9,33.0,77076.25,89.10000000000001,105,4,3,1
店舗08,3,10,36.75,86257.375,99.22500000000001,48,3,4,-1
店舗08,3,11,45.75,105418.125,123.525,48,4,4,0
店舗08,3,12,52.5,119583.75,141.75,48,4,4,0
店舗08,3,13,44.875,111029.0,121.16250000000001,48,4,4,0
店舗08,3,14,36.625,89619.625,98.8875,48,3,4,-1
店舗08,3,15,35.25,86086.125,95.17500000000001,48,3,3,0
店舗08,3,16,38.375,90124.375,103.61250000000001,48,4,3,1
店舗08,3,17,50.0,113068.25,135.0,48,4,4,0
店舗08,3,18,56.25,133239.625,151.875,48,4,4,0
店舗08,3,19,49.75,112135.375,134.32500000000002,48,4,4,0
店舗08,3,20,39.625,96466.875,106.98750000000001,105,5,3,2
店舗08,3,21,30.0,69216.5,81.0,105,4,3,1
店舗08,4,8,28.0,65236.875,75.60000000000001,105,4,3,1
店舗08,4,9,33.625,82149.875,90.78750000000001,105,4,3,1
店舗08,4,10,36.875,90190.125,99.5625,48,3,4,-1
店舗08,4,11,46.75,106985.125,126.22500000000001,48,4,4,0
店舗08,4,12,51.125,121384.75,138.03750000000002,48,4,4,0
店舗08,4,13,47.0,111187.75,126.9,48,4,4,0
店舗08,4,14,38.0,86791.25,102.60000000000001,48,4,4,0
店舗08,4,15,33.125,77894.0,89.4375,48,3,3,0
店舗08,4,16,38.75,91871.625,104.625,48,4,4,0
店舗08,4,17,50.5,115031.375,136.35000000000002,48,4,4,0
店舗08,4,18,55.25,130283.625,149.175,48,4,4,0
店舗08,4,19,50.875,125012.625,137.3625,48,4,4,0
店舗08,4,20,40.625,93375.625,109.68750000000001,105,5,4,1
店舗08,4,21,30.875,69924.5,83.36250000000001,105,4,3,1
店舗08,5,8,31.625,76827.875,85.3875,105,4,3,1
店舗08,5,9,37.875,85633.75,102.2625,105,5,4,1
店舗08,5,10,46.375,110083.0,125.2125,48,4,4,0
店舗08,5,11,55.5,126916.25,149.85000000000002,48,4,4,0
店舗08,5,12,61.375,146016.0,165.7125,48,5,5,0
店舗08,5,13,57.25,140066.25,154.57500000000002,48,5,4,1
店舗08,5,14,46.125,108402.625,124.53750000000001,48,4,4,0
店舗08,5,15,41.375,96622.125,111.7125,48,4,4,0
店舗08,5,16,48.0,113518.0,129.60000000000002,48,4,4,0
店舗08,5,17,63.375,146895.25,171.1125,48,5,4,1
店舗08,5,18,68.875,159698.375,185.9625,48,5,5,0
店舗08,5,19,59.875,139728.25,161.66250000000002,48,5,4,1
店舗08,5,20,47.0,109763.5,126.9,105,5,4,1
店舗08,5,21,37.625,89680.0,101.5875,105,5,4,1
店舗08,6,8,35.5,79386.125,95.85000000000001,105,5,3,2
店舗08,6,9,37.375,87915.0,100.91250000000001,105,5,3,2
店舗08,6,10,44.125,104952.25,119.1375,48,4,4,0
店舗08,6,11,59.0,140335.375,159.3,48,5,4,1
店舗08,6,12,60.625,146026.125,163.6875,48,5,4,1
店舗08,6,13,56.0,128101.625,151.20000000000002,48,4,4,0
店舗08,6,14,46.0,104964.0,124.2,48,4,4,0
店舗08,6,15,42.875,99115.875,115.7625,48,4,4,0
店舗08,6,16,47.5,109073.875,128.25,48,4,4,0
店舗08,6,17,62.75,146361.0,169.425,48,5,4,1
店舗08,6,18,68.0,156473.625,183.60000000000002,48,5,5,0
店舗08,6,19,58.625,144620.125,158.28750000000002,48,5,4,1
店舗08,6,20,47.5,115301.5,128.25,105,5,4,1
店舗08,6,21,40.875,93439.125,110.36250000000001,105,5,4,1
